touch_id,campaign_id,client_id,touch_date,touch_type
TCH0000001,CMP0001,CL00349,2024-12-21,lead
TCH0000002,CMP0001,CL00318,2024-10-22,impression
TCH0000003,CMP0001,CL00463,2024-10-18,impression
TCH0000004,CMP0001,CL00434,2024-10-12,impression
TCH0000005,CMP0001,CL00072,2024-11-21,impression
TCH0000006,CMP0001,CL00485,2024-10-01,click
TCH0000007,CMP0001,CL00043,2024-11-22,click
TCH0000008,CMP0001,CL00147,2024-10-27,lead
TCH0000009,CMP0001,CL00489,2024-11-27,click
TCH0000010,CMP0001,CL00305,2024-10-18,lead
TCH0000011,CMP0001,CL00313,2024-08-30,conversion
TCH0000012,CMP0001,CL00151,2024-10-26,impression
TCH0000013,CMP0001,CL00249,2024-11-21,click
TCH0000014,CMP0001,CL00336,2024-10-25,click
TCH0000015,CMP0001,CL00142,2024-08-30,impression
TCH0000016,CMP0001,CL00219,2024-10-11,impression
TCH0000017,CMP0001,CL00193,2024-12-02,click
TCH0000018,CMP0001,CL00469,2024-10-14,click
TCH0000019,CMP0001,CL00478,2024-08-31,click
TCH0000020,CMP0001,CL00315,2024-09-11,lead
TCH0000021,CMP0001,CL00052,2024-10-18,lead
TCH0000022,CMP0001,CL00049,2024-09-07,lead
TCH0000023,CMP0001,CL00015,2024-12-15,click
TCH0000024,CMP0001,CL00115,2024-09-10,click
TCH0000025,CMP0001,CL00023,2024-10-18,impression
TCH0000026,CMP0001,CL00071,2024-11-03,lead
TCH0000027,CMP0001,CL00185,2024-09-18,click
TCH0000028,CMP0001,CL00464,2024-09-24,click
TCH0000029,CMP0001,CL00001,2024-12-11,lead
TCH0000030,CMP0001,CL00391,2024-11-19,impression
TCH0000031,CMP0001,CL00139,2024-09-07,click
TCH0000032,CMP0001,CL00035,2024-10-07,click
TCH0000033,CMP0001,CL00426,2024-10-10,lead
TCH0000034,CMP0001,CL00098,2024-10-25,conversion
TCH0000035,CMP0001,CL00174,2024-10-09,impression
TCH0000036,CMP0001,CL00428,2024-11-25,conversion
TCH0000037,CMP0001,CL00230,2024-10-31,click
TCH0000038,CMP0001,CL00060,2024-09-12,lead
TCH0000039,CMP0001,CL00450,2024-09-15,lead
TCH0000040,CMP0001,CL00385,2024-10-14,impression
TCH0000041,CMP0001,CL00103,2024-11-25,click
TCH0000042,CMP0001,CL00146,2024-11-08,impression
TCH0000043,CMP0001,CL00149,2024-09-09,impression
TCH0000044,CMP0001,CL00200,2024-11-07,impression
TCH0000045,CMP0001,CL00177,2024-10-19,lead
TCH0000046,CMP0001,CL00032,2024-10-29,impression
TCH0000047,CMP0001,CL00041,2024-12-08,impression
TCH0000048,CMP0001,CL00097,2024-11-03,click
TCH0000049,CMP0001,CL00112,2024-10-13,impression
TCH0000050,CMP0001,CL00073,2024-11-05,impression
TCH0000051,CMP0001,CL00040,2024-10-29,click
TCH0000052,CMP0001,CL00092,2024-10-30,lead
TCH0000053,CMP0001,CL00412,2024-08-30,impression
TCH0000054,CMP0001,CL00255,2024-11-11,impression
TCH0000055,CMP0001,CL00163,2024-12-05,click
TCH0000056,CMP0001,CL00367,2024-12-03,impression
TCH0000057,CMP0001,CL00268,2024-12-13,impression
TCH0000058,CMP0001,CL00093,2024-10-14,impression
TCH0000059,CMP0001,CL00007,2024-11-13,click
TCH0000060,CMP0001,CL00221,2024-11-15,click
TCH0000061,CMP0001,CL00058,2024-11-27,impression
TCH0000062,CMP0001,CL00317,2024-10-18,click
TCH0000063,CMP0001,CL00096,2024-12-14,impression
TCH0000064,CMP0001,CL00337,2024-09-29,impression
TCH0000065,CMP0001,CL00297,2024-10-09,impression
TCH0000066,CMP0001,CL00289,2024-10-15,click
TCH0000067,CMP0001,CL00462,2024-09-29,impression
TCH0000068,CMP0001,CL00159,2024-11-16,impression
TCH0000069,CMP0001,CL00496,2024-10-27,click
TCH0000070,CMP0001,CL00005,2024-11-16,click
TCH0000071,CMP0001,CL00026,2024-09-07,lead
TCH0000072,CMP0001,CL00180,2024-11-08,conversion
TCH0000073,CMP0001,CL00133,2024-10-22,click
TCH0000074,CMP0001,CL00211,2024-12-15,conversion
TCH0000075,CMP0001,CL00083,2024-09-28,click
TCH0000076,CMP0001,CL00299,2024-10-01,click
TCH0000077,CMP0001,CL00105,2024-12-22,impression
TCH0000078,CMP0001,CL00209,2024-09-09,click
TCH0000079,CMP0001,CL00420,2024-10-26,click
TCH0000080,CMP0001,CL00284,2024-10-23,impression
TCH0000081,CMP0001,CL00116,2024-11-06,lead
TCH0000082,CMP0001,CL00298,2024-12-20,impression
TCH0000083,CMP0001,CL00446,2024-08-27,click
TCH0000084,CMP0001,CL00278,2024-09-08,lead
TCH0000085,CMP0001,CL00295,2024-11-28,conversion
TCH0000086,CMP0001,CL00467,2024-10-13,impression
TCH0000087,CMP0001,CL00449,2024-10-31,click
TCH0000088,CMP0001,CL00288,2024-08-26,impression
TCH0000089,CMP0001,CL00095,2024-09-27,lead
TCH0000090,CMP0001,CL00376,2024-09-30,click
TCH0000091,CMP0001,CL00406,2024-10-02,impression
TCH0000092,CMP0001,CL00024,2024-11-15,impression
TCH0000093,CMP0001,CL00086,2024-11-19,click
TCH0000094,CMP0001,CL00393,2024-08-28,impression
TCH0000095,CMP0001,CL00010,2024-10-03,impression
TCH0000096,CMP0001,CL00028,2024-11-13,conversion
TCH0000097,CMP0001,CL00168,2024-11-28,click
TCH0000098,CMP0001,CL00444,2024-10-21,click
TCH0000099,CMP0001,CL00437,2024-12-10,click
TCH0000100,CMP0001,CL00128,2024-10-04,lead
TCH0000101,CMP0001,CL00216,2024-10-13,lead
TCH0000102,CMP0001,CL00345,2024-12-03,impression
TCH0000103,CMP0001,CL00484,2024-11-19,impression
TCH0000104,CMP0001,CL00369,2024-10-28,impression
TCH0000105,CMP0001,CL00079,2024-11-15,lead
TCH0000106,CMP0001,CL00099,2024-12-09,impression
TCH0000107,CMP0001,CL00440,2024-12-19,impression
TCH0000108,CMP0001,CL00223,2024-08-28,conversion
TCH0000109,CMP0001,CL00419,2024-11-08,lead
TCH0000110,CMP0001,CL00188,2024-11-01,impression
TCH0000111,CMP0001,CL00141,2024-11-04,lead
TCH0000112,CMP0001,CL00025,2024-11-23,lead
TCH0000113,CMP0001,CL00217,2024-10-01,impression
TCH0000114,CMP0001,CL00034,2024-10-13,click
TCH0000115,CMP0001,CL00260,2024-09-22,click
TCH0000116,CMP0001,CL00439,2024-12-17,impression
TCH0000117,CMP0001,CL00179,2024-09-30,impression
TCH0000118,CMP0001,CL00169,2024-11-27,lead
TCH0000119,CMP0001,CL00321,2024-12-12,click
TCH0000120,CMP0001,CL00194,2024-08-27,click
TCH0000121,CMP0001,CL00307,2024-10-24,impression
TCH0000122,CMP0001,CL00316,2024-12-13,lead
TCH0000123,CMP0001,CL00495,2024-10-26,lead
TCH0000124,CMP0001,CL00266,2024-09-11,lead
TCH0000125,CMP0001,CL00292,2024-12-01,conversion
TCH0000126,CMP0001,CL00441,2024-11-14,impression
TCH0000127,CMP0001,CL00212,2024-11-19,click
TCH0000128,CMP0001,CL00364,2024-11-18,click
TCH0000129,CMP0001,CL00152,2024-08-25,conversion
TCH0000130,CMP0001,CL00232,2024-11-15,click
TCH0000131,CMP0001,CL00246,2024-09-04,click
TCH0000132,CMP0001,CL00473,2024-08-30,click
TCH0000133,CMP0001,CL00207,2024-11-12,impression
TCH0000134,CMP0001,CL00476,2024-11-02,impression
TCH0000135,CMP0001,CL00046,2024-12-10,impression
TCH0000136,CMP0001,CL00483,2024-09-17,impression
TCH0000137,CMP0001,CL00271,2024-10-02,click
TCH0000138,CMP0001,CL00466,2024-09-08,impression
TCH0000139,CMP0001,CL00358,2024-09-26,impression
TCH0000140,CMP0001,CL00077,2024-11-07,click
TCH0000141,CMP0001,CL00143,2024-09-18,impression
TCH0000142,CMP0001,CL00196,2024-10-02,impression
TCH0000143,CMP0001,CL00008,2024-11-17,impression
TCH0000144,CMP0001,CL00470,2024-09-23,impression
TCH0000145,CMP0001,CL00431,2024-11-06,impression
TCH0000146,CMP0001,CL00016,2024-10-17,impression
TCH0000147,CMP0001,CL00229,2024-10-20,click
TCH0000148,CMP0001,CL00130,2024-09-06,impression
TCH0000149,CMP0001,CL00102,2024-10-15,impression
TCH0000150,CMP0001,CL00248,2024-11-04,click
TCH0000151,CMP0001,CL00356,2024-12-03,click
TCH0000152,CMP0001,CL00250,2024-11-06,impression
TCH0000153,CMP0001,CL00438,2024-12-01,lead
TCH0000154,CMP0001,CL00198,2024-11-13,click
TCH0000155,CMP0001,CL00389,2024-12-19,lead
TCH0000156,CMP0001,CL00111,2024-10-19,impression
TCH0000157,CMP0001,CL00366,2024-11-30,conversion
TCH0000158,CMP0001,CL00187,2024-10-20,click
TCH0000159,CMP0001,CL00361,2024-11-15,lead
TCH0000160,CMP0001,CL00114,2024-10-19,impression
TCH0000161,CMP0001,CL00089,2024-09-20,lead
TCH0000162,CMP0001,CL00157,2024-11-07,conversion
TCH0000163,CMP0001,CL00119,2024-10-11,click
TCH0000164,CMP0001,CL00183,2024-11-12,lead
TCH0000165,CMP0001,CL00378,2024-12-08,click
TCH0000166,CMP0001,CL00120,2024-08-28,click
TCH0000167,CMP0001,CL00365,2024-10-06,click
TCH0000168,CMP0001,CL00088,2024-09-14,lead
TCH0000169,CMP0001,CL00033,2024-11-05,impression
TCH0000170,CMP0001,CL00047,2024-09-06,lead
TCH0000171,CMP0001,CL00184,2024-11-28,impression
TCH0000172,CMP0001,CL00155,2024-11-10,lead
TCH0000173,CMP0001,CL00087,2024-10-27,click
TCH0000174,CMP0001,CL00499,2024-10-13,click
TCH0000175,CMP0001,CL00259,2024-10-29,conversion
TCH0000176,CMP0001,CL00343,2024-10-10,impression
TCH0000177,CMP0001,CL00398,2024-11-30,click
TCH0000178,CMP0001,CL00493,2024-11-27,click
TCH0000179,CMP0001,CL00161,2024-11-27,click
TCH0000180,CMP0001,CL00186,2024-09-22,click
TCH0000181,CMP0001,CL00286,2024-09-03,conversion
TCH0000182,CMP0001,CL00108,2024-11-01,click
TCH0000183,CMP0001,CL00422,2024-11-04,click
TCH0000184,CMP0001,CL00247,2024-10-30,lead
TCH0000185,CMP0001,CL00424,2024-09-15,conversion
TCH0000186,CMP0001,CL00282,2024-09-02,impression
TCH0000187,CMP0001,CL00312,2024-11-30,lead
TCH0000188,CMP0001,CL00377,2024-10-09,click
TCH0000189,CMP0001,CL00233,2024-11-12,impression
TCH0000190,CMP0001,CL00472,2024-12-01,lead
TCH0000191,CMP0001,CL00354,2024-12-11,click
TCH0000192,CMP0001,CL00402,2024-08-25,impression
TCH0000193,CMP0001,CL00408,2024-09-11,click
TCH0000194,CMP0001,CL00166,2024-10-10,click
TCH0000195,CMP0001,CL00048,2024-09-17,click
TCH0000196,CMP0001,CL00017,2024-10-01,click
TCH0000197,CMP0001,CL00329,2024-12-12,impression
TCH0000198,CMP0001,CL00236,2024-12-16,click
TCH0000199,CMP0001,CL00267,2024-12-20,impression
TCH0000200,CMP0001,CL00144,2024-09-04,impression
TCH0000201,CMP0001,CL00227,2024-12-21,click
TCH0000202,CMP0001,CL00475,2024-09-09,impression
TCH0000203,CMP0001,CL00314,2024-10-08,click
TCH0000204,CMP0001,CL00150,2024-08-31,lead
TCH0000205,CMP0001,CL00460,2024-12-01,impression
TCH0000206,CMP0001,CL00481,2024-12-06,lead
TCH0000207,CMP0001,CL00359,2024-09-22,lead
TCH0000208,CMP0001,CL00453,2024-10-11,impression
TCH0000209,CMP0001,CL00208,2024-10-09,impression
TCH0000210,CMP0001,CL00304,2024-10-29,click
TCH0000211,CMP0001,CL00173,2024-10-20,impression
TCH0000212,CMP0001,CL00195,2024-10-10,conversion
TCH0000213,CMP0001,CL00256,2024-12-03,impression
TCH0000214,CMP0001,CL00252,2024-12-22,click
TCH0000215,CMP0001,CL00490,2024-09-10,impression
TCH0000216,CMP0001,CL00004,2024-08-26,lead
TCH0000217,CMP0001,CL00261,2024-10-22,click
TCH0000218,CMP0001,CL00148,2024-12-21,impression
TCH0000219,CMP0001,CL00410,2024-11-10,click
TCH0000220,CMP0001,CL00287,2024-10-18,lead
TCH0000221,CMP0001,CL00036,2024-11-05,click
TCH0000222,CMP0001,CL00153,2024-09-15,click
TCH0000223,CMP0001,CL00383,2024-10-30,click
TCH0000224,CMP0001,CL00324,2024-10-06,impression
TCH0000225,CMP0001,CL00394,2024-11-05,click
TCH0000226,CMP0001,CL00486,2024-12-04,impression
TCH0000227,CMP0001,CL00164,2024-10-24,click
TCH0000228,CMP0001,CL00094,2024-10-29,impression
TCH0000229,CMP0001,CL00418,2024-12-20,click
TCH0000230,CMP0001,CL00039,2024-11-17,impression
TCH0000231,CMP0001,CL00104,2024-10-21,click
TCH0000232,CMP0001,CL00413,2024-09-11,lead
TCH0000233,CMP0001,CL00138,2024-12-21,conversion
TCH0000234,CMP0001,CL00300,2024-11-26,click
TCH0000235,CMP0001,CL00436,2024-09-03,lead
TCH0000236,CMP0001,CL00170,2024-09-04,click
TCH0000237,CMP0001,CL00234,2024-11-22,conversion
TCH0000238,CMP0001,CL00362,2024-09-03,click
TCH0000239,CMP0001,CL00056,2024-11-28,impression
TCH0000240,CMP0001,CL00459,2024-08-31,impression
TCH0000241,CMP0001,CL00085,2024-11-26,click
TCH0000242,CMP0001,CL00368,2024-10-25,click
TCH0000243,CMP0001,CL00106,2024-11-21,click
TCH0000244,CMP0001,CL00310,2024-12-18,lead
TCH0000245,CMP0001,CL00237,2024-09-28,impression
TCH0000246,CMP0001,CL00090,2024-12-13,lead
TCH0000247,CMP0001,CL00201,2024-11-20,click
TCH0000248,CMP0001,CL00018,2024-09-01,click
TCH0000249,CMP0001,CL00045,2024-09-14,impression
TCH0000250,CMP0001,CL00038,2024-12-21,lead
TCH0000251,CMP0001,CL00214,2024-11-07,impression
TCH0000252,CMP0001,CL00181,2024-09-03,click
TCH0000253,CMP0001,CL00400,2024-12-05,impression
TCH0000254,CMP0001,CL00373,2024-09-09,impression
TCH0000255,CMP0001,CL00191,2024-12-05,impression
TCH0000256,CMP0001,CL00293,2024-09-07,impression
TCH0000257,CMP0001,CL00285,2024-11-04,impression
TCH0000258,CMP0001,CL00118,2024-10-17,lead
TCH0000259,CMP0001,CL00066,2024-09-25,lead
TCH0000260,CMP0001,CL00308,2024-10-22,lead
TCH0000261,CMP0001,CL00370,2024-12-06,impression
TCH0000262,CMP0001,CL00379,2024-09-04,impression
TCH0000263,CMP0001,CL00226,2024-12-15,impression
TCH0000264,CMP0001,CL00051,2024-10-23,conversion
TCH0000265,CMP0001,CL00388,2024-11-25,impression
TCH0000266,CMP0001,CL00264,2024-10-16,click
TCH0000267,CMP0001,CL00323,2024-09-19,lead
TCH0000268,CMP0001,CL00414,2024-10-05,click
TCH0000269,CMP0001,CL00006,2024-11-23,impression
TCH0000270,CMP0001,CL00325,2024-09-14,impression
TCH0000271,CMP0001,CL00474,2024-09-30,lead
TCH0000272,CMP0001,CL00127,2024-11-23,click
TCH0000273,CMP0001,CL00290,2024-10-09,lead
TCH0000274,CMP0001,CL00442,2024-10-20,impression
TCH0000275,CMP0001,CL00273,2024-12-07,impression
TCH0000276,CMP0001,CL00215,2024-12-14,click
TCH0000277,CMP0001,CL00123,2024-11-14,conversion
TCH0000278,CMP0001,CL00275,2024-11-14,impression
TCH0000279,CMP0001,CL00080,2024-12-13,click
TCH0000280,CMP0001,CL00062,2024-12-17,click
TCH0000281,CMP0001,CL00042,2024-12-13,lead
TCH0000282,CMP0001,CL00346,2024-10-04,impression
TCH0000283,CMP0001,CL00257,2024-09-05,click
TCH0000284,CMP0001,CL00445,2024-10-10,lead
TCH0000285,CMP0001,CL00037,2024-11-22,lead
TCH0000286,CMP0001,CL00390,2024-11-03,impression
TCH0000287,CMP0001,CL00296,2024-10-04,click
TCH0000288,CMP0001,CL00333,2024-09-15,click
TCH0000289,CMP0001,CL00375,2024-11-13,lead
TCH0000290,CMP0001,CL00206,2024-08-26,impression
TCH0000291,CMP0001,CL00427,2024-09-06,click
TCH0000292,CMP0001,CL00175,2024-09-20,impression
TCH0000293,CMP0001,CL00082,2024-09-17,impression
TCH0000294,CMP0001,CL00172,2024-09-05,conversion
TCH0000295,CMP0001,CL00165,2024-11-11,lead
TCH0000296,CMP0001,CL00013,2024-12-17,click
TCH0000297,CMP0001,CL00084,2024-11-17,impression
TCH0000298,CMP0001,CL00022,2024-12-05,impression
TCH0000299,CMP0001,CL00197,2024-11-11,lead
TCH0000300,CMP0001,CL00050,2024-10-31,conversion
TCH0000301,CMP0001,CL00458,2024-12-10,click
TCH0000302,CMP0001,CL00405,2024-09-24,click
TCH0000303,CMP0001,CL00276,2024-12-15,click
TCH0000304,CMP0001,CL00363,2024-12-13,impression
TCH0000305,CMP0001,CL00433,2024-10-15,conversion
TCH0000306,CMP0001,CL00303,2024-11-25,impression
TCH0000307,CMP0001,CL00265,2024-09-13,impression
TCH0000308,CMP0001,CL00272,2024-11-26,impression
TCH0000309,CMP0001,CL00384,2024-10-03,impression
TCH0000310,CMP0001,CL00456,2024-12-17,impression
TCH0000311,CMP0001,CL00319,2024-10-16,click
TCH0000312,CMP0001,CL00488,2024-12-14,click
TCH0000313,CMP0001,CL00457,2024-09-15,click
TCH0000314,CMP0001,CL00396,2024-09-11,lead
TCH0000315,CMP0001,CL00351,2024-09-20,click
TCH0000316,CMP0001,CL00258,2024-12-12,lead
TCH0000317,CMP0001,CL00204,2024-09-06,impression
TCH0000318,CMP0001,CL00055,2024-11-01,impression
TCH0000319,CMP0001,CL00277,2024-10-17,lead
TCH0000320,CMP0001,CL00243,2024-09-11,click
TCH0000321,CMP0001,CL00404,2024-12-14,click
TCH0000322,CMP0001,CL00332,2024-09-25,lead
TCH0000323,CMP0001,CL00135,2024-12-11,click
TCH0000324,CMP0001,CL00068,2024-10-25,conversion
TCH0000325,CMP0001,CL00003,2024-10-22,click
TCH0000326,CMP0001,CL00064,2024-12-04,lead
TCH0000327,CMP0001,CL00101,2024-11-27,click
TCH0000328,CMP0001,CL00263,2024-08-25,conversion
TCH0000329,CMP0001,CL00044,2024-12-01,click
TCH0000330,CMP0001,CL00339,2024-11-01,conversion
TCH0000331,CMP0001,CL00113,2024-10-07,click
TCH0000332,CMP0001,CL00067,2024-10-12,click
TCH0000333,CMP0001,CL00340,2024-12-18,impression
TCH0000334,CMP0001,CL00309,2024-10-28,conversion
TCH0000335,CMP0001,CL00020,2024-09-03,click
TCH0000336,CMP0001,CL00411,2024-11-24,click
TCH0000337,CMP0001,CL00110,2024-09-15,impression
TCH0000338,CMP0001,CL00357,2024-10-10,impression
TCH0000339,CMP0001,CL00210,2024-11-16,lead
TCH0000340,CMP0001,CL00429,2024-11-08,impression
TCH0000341,CMP0001,CL00492,2024-09-04,click
TCH0000342,CMP0001,CL00171,2024-11-21,impression
TCH0000343,CMP0001,CL00401,2024-09-17,lead
TCH0000344,CMP0001,CL00480,2024-11-04,click
TCH0000345,CMP0001,CL00416,2024-09-01,click
TCH0000346,CMP0001,CL00311,2024-09-30,click
TCH0000347,CMP0001,CL00070,2024-12-03,click
TCH0000348,CMP0001,CL00065,2024-12-22,impression
TCH0000349,CMP0001,CL00218,2024-08-31,lead
TCH0000350,CMP0001,CL00242,2024-08-30,impression
TCH0000351,CMP0001,CL00497,2024-11-29,click
TCH0000352,CMP0001,CL00239,2024-10-19,click
TCH0000353,CMP0001,CL00213,2024-12-07,impression
TCH0000354,CMP0001,CL00076,2024-11-02,conversion
TCH0000355,CMP0001,CL00063,2024-08-29,impression
TCH0000356,CMP0001,CL00448,2024-11-11,click
TCH0000357,CMP0001,CL00301,2024-12-13,impression
TCH0000358,CMP0001,CL00320,2024-11-17,impression
TCH0000359,CMP0001,CL00030,2024-09-14,impression
TCH0000360,CMP0001,CL00409,2024-09-30,lead
TCH0000361,CMP0001,CL00203,2024-10-18,impression
TCH0000362,CMP0001,CL00360,2024-11-03,lead
TCH0000363,CMP0001,CL00245,2024-09-06,click
TCH0000364,CMP0001,CL00381,2024-11-28,impression
TCH0000365,CMP0001,CL00447,2024-11-29,click
TCH0000366,CMP0001,CL00326,2024-11-30,conversion
TCH0000367,CMP0001,CL00403,2024-11-14,impression
TCH0000368,CMP0001,CL00189,2024-12-20,click
TCH0000369,CMP0001,CL00167,2024-09-10,lead
TCH0000370,CMP0001,CL00192,2024-11-28,lead
TCH0000371,CMP0001,CL00468,2024-11-04,impression
TCH0000372,CMP0001,CL00126,2024-09-08,impression
TCH0000373,CMP0001,CL00109,2024-10-13,click
TCH0000374,CMP0001,CL00432,2024-10-30,click
TCH0000375,CMP0001,CL00274,2024-12-14,impression
TCH0000376,CMP0001,CL00154,2024-09-05,lead
TCH0000377,CMP0001,CL00500,2024-11-06,lead
TCH0000378,CMP0001,CL00029,2024-08-26,click
TCH0000379,CMP0001,CL00240,2024-08-25,impression
TCH0000380,CMP0001,CL00091,2024-09-04,click
TCH0000381,CMP0001,CL00137,2024-12-09,click
TCH0000382,CMP0001,CL00353,2024-11-29,lead
TCH0000383,CMP0001,CL00454,2024-11-16,impression
TCH0000384,CMP0001,CL00129,2024-11-09,click
TCH0000385,CMP0002,CL00216,2026-04-14,impression
TCH0000386,CMP0002,CL00312,2026-03-19,click
TCH0000387,CMP0002,CL00432,2026-05-05,click
TCH0000388,CMP0002,CL00041,2026-04-24,impression
TCH0000389,CMP0002,CL00232,2026-03-09,impression
TCH0000390,CMP0002,CL00339,2026-03-16,click
TCH0000391,CMP0002,CL00113,2026-03-14,impression
TCH0000392,CMP0002,CL00245,2026-04-23,click
TCH0000393,CMP0002,CL00412,2026-03-22,lead
TCH0000394,CMP0002,CL00023,2026-04-17,impression
TCH0000395,CMP0002,CL00127,2026-03-20,lead
TCH0000396,CMP0002,CL00259,2026-04-19,conversion
TCH0000397,CMP0002,CL00198,2026-04-06,impression
TCH0000398,CMP0002,CL00007,2026-04-18,impression
TCH0000399,CMP0002,CL00492,2026-04-16,impression
TCH0000400,CMP0002,CL00114,2026-04-04,impression
TCH0000401,CMP0002,CL00048,2026-04-26,lead
TCH0000402,CMP0002,CL00426,2026-03-11,lead
TCH0000403,CMP0002,CL00157,2026-05-03,impression
TCH0000404,CMP0002,CL00194,2026-04-25,click
TCH0000405,CMP0002,CL00076,2026-03-15,lead
TCH0000406,CMP0002,CL00179,2026-04-21,click
TCH0000407,CMP0002,CL00369,2026-03-28,impression
TCH0000408,CMP0002,CL00137,2026-04-18,impression
TCH0000409,CMP0002,CL00353,2026-04-24,impression
TCH0000410,CMP0002,CL00429,2026-03-14,lead
TCH0000411,CMP0002,CL00209,2026-04-30,impression
TCH0000412,CMP0002,CL00025,2026-03-22,click
TCH0000413,CMP0002,CL00437,2026-04-07,lead
TCH0000414,CMP0002,CL00197,2026-03-17,conversion
TCH0000415,CMP0002,CL00118,2026-04-05,impression
TCH0000416,CMP0002,CL00453,2026-03-17,lead
TCH0000417,CMP0002,CL00026,2026-04-15,conversion
TCH0000418,CMP0002,CL00032,2026-03-21,impression
TCH0000419,CMP0002,CL00042,2026-04-19,impression
TCH0000420,CMP0002,CL00413,2026-03-17,lead
TCH0000421,CMP0002,CL00129,2026-04-05,impression
TCH0000422,CMP0002,CL00035,2026-03-29,lead
TCH0000423,CMP0002,CL00495,2026-04-14,lead
TCH0000424,CMP0002,CL00207,2026-04-16,click
TCH0000425,CMP0003,CL00097,2025-12-18,lead
TCH0000426,CMP0003,CL00037,2025-10-13,lead
TCH0000427,CMP0003,CL00354,2025-11-12,conversion
TCH0000428,CMP0003,CL00137,2025-11-20,lead
TCH0000429,CMP0003,CL00444,2025-10-27,lead
TCH0000430,CMP0003,CL00023,2025-12-01,impression
TCH0000431,CMP0003,CL00356,2025-10-31,click
TCH0000432,CMP0003,CL00217,2025-12-12,click
TCH0000433,CMP0003,CL00445,2025-10-18,click
TCH0000434,CMP0003,CL00041,2025-10-07,conversion
TCH0000435,CMP0003,CL00157,2025-10-10,click
TCH0000436,CMP0003,CL00096,2025-12-03,impression
TCH0000437,CMP0003,CL00249,2025-11-15,click
TCH0000438,CMP0003,CL00353,2025-12-05,lead
TCH0000439,CMP0003,CL00488,2025-11-09,impression
TCH0000440,CMP0003,CL00166,2025-11-17,impression
TCH0000441,CMP0003,CL00105,2025-11-30,conversion
TCH0000442,CMP0003,CL00336,2025-10-16,impression
TCH0000443,CMP0003,CL00056,2025-11-24,impression
TCH0000444,CMP0003,CL00432,2025-11-11,impression
TCH0000445,CMP0003,CL00206,2025-11-28,lead
TCH0000446,CMP0003,CL00007,2025-12-02,impression
TCH0000447,CMP0003,CL00385,2025-11-10,lead
TCH0000448,CMP0003,CL00426,2025-12-11,click
TCH0000449,CMP0003,CL00180,2025-12-05,impression
TCH0000450,CMP0003,CL00325,2025-11-10,click
TCH0000451,CMP0003,CL00285,2025-12-10,impression
TCH0000452,CMP0003,CL00022,2025-12-13,impression
TCH0000453,CMP0003,CL00200,2025-10-09,click
TCH0000454,CMP0003,CL00216,2025-10-27,conversion
TCH0000455,CMP0003,CL00500,2025-11-16,lead
TCH0000456,CMP0003,CL00198,2025-12-05,impression
TCH0000457,CMP0003,CL00048,2025-12-12,lead
TCH0000458,CMP0003,CL00311,2025-10-11,conversion
TCH0000459,CMP0003,CL00026,2025-11-26,lead
TCH0000460,CMP0003,CL00401,2025-10-15,impression
TCH0000461,CMP0003,CL00246,2025-11-22,impression
TCH0000462,CMP0003,CL00058,2025-10-20,click
TCH0000463,CMP0003,CL00077,2025-10-12,lead
TCH0000464,CMP0003,CL00130,2025-10-22,conversion
TCH0000465,CMP0003,CL00207,2025-10-24,impression
TCH0000466,CMP0003,CL00032,2025-11-11,conversion
TCH0000467,CMP0003,CL00400,2025-11-19,conversion
TCH0000468,CMP0003,CL00024,2025-10-22,lead
TCH0000469,CMP0003,CL00164,2025-10-23,impression
TCH0000470,CMP0003,CL00436,2025-10-27,click
TCH0000471,CMP0003,CL00191,2025-10-27,impression
TCH0000472,CMP0003,CL00453,2025-11-01,click
TCH0000473,CMP0003,CL00359,2025-11-15,impression
TCH0000474,CMP0003,CL00495,2025-11-29,click
TCH0000475,CMP0003,CL00025,2025-11-15,impression
TCH0000476,CMP0003,CL00457,2025-11-22,lead
TCH0000477,CMP0003,CL00046,2025-12-16,lead
TCH0000478,CMP0003,CL00378,2025-12-16,impression
TCH0000479,CMP0003,CL00416,2025-12-12,click
TCH0000480,CMP0003,CL00297,2025-10-13,lead
TCH0000481,CMP0003,CL00282,2025-10-28,conversion
TCH0000482,CMP0003,CL00315,2025-10-15,impression
TCH0000483,CMP0003,CL00184,2025-11-28,click
TCH0000484,CMP0003,CL00113,2025-12-11,click
TCH0000485,CMP0003,CL00259,2025-11-23,impression
TCH0000486,CMP0003,CL00036,2025-12-18,click
TCH0000487,CMP0003,CL00440,2025-10-16,impression
TCH0000488,CMP0003,CL00179,2025-11-09,click
TCH0000489,CMP0003,CL00272,2025-10-28,impression
TCH0000490,CMP0003,CL00161,2025-12-11,impression
TCH0000491,CMP0003,CL00287,2025-12-17,click
TCH0000492,CMP0003,CL00245,2025-11-06,impression
TCH0000493,CMP0003,CL00473,2025-11-24,impression
TCH0000494,CMP0003,CL00437,2025-11-20,click
TCH0000495,CMP0003,CL00172,2025-12-09,click
TCH0000496,CMP0003,CL00454,2025-10-29,impression
TCH0000497,CMP0003,CL00226,2025-12-05,impression
TCH0000498,CMP0003,CL00290,2025-10-26,click
TCH0000499,CMP0003,CL00384,2025-12-18,lead
TCH0000500,CMP0003,CL00129,2025-10-10,impression
TCH0000501,CMP0003,CL00192,2025-11-10,impression
TCH0000502,CMP0003,CL00035,2025-12-15,lead
TCH0000503,CMP0003,CL00326,2025-10-28,conversion
TCH0000504,CMP0003,CL00114,2025-12-08,click
TCH0000505,CMP0003,CL00006,2025-11-25,impression
TCH0000506,CMP0003,CL00312,2025-10-24,impression
TCH0000507,CMP0003,CL00076,2025-10-30,impression
TCH0000508,CMP0003,CL00413,2025-10-26,impression
TCH0000509,CMP0003,CL00010,2025-11-18,impression
TCH0000510,CMP0003,CL00483,2025-10-30,impression
TCH0000511,CMP0003,CL00003,2025-11-03,click
TCH0000512,CMP0003,CL00209,2025-10-19,impression
TCH0000513,CMP0003,CL00052,2025-12-15,click
TCH0000514,CMP0003,CL00381,2025-11-13,impression
TCH0000515,CMP0003,CL00197,2025-11-10,impression
TCH0000516,CMP0003,CL00127,2025-10-07,lead
TCH0000517,CMP0003,CL00422,2025-12-19,impression
TCH0000518,CMP0003,CL00028,2025-11-28,click
TCH0000519,CMP0003,CL00064,2025-10-28,conversion
TCH0000520,CMP0003,CL00429,2025-12-19,click
TCH0000521,CMP0003,CL00118,2025-10-18,click
TCH0000522,CMP0003,CL00159,2025-12-14,click
TCH0000523,CMP0003,CL00339,2025-11-27,lead
TCH0000524,CMP0003,CL00189,2025-12-13,impression
TCH0000525,CMP0003,CL00412,2025-11-17,impression
TCH0000526,CMP0003,CL00357,2025-11-06,lead
TCH0000527,CMP0003,CL00456,2025-11-09,impression
TCH0000528,CMP0003,CL00478,2025-10-11,click
TCH0000529,CMP0003,CL00433,2025-11-19,impression
TCH0000530,CMP0003,CL00227,2025-12-16,impression
TCH0000531,CMP0003,CL00376,2025-10-08,click
TCH0000532,CMP0003,CL00187,2025-11-09,click
TCH0000533,CMP0003,CL00492,2025-10-13,click
TCH0000534,CMP0003,CL00367,2025-10-21,impression
TCH0000535,CMP0003,CL00310,2025-11-21,conversion
TCH0000536,CMP0003,CL00099,2025-12-14,impression
TCH0000537,CMP0003,CL00208,2025-10-18,lead
TCH0000538,CMP0003,CL00343,2025-11-03,impression
TCH0000539,CMP0003,CL00406,2025-10-28,impression
TCH0000540,CMP0003,CL00194,2025-12-19,lead
TCH0000541,CMP0003,CL00042,2025-10-13,lead
TCH0000542,CMP0003,CL00091,2025-11-09,conversion
TCH0000543,CMP0003,CL00295,2025-12-06,impression
TCH0000544,CMP0003,CL00248,2025-12-06,conversion
TCH0000545,CMP0003,CL00460,2025-11-07,lead
TCH0000546,CMP0003,CL00369,2025-10-17,click
TCH0000547,CMP0003,CL00060,2025-10-13,impression
TCH0000548,CMP0003,CL00258,2025-11-11,lead
TCH0000549,CMP0003,CL00232,2025-12-19,impression
TCH0000550,CMP0003,CL00237,2025-12-18,lead
TCH0000551,CMP0004,CL00152,2024-12-24,conversion
TCH0000552,CMP0004,CL00431,2024-12-25,click
TCH0000553,CMP0004,CL00310,2025-01-20,lead
TCH0000554,CMP0004,CL00373,2024-11-30,impression
TCH0000555,CMP0004,CL00052,2024-12-22,click
TCH0000556,CMP0004,CL00450,2024-11-21,lead
TCH0000557,CMP0004,CL00464,2025-02-01,impression
TCH0000558,CMP0004,CL00278,2025-01-07,click
TCH0000559,CMP0004,CL00313,2024-11-20,impression
TCH0000560,CMP0004,CL00203,2024-12-11,conversion
TCH0000561,CMP0004,CL00206,2025-02-01,click
TCH0000562,CMP0004,CL00401,2025-01-15,lead
TCH0000563,CMP0004,CL00141,2024-12-25,click
TCH0000564,CMP0004,CL00376,2025-01-18,impression
TCH0000565,CMP0004,CL00049,2024-11-28,impression
TCH0000566,CMP0004,CL00236,2025-02-15,impression
TCH0000567,CMP0004,CL00349,2025-01-24,click
TCH0000568,CMP0004,CL00274,2025-01-07,lead
TCH0000569,CMP0004,CL00163,2025-01-13,click
TCH0000570,CMP0004,CL00168,2025-01-19,impression
TCH0000571,CMP0004,CL00457,2025-01-03,click
TCH0000572,CMP0004,CL00128,2025-02-02,impression
TCH0000573,CMP0004,CL00292,2024-11-23,impression
TCH0000574,CMP0004,CL00180,2025-02-05,impression
TCH0000575,CMP0004,CL00028,2024-12-02,impression
TCH0000576,CMP0004,CL00022,2024-12-25,conversion
TCH0000577,CMP0004,CL00043,2024-12-20,impression
TCH0000578,CMP0004,CL00267,2025-01-04,conversion
TCH0000579,CMP0004,CL00093,2025-01-03,lead
TCH0000580,CMP0004,CL00378,2024-12-04,impression
TCH0000581,CMP0004,CL00400,2025-01-24,click
TCH0000582,CMP0004,CL00210,2025-02-04,lead
TCH0000583,CMP0004,CL00458,2025-01-18,impression
TCH0000584,CMP0004,CL00362,2025-01-18,click
TCH0000585,CMP0004,CL00309,2024-11-26,click
TCH0000586,CMP0004,CL00003,2025-01-31,impression
TCH0000587,CMP0004,CL00036,2025-01-03,impression
TCH0000588,CMP0004,CL00300,2024-12-31,impression
TCH0000589,CMP0004,CL00375,2025-02-07,impression
TCH0000590,CMP0004,CL00311,2024-12-01,impression
TCH0000591,CMP0004,CL00181,2024-12-04,lead
TCH0000592,CMP0004,CL00091,2025-01-12,lead
TCH0000593,CMP0004,CL00299,2025-01-04,click
TCH0000594,CMP0004,CL00024,2025-01-06,lead
TCH0000595,CMP0004,CL00297,2024-11-28,click
TCH0000596,CMP0004,CL00126,2024-11-24,lead
TCH0000597,CMP0004,CL00098,2025-02-09,click
TCH0000598,CMP0004,CL00048,2024-12-16,impression
TCH0000599,CMP0004,CL00315,2025-01-30,lead
TCH0000600,CMP0004,CL00193,2025-01-10,lead
TCH0000601,CMP0004,CL00066,2024-12-18,lead
TCH0000602,CMP0004,CL00138,2024-11-20,lead
TCH0000603,CMP0004,CL00172,2024-12-08,lead
TCH0000604,CMP0004,CL00243,2024-11-30,impression
TCH0000605,CMP0004,CL00436,2024-11-29,impression
TCH0000606,CMP0004,CL00295,2024-11-25,click
TCH0000607,CMP0004,CL00102,2025-01-27,impression
TCH0000608,CMP0004,CL00463,2025-01-26,lead
TCH0000609,CMP0004,CL00316,2024-11-21,impression
TCH0000610,CMP0004,CL00062,2025-01-28,click
TCH0000611,CMP0004,CL00268,2024-11-23,impression
TCH0000612,CMP0004,CL00363,2024-12-10,impression
TCH0000613,CMP0004,CL00364,2025-01-17,lead
TCH0000614,CMP0004,CL00252,2025-01-27,conversion
TCH0000615,CMP0004,CL00298,2024-12-06,conversion
TCH0000616,CMP0004,CL00207,2024-12-04,impression
TCH0000617,CMP0004,CL00104,2024-11-26,lead
TCH0000618,CMP0004,CL00432,2025-02-10,conversion
TCH0000619,CMP0004,CL00157,2024-12-19,impression
TCH0000620,CMP0004,CL00033,2025-01-02,lead
TCH0000621,CMP0004,CL00484,2024-12-09,click
TCH0000622,CMP0004,CL00483,2024-11-26,click
TCH0000623,CMP0004,CL00230,2024-11-19,impression
TCH0000624,CMP0004,CL00032,2024-12-05,impression
TCH0000625,CMP0004,CL00426,2025-02-07,click
TCH0000626,CMP0004,CL00200,2025-02-13,impression
TCH0000627,CMP0004,CL00390,2024-12-07,click
TCH0000628,CMP0004,CL00191,2025-01-20,impression
TCH0000629,CMP0004,CL00429,2025-01-10,click
TCH0000630,CMP0004,CL00391,2025-02-12,impression
TCH0000631,CMP0004,CL00413,2024-12-19,impression
TCH0000632,CMP0004,CL00097,2024-12-07,impression
TCH0000633,CMP0004,CL00495,2024-11-28,conversion
TCH0000634,CMP0004,CL00223,2024-11-29,impression
TCH0000635,CMP0004,CL00263,2024-11-30,lead
TCH0000636,CMP0004,CL00164,2025-01-20,click
TCH0000637,CMP0004,CL00324,2024-11-21,impression
TCH0000638,CMP0004,CL00478,2024-11-28,impression
TCH0000639,CMP0004,CL00137,2025-01-11,impression
TCH0000640,CMP0004,CL00384,2025-02-13,click
TCH0000641,CMP0004,CL00248,2025-01-06,impression
TCH0000642,CMP0004,CL00393,2025-02-02,impression
TCH0000643,CMP0004,CL00194,2024-11-24,lead
TCH0000644,CMP0004,CL00058,2024-12-30,click
TCH0000645,CMP0004,CL00109,2024-12-04,conversion
TCH0000646,CMP0004,CL00437,2025-01-01,impression
TCH0000647,CMP0004,CL00468,2024-12-27,click
TCH0000648,CMP0004,CL00444,2024-11-25,impression
TCH0000649,CMP0004,CL00411,2024-12-24,click
TCH0000650,CMP0004,CL00499,2024-11-27,conversion
TCH0000651,CMP0004,CL00174,2025-02-14,impression
TCH0000652,CMP0004,CL00116,2025-02-13,impression
TCH0000653,CMP0004,CL00453,2025-01-10,conversion
TCH0000654,CMP0004,CL00343,2024-11-29,lead
TCH0000655,CMP0004,CL00026,2025-01-22,impression
TCH0000656,CMP0004,CL00285,2025-01-21,click
TCH0000657,CMP0004,CL00408,2024-12-12,lead
TCH0000658,CMP0004,CL00492,2025-01-14,click
TCH0000659,CMP0004,CL00445,2024-12-30,click
TCH0000660,CMP0004,CL00314,2024-12-24,click
TCH0000661,CMP0004,CL00113,2024-12-13,lead
TCH0000662,CMP0004,CL00353,2024-11-27,impression
TCH0000663,CMP0004,CL00161,2025-01-01,click
TCH0000664,CMP0004,CL00186,2024-11-30,impression
TCH0000665,CMP0004,CL00185,2024-11-22,impression
TCH0000666,CMP0004,CL00127,2025-01-18,conversion
TCH0000667,CMP0004,CL00142,2024-12-22,click
TCH0000668,CMP0004,CL00454,2024-12-01,click
TCH0000669,CMP0004,CL00079,2024-11-26,impression
TCH0000670,CMP0004,CL00189,2025-01-24,lead
TCH0000671,CMP0004,CL00264,2025-01-28,impression
TCH0000672,CMP0004,CL00332,2025-01-16,click
TCH0000673,CMP0004,CL00428,2024-12-11,impression
TCH0000674,CMP0004,CL00111,2025-02-03,click
TCH0000675,CMP0004,CL00282,2025-02-11,impression
TCH0000676,CMP0004,CL00448,2024-12-26,conversion
TCH0000677,CMP0004,CL00257,2024-12-22,impression
TCH0000678,CMP0004,CL00208,2024-12-21,click
TCH0000679,CMP0004,CL00050,2024-11-20,click
TCH0000680,CMP0004,CL00155,2025-02-03,impression
TCH0000681,CMP0004,CL00106,2025-01-20,click
TCH0000682,CMP0004,CL00096,2024-11-30,lead
TCH0000683,CMP0004,CL00326,2024-12-31,impression
TCH0000684,CMP0004,CL00414,2025-01-17,click
TCH0000685,CMP0004,CL00170,2025-01-18,click
TCH0000686,CMP0004,CL00489,2024-12-30,lead
TCH0000687,CMP0004,CL00473,2025-01-02,impression
TCH0000688,CMP0004,CL00358,2025-01-01,conversion
TCH0000689,CMP0004,CL00345,2025-01-12,impression
TCH0000690,CMP0004,CL00076,2025-02-14,impression
TCH0000691,CMP0004,CL00184,2024-11-20,impression
TCH0000692,CMP0004,CL00258,2025-02-01,impression
TCH0000693,CMP0004,CL00273,2025-01-23,impression
TCH0000694,CMP0004,CL00422,2025-02-06,impression
TCH0000695,CMP0004,CL00103,2024-11-26,impression
TCH0000696,CMP0004,CL00381,2024-12-20,impression
TCH0000697,CMP0004,CL00318,2025-01-16,impression
TCH0000698,CMP0004,CL00046,2025-01-15,click
TCH0000699,CMP0004,CL00044,2025-02-07,impression
TCH0000700,CMP0004,CL00171,2024-12-15,impression
TCH0000701,CMP0004,CL00006,2024-11-19,impression
TCH0000702,CMP0004,CL00077,2024-12-29,lead
TCH0000703,CMP0004,CL00360,2025-01-08,conversion
TCH0000704,CMP0004,CL00167,2024-12-11,click
TCH0000705,CMP0004,CL00110,2025-01-09,conversion
TCH0000706,CMP0004,CL00312,2024-12-21,impression
TCH0000707,CMP0004,CL00303,2025-01-08,lead
TCH0000708,CMP0004,CL00115,2024-11-27,click
TCH0000709,CMP0004,CL00493,2024-12-18,click
TCH0000710,CMP0004,CL00035,2025-01-25,impression
TCH0000711,CMP0004,CL00459,2025-01-12,impression
TCH0000712,CMP0004,CL00470,2024-12-27,click
TCH0000713,CMP0004,CL00475,2025-02-02,lead
TCH0000714,CMP0004,CL00139,2025-02-01,click
TCH0000715,CMP0004,CL00008,2024-12-13,impression
TCH0000716,CMP0004,CL00083,2025-02-15,click
TCH0000717,CMP0004,CL00433,2024-12-08,lead
TCH0000718,CMP0004,CL00192,2024-11-26,lead
TCH0000719,CMP0004,CL00497,2024-11-26,impression
TCH0000720,CMP0004,CL00159,2024-11-24,lead
TCH0000721,CMP0004,CL00144,2024-12-30,impression
TCH0000722,CMP0004,CL00337,2025-01-28,click
TCH0000723,CMP0004,CL00039,2024-12-15,lead
TCH0000724,CMP0004,CL00087,2024-12-26,click
TCH0000725,CMP0004,CL00120,2024-12-06,click
TCH0000726,CMP0004,CL00092,2025-01-13,click
TCH0000727,CMP0004,CL00038,2025-01-25,impression
TCH0000728,CMP0004,CL00118,2024-11-19,lead
TCH0000729,CMP0004,CL00018,2025-02-03,click
TCH0000730,CMP0004,CL00265,2024-12-07,conversion
TCH0000731,CMP0004,CL00369,2025-01-23,click
TCH0000732,CMP0004,CL00095,2025-02-10,click
TCH0000733,CMP0004,CL00357,2025-01-12,lead
TCH0000734,CMP0004,CL00045,2024-12-27,click
TCH0000735,CMP0004,CL00179,2025-01-13,click
TCH0000736,CMP0004,CL00447,2024-12-20,impression
TCH0000737,CMP0004,CL00485,2024-12-01,click
TCH0000738,CMP0004,CL00042,2024-12-15,click
TCH0000739,CMP0004,CL00084,2024-12-16,lead
TCH0000740,CMP0004,CL00017,2024-11-23,impression
TCH0000741,CMP0004,CL00229,2024-12-25,lead
TCH0000742,CMP0004,CL00367,2025-01-15,impression
TCH0000743,CMP0004,CL00173,2025-01-11,click
TCH0000744,CMP0004,CL00114,2024-11-28,impression
TCH0000745,CMP0004,CL00402,2024-12-10,lead
TCH0000746,CMP0004,CL00047,2024-12-29,click
TCH0000747,CMP0004,CL00064,2024-12-27,click
TCH0000748,CMP0004,CL00418,2024-11-21,impression
TCH0000749,CMP0004,CL00234,2024-11-30,impression
TCH0000750,CMP0004,CL00242,2025-01-29,click
TCH0000751,CMP0004,CL00440,2024-12-03,lead
TCH0000752,CMP0004,CL00406,2025-02-12,click
TCH0000753,CMP0004,CL00232,2024-11-19,lead
TCH0000754,CMP0004,CL00290,2024-11-25,click
TCH0000755,CMP0004,CL00055,2025-02-04,conversion
TCH0000756,CMP0004,CL00153,2024-12-24,impression
TCH0000757,CMP0004,CL00040,2025-01-16,impression
TCH0000758,CMP0004,CL00266,2025-02-10,lead
TCH0000759,CMP0004,CL00089,2024-11-30,impression
TCH0000760,CMP0004,CL00480,2025-01-23,conversion
TCH0000761,CMP0004,CL00442,2025-01-03,lead
TCH0000762,CMP0004,CL00129,2025-02-11,conversion
TCH0000763,CMP0004,CL00377,2024-12-10,lead
TCH0000764,CMP0004,CL00135,2024-12-09,impression
TCH0000765,CMP0004,CL00449,2025-01-29,impression
TCH0000766,CMP0004,CL00015,2025-01-09,impression
TCH0000767,CMP0004,CL00466,2025-01-24,impression
TCH0000768,CMP0004,CL00233,2024-12-26,impression
TCH0000769,CMP0004,CL00227,2024-12-03,conversion
TCH0000770,CMP0004,CL00308,2024-12-27,impression
TCH0000771,CMP0004,CL00154,2025-01-10,click
TCH0000772,CMP0004,CL00301,2024-12-21,conversion
TCH0000773,CMP0004,CL00025,2024-12-16,click
TCH0000774,CMP0004,CL00462,2025-01-18,conversion
TCH0000775,CMP0004,CL00020,2025-02-05,conversion
TCH0000776,CMP0004,CL00379,2024-12-20,lead
TCH0000777,CMP0004,CL00416,2025-01-30,impression
TCH0000778,CMP0004,CL00472,2025-02-13,click
TCH0000779,CMP0004,CL00490,2025-02-01,click
TCH0000780,CMP0004,CL00005,2025-02-10,click
TCH0000781,CMP0004,CL00383,2025-01-27,impression
TCH0000782,CMP0004,CL00082,2025-01-06,impression
TCH0000783,CMP0004,CL00403,2025-02-12,impression
TCH0000784,CMP0004,CL00409,2025-01-30,impression
TCH0000785,CMP0004,CL00237,2025-02-04,lead
TCH0000786,CMP0004,CL00211,2024-12-22,conversion
TCH0000787,CMP0004,CL00023,2024-12-23,conversion
TCH0000788,CMP0004,CL00072,2024-12-10,impression
TCH0000789,CMP0004,CL00359,2025-01-31,impression
TCH0000790,CMP0004,CL00460,2024-12-06,lead
TCH0000791,CMP0004,CL00467,2025-02-08,click
TCH0000792,CMP0004,CL00275,2025-02-05,lead
TCH0000793,CMP0004,CL00030,2024-12-24,impression
TCH0000794,CMP0004,CL00217,2025-02-03,lead
TCH0000795,CMP0004,CL00351,2025-02-10,click
TCH0000796,CMP0004,CL00246,2024-12-25,lead
TCH0000797,CMP0004,CL00354,2025-01-21,lead
TCH0000798,CMP0004,CL00305,2025-01-30,lead
TCH0000799,CMP0004,CL00317,2025-01-19,click
TCH0000800,CMP0004,CL00177,2024-12-19,click
TCH0000801,CMP0004,CL00112,2025-01-30,lead
TCH0000802,CMP0004,CL00219,2024-12-28,impression
TCH0000803,CMP0004,CL00065,2024-11-22,click
TCH0000804,CMP0004,CL00090,2025-01-13,lead
TCH0000805,CMP0004,CL00394,2024-11-30,click
TCH0000806,CMP0004,CL00239,2025-01-13,impression
TCH0000807,CMP0004,CL00419,2024-11-25,impression
TCH0000808,CMP0004,CL00060,2025-01-03,conversion
TCH0000809,CMP0004,CL00412,2025-01-31,lead
TCH0000810,CMP0004,CL00198,2025-02-02,click
TCH0000811,CMP0004,CL00175,2025-01-28,impression
TCH0000812,CMP0004,CL00288,2024-12-31,lead
TCH0000813,CMP0004,CL00287,2024-12-11,click
TCH0000814,CMP0004,CL00001,2025-01-31,lead
TCH0000815,CMP0004,CL00218,2024-12-05,click
TCH0000816,CMP0004,CL00086,2024-12-04,lead
TCH0000817,CMP0004,CL00420,2025-02-11,lead
TCH0000818,CMP0004,CL00333,2024-12-08,conversion
TCH0000819,CMP0004,CL00370,2025-02-09,click
TCH0000820,CMP0004,CL00456,2025-01-13,conversion
TCH0000821,CMP0004,CL00259,2025-02-13,impression
TCH0000822,CMP0004,CL00187,2025-01-20,impression
TCH0000823,CMP0004,CL00488,2024-12-24,click
TCH0000824,CMP0004,CL00029,2024-12-11,impression
TCH0000825,CMP0004,CL00304,2024-12-21,conversion
TCH0000826,CMP0004,CL00130,2024-11-28,lead
TCH0000827,CMP0004,CL00249,2024-12-27,conversion
TCH0000828,CMP0004,CL00272,2024-12-28,click
TCH0000829,CMP0004,CL00427,2024-11-28,lead
TCH0000830,CMP0004,CL00385,2024-12-05,lead
TCH0000831,CMP0004,CL00101,2025-01-27,impression
TCH0000832,CMP0004,CL00195,2025-01-01,impression
TCH0000833,CMP0004,CL00325,2025-02-03,click
TCH0000834,CMP0004,CL00215,2025-02-15,impression
TCH0000835,CMP0004,CL00201,2025-01-17,click
TCH0000836,CMP0004,CL00247,2024-12-24,impression
TCH0000837,CMP0004,CL00041,2024-12-14,impression
TCH0000838,CMP0004,CL00007,2025-01-12,conversion
TCH0000839,CMP0004,CL00293,2024-12-21,click
TCH0000840,CMP0004,CL00476,2024-12-29,impression
TCH0000841,CMP0004,CL00439,2024-11-29,impression
TCH0000842,CMP0004,CL00255,2025-01-19,click
TCH0000843,CMP0004,CL00250,2025-01-21,lead
TCH0000844,CMP0004,CL00209,2025-01-23,impression
TCH0000845,CMP0004,CL00260,2024-11-26,impression
TCH0000846,CMP0004,CL00010,2024-12-17,impression
TCH0000847,CMP0004,CL00356,2025-02-07,conversion
TCH0000848,CMP0004,CL00388,2025-02-10,conversion
TCH0000849,CMP0004,CL00105,2025-01-10,lead
TCH0000850,CMP0004,CL00016,2024-11-22,impression
TCH0000851,CMP0004,CL00108,2025-01-12,impression
TCH0000852,CMP0004,CL00366,2024-12-23,impression
TCH0000853,CMP0004,CL00216,2025-02-13,click
TCH0000854,CMP0004,CL00361,2025-01-09,impression
TCH0000855,CMP0004,CL00336,2025-01-02,conversion
TCH0000856,CMP0004,CL00323,2025-02-05,impression
TCH0000857,CMP0004,CL00245,2024-12-16,click
TCH0000858,CMP0004,CL00197,2024-11-30,impression
TCH0000859,CMP0004,CL00183,2024-11-21,impression
TCH0000860,CMP0004,CL00339,2025-02-04,lead
TCH0000861,CMP0004,CL00276,2025-01-24,conversion
TCH0000862,CMP0004,CL00056,2024-12-13,lead
TCH0000863,CMP0004,CL00271,2025-01-12,lead
TCH0000864,CMP0004,CL00166,2024-12-11,impression
TCH0000865,CMP0004,CL00051,2025-02-06,impression
TCH0000866,CMP0004,CL00085,2025-02-15,lead
TCH0000867,CMP0004,CL00500,2024-12-01,lead
TCH0000868,CMP0004,CL00226,2025-01-16,lead
TCH0000869,CMP0004,CL00080,2024-11-22,impression
TCH0000870,CMP0004,CL00037,2024-12-08,impression
TCH0000871,CMP0004,CL00147,2024-12-11,lead
TCH0000872,CMP0004,CL00099,2024-12-27,conversion
TCH0000873,CMP0004,CL00213,2025-02-09,impression
TCH0000874,CMP0005,CL00066,2025-11-17,click
TCH0000875,CMP0005,CL00184,2025-10-31,lead
TCH0000876,CMP0005,CL00024,2025-11-29,impression
TCH0000877,CMP0005,CL00105,2025-10-02,lead
TCH0000878,CMP0005,CL00077,2025-10-08,impression
TCH0000879,CMP0005,CL00445,2025-11-02,impression
TCH0000880,CMP0005,CL00326,2025-11-30,click
TCH0000881,CMP0005,CL00437,2025-11-07,conversion
TCH0000882,CMP0005,CL00444,2025-11-03,click
TCH0000883,CMP0005,CL00422,2025-10-26,impression
TCH0000884,CMP0005,CL00492,2025-11-21,click
TCH0000885,CMP0005,CL00041,2025-11-30,impression
TCH0000886,CMP0005,CL00172,2025-11-15,click
TCH0000887,CMP0005,CL00311,2025-10-24,click
TCH0000888,CMP0005,CL00194,2025-12-05,lead
TCH0000889,CMP0005,CL00290,2025-10-06,impression
TCH0000890,CMP0005,CL00473,2025-11-26,click
TCH0000891,CMP0005,CL00246,2025-10-29,conversion
TCH0000892,CMP0005,CL00440,2025-11-08,impression
TCH0000893,CMP0005,CL00096,2025-12-06,click
TCH0000894,CMP0005,CL00180,2025-12-05,impression
TCH0000895,CMP0005,CL00476,2025-11-18,lead
TCH0000896,CMP0005,CL00460,2025-12-05,click
TCH0000897,CMP0005,CL00118,2025-10-10,impression
TCH0000898,CMP0005,CL00436,2025-11-12,impression
TCH0000899,CMP0005,CL00217,2025-09-29,impression
TCH0000900,CMP0005,CL00046,2025-12-05,impression
TCH0000901,CMP0005,CL00237,2025-10-24,impression
TCH0000902,CMP0005,CL00091,2025-12-06,lead
TCH0000903,CMP0005,CL00495,2025-10-01,lead
TCH0000904,CMP0005,CL00285,2025-10-07,lead
TCH0000905,CMP0005,CL00130,2025-10-16,lead
TCH0000906,CMP0005,CL00378,2025-11-13,impression
TCH0000907,CMP0005,CL00097,2025-10-31,click
TCH0000908,CMP0005,CL00353,2025-11-24,impression
TCH0000909,CMP0005,CL00038,2025-11-15,impression
TCH0000910,CMP0005,CL00208,2025-11-13,lead
TCH0000911,CMP0005,CL00297,2025-11-02,click
TCH0000912,CMP0005,CL00042,2025-11-30,click
TCH0000913,CMP0005,CL00367,2025-11-06,click
TCH0000914,CMP0005,CL00209,2025-11-20,lead
TCH0000915,CMP0005,CL00227,2025-11-10,click
TCH0000916,CMP0005,CL00258,2025-10-26,impression
TCH0000917,CMP0005,CL00310,2025-10-20,click
TCH0000918,CMP0005,CL00483,2025-10-11,click
TCH0000919,CMP0005,CL00206,2025-10-06,click
TCH0000920,CMP0005,CL00006,2025-11-11,click
TCH0000921,CMP0005,CL00272,2025-10-16,click
TCH0000922,CMP0005,CL00454,2025-12-02,click
TCH0000923,CMP0005,CL00060,2025-10-06,impression
TCH0000924,CMP0005,CL00259,2025-12-01,lead
TCH0000925,CMP0005,CL00028,2025-11-03,impression
TCH0000926,CMP0005,CL00187,2025-09-28,impression
TCH0000927,CMP0005,CL00315,2025-09-28,impression
TCH0000928,CMP0005,CL00429,2025-10-26,impression
TCH0000929,CMP0005,CL00359,2025-11-13,click
TCH0000930,CMP0005,CL00161,2025-10-14,impression
TCH0000931,CMP0005,CL00036,2025-10-01,click
TCH0000932,CMP0005,CL00354,2025-10-03,click
TCH0000933,CMP0005,CL00032,2025-10-08,impression
TCH0000934,CMP0005,CL00127,2025-10-24,impression
TCH0000935,CMP0005,CL00129,2025-11-29,impression
TCH0000936,CMP0005,CL00037,2025-11-08,click
TCH0000937,CMP0005,CL00249,2025-11-14,click
TCH0000938,CMP0005,CL00003,2025-10-14,conversion
TCH0000939,CMP0005,CL00179,2025-11-29,impression
TCH0000940,CMP0005,CL00035,2025-10-08,lead
TCH0000941,CMP0005,CL00052,2025-11-09,lead
TCH0000942,CMP0005,CL00048,2025-10-02,click
TCH0000943,CMP0005,CL00245,2025-09-25,impression
TCH0000944,CMP0005,CL00287,2025-10-07,click
TCH0000945,CMP0005,CL00412,2025-11-15,lead
TCH0000946,CMP0005,CL00022,2025-12-06,click
TCH0000947,CMP0005,CL00164,2025-10-31,click
TCH0000948,CMP0005,CL00166,2025-12-07,impression
TCH0000949,CMP0005,CL00337,2025-11-14,click
TCH0000950,CMP0005,CL00453,2025-10-24,impression
TCH0000951,CMP0005,CL00488,2025-10-04,impression
TCH0000952,CMP0005,CL00336,2025-10-03,impression
TCH0000953,CMP0005,CL00325,2025-12-06,lead
TCH0000954,CMP0005,CL00339,2025-10-10,click
TCH0000955,CMP0005,CL00200,2025-11-12,click
TCH0000956,CMP0005,CL00384,2025-11-10,lead
TCH0000957,CMP0005,CL00189,2025-10-09,impression
TCH0000958,CMP0005,CL00343,2025-10-29,click
TCH0000959,CMP0005,CL00295,2025-09-26,impression
TCH0000960,CMP0005,CL00406,2025-10-06,lead
TCH0000961,CMP0005,CL00400,2025-12-06,click
TCH0000962,CMP0005,CL00314,2025-11-28,click
TCH0000963,CMP0005,CL00232,2025-10-10,click
TCH0000964,CMP0005,CL00456,2025-11-26,impression
TCH0000965,CMP0005,CL00376,2025-09-25,click
TCH0000966,CMP0005,CL00126,2025-11-17,conversion
TCH0000967,CMP0005,CL00137,2025-11-27,lead
TCH0000968,CMP0005,CL00099,2025-11-08,click
TCH0000969,CMP0005,CL00007,2025-10-16,click
TCH0000970,CMP0005,CL00026,2025-10-31,click
TCH0000971,CMP0005,CL00197,2025-11-09,click
TCH0000972,CMP0005,CL00064,2025-11-25,click
TCH0000973,CMP0005,CL00357,2025-11-17,click
TCH0000974,CMP0005,CL00401,2025-10-26,impression
TCH0000975,CMP0005,CL00385,2025-09-29,lead
TCH0000976,CMP0005,CL00216,2025-10-26,click
TCH0000977,CMP0005,CL00282,2025-11-01,conversion
TCH0000978,CMP0005,CL00356,2025-10-21,click
TCH0000979,CMP0005,CL00010,2025-09-26,impression
TCH0000980,CMP0005,CL00478,2025-10-09,impression
TCH0000981,CMP0005,CL00433,2025-10-12,impression
TCH0000982,CMP0005,CL00056,2025-12-02,impression
TCH0000983,CMP0005,CL00058,2025-11-09,lead
TCH0000984,CMP0005,CL00192,2025-11-13,impression
TCH0000985,CMP0005,CL00113,2025-10-17,lead
TCH0000986,CMP0005,CL00457,2025-12-05,lead
TCH0000987,CMP0005,CL00248,2025-11-14,lead
TCH0000988,CMP0005,CL00416,2025-11-23,lead
TCH0000989,CMP0005,CL00442,2025-11-27,click
TCH0000990,CMP0005,CL00198,2025-10-16,lead
TCH0000991,CMP0005,CL00207,2025-11-14,impression
TCH0000992,CMP0005,CL00369,2025-10-09,click
TCH0000993,CMP0005,CL00226,2025-10-02,click
TCH0000994,CMP0005,CL00076,2025-12-08,impression
TCH0000995,CMP0005,CL00191,2025-10-10,impression
TCH0000996,CMP0005,CL00023,2025-09-26,lead
TCH0000997,CMP0005,CL00381,2025-10-21,impression
TCH0000998,CMP0005,CL00157,2025-11-26,lead
TCH0000999,CMP0005,CL00159,2025-09-27,impression
TCH0001000,CMP0005,CL00312,2025-10-27,click
TCH0001001,CMP0005,CL00413,2025-10-04,impression
TCH0001002,CMP0005,CL00432,2025-10-14,impression
TCH0001003,CMP0005,CL00025,2025-10-21,impression
TCH0001004,CMP0005,CL00500,2025-11-29,impression
TCH0001005,CMP0005,CL00114,2025-10-06,click
TCH0001006,CMP0005,CL00426,2025-11-02,click
TCH0001007,CMP0006,CL00393,2025-09-06,click
TCH0001008,CMP0006,CL00113,2025-08-09,lead
TCH0001009,CMP0006,CL00249,2025-07-19,impression
TCH0001010,CMP0006,CL00186,2025-08-18,lead
TCH0001011,CMP0006,CL00275,2025-09-07,lead
TCH0001012,CMP0006,CL00008,2025-07-15,impression
TCH0001013,CMP0006,CL00118,2025-08-19,lead
TCH0001014,CMP0006,CL00390,2025-09-05,impression
TCH0001015,CMP0006,CL00297,2025-07-30,click
TCH0001016,CMP0006,CL00426,2025-08-12,lead
TCH0001017,CMP0006,CL00198,2025-07-18,click
TCH0001018,CMP0006,CL00215,2025-08-02,impression
TCH0001019,CMP0006,CL00172,2025-09-01,click
TCH0001020,CMP0006,CL00153,2025-08-06,lead
TCH0001021,CMP0006,CL00007,2025-07-27,lead
TCH0001022,CMP0006,CL00457,2025-08-02,click
TCH0001023,CMP0006,CL00187,2025-07-18,impression
TCH0001024,CMP0006,CL00137,2025-08-27,impression
TCH0001025,CMP0006,CL00056,2025-08-21,impression
TCH0001026,CMP0006,CL00035,2025-08-27,click
TCH0001027,CMP0006,CL00400,2025-07-26,lead
TCH0001028,CMP0006,CL00456,2025-08-06,click
TCH0001029,CMP0006,CL00105,2025-08-09,lead
TCH0001030,CMP0006,CL00038,2025-08-29,impression
TCH0001031,CMP0006,CL00226,2025-07-14,impression
TCH0001032,CMP0006,CL00414,2025-07-13,lead
TCH0001033,CMP0006,CL00206,2025-09-07,impression
TCH0001034,CMP0006,CL00157,2025-07-31,conversion
TCH0001035,CMP0006,CL00248,2025-07-22,impression
TCH0001036,CMP0006,CL00023,2025-08-27,click
TCH0001037,CMP0006,CL00234,2025-08-20,conversion
TCH0001038,CMP0006,CL00483,2025-07-16,click
TCH0001039,CMP0006,CL00194,2025-08-24,click
TCH0001040,CMP0006,CL00418,2025-08-13,impression
TCH0001041,CMP0006,CL00287,2025-08-06,click
TCH0001042,CMP0006,CL00454,2025-08-15,impression
TCH0001043,CMP0006,CL00170,2025-08-26,conversion
TCH0001044,CMP0006,CL00282,2025-07-13,impression
TCH0001045,CMP0006,CL00191,2025-08-13,conversion
TCH0001046,CMP0006,CL00049,2025-08-24,click
TCH0001047,CMP0006,CL00161,2025-07-25,click
TCH0001048,CMP0006,CL00043,2025-08-29,click
TCH0001049,CMP0006,CL00246,2025-08-23,lead
TCH0001050,CMP0006,CL00406,2025-08-28,click
TCH0001051,CMP0006,CL00114,2025-07-24,impression
TCH0001052,CMP0006,CL00317,2025-07-15,impression
TCH0001053,CMP0006,CL00259,2025-08-25,lead
TCH0001054,CMP0006,CL00375,2025-07-20,conversion
TCH0001055,CMP0006,CL00045,2025-07-30,impression
TCH0001056,CMP0006,CL00099,2025-08-15,click
TCH0001057,CMP0006,CL00266,2025-08-27,impression
TCH0001058,CMP0006,CL00036,2025-07-14,lead
TCH0001059,CMP0006,CL00260,2025-08-17,impression
TCH0001060,CMP0006,CL00065,2025-08-28,lead
TCH0001061,CMP0006,CL00339,2025-09-10,impression
TCH0001062,CMP0006,CL00037,2025-07-16,impression
TCH0001063,CMP0006,CL00022,2025-08-19,impression
TCH0001064,CMP0006,CL00006,2025-07-15,click
TCH0001065,CMP0006,CL00324,2025-07-20,impression
TCH0001066,CMP0006,CL00219,2025-08-26,click
TCH0001067,CMP0006,CL00420,2025-09-09,lead
TCH0001068,CMP0006,CL00046,2025-09-10,click
TCH0001069,CMP0006,CL00337,2025-09-04,click
TCH0001070,CMP0006,CL00232,2025-08-13,click
TCH0001071,CMP0006,CL00066,2025-08-03,impression
TCH0001072,CMP0006,CL00303,2025-08-29,lead
TCH0001073,CMP0006,CL00353,2025-08-22,lead
TCH0001074,CMP0006,CL00207,2025-08-13,impression
TCH0001075,CMP0006,CL00127,2025-08-01,click
TCH0001076,CMP0006,CL00237,2025-08-31,impression
TCH0001077,CMP0006,CL00433,2025-07-18,lead
TCH0001078,CMP0006,CL00312,2025-08-31,impression
TCH0001079,CMP0006,CL00500,2025-07-16,lead
TCH0001080,CMP0006,CL00373,2025-08-10,click
TCH0001081,CMP0006,CL00295,2025-08-04,click
TCH0001082,CMP0006,CL00130,2025-08-17,click
TCH0001083,CMP0006,CL00208,2025-08-05,impression
TCH0001084,CMP0006,CL00442,2025-08-11,click
TCH0001085,CMP0006,CL00216,2025-08-08,conversion
TCH0001086,CMP0006,CL00144,2025-08-11,conversion
TCH0001087,CMP0006,CL00129,2025-08-31,impression
TCH0001088,CMP0006,CL00358,2025-07-20,lead
TCH0001089,CMP0006,CL00042,2025-07-20,lead
TCH0001090,CMP0006,CL00356,2025-09-02,impression
TCH0001091,CMP0006,CL00003,2025-07-25,click
TCH0001092,CMP0006,CL00384,2025-08-26,conversion
TCH0001093,CMP0006,CL00333,2025-08-04,conversion
TCH0001094,CMP0006,CL00401,2025-08-18,click
TCH0001095,CMP0006,CL00092,2025-07-20,click
TCH0001096,CMP0006,CL00466,2025-07-15,impression
TCH0001097,CMP0006,CL00493,2025-08-04,conversion
TCH0001098,CMP0006,CL00052,2025-07-31,click
TCH0001099,CMP0006,CL00126,2025-08-29,impression
TCH0001100,CMP0006,CL00024,2025-08-17,impression
TCH0001101,CMP0006,CL00058,2025-09-04,lead
TCH0001102,CMP0006,CL00233,2025-07-25,lead
TCH0001103,CMP0006,CL00315,2025-08-11,impression
TCH0001104,CMP0006,CL00076,2025-08-02,lead
TCH0001105,CMP0006,CL00369,2025-08-07,click
TCH0001106,CMP0006,CL00419,2025-08-15,conversion
TCH0001107,CMP0006,CL00258,2025-08-28,click
TCH0001108,CMP0006,CL00422,2025-08-25,click
TCH0001109,CMP0006,CL00343,2025-08-27,click
TCH0001110,CMP0006,CL00159,2025-08-09,click
TCH0001111,CMP0006,CL00290,2025-08-08,lead
TCH0001112,CMP0006,CL00453,2025-08-01,lead
TCH0001113,CMP0006,CL00473,2025-08-21,click
TCH0001114,CMP0006,CL00209,2025-07-26,impression
TCH0001115,CMP0006,CL00488,2025-08-14,conversion
TCH0001116,CMP0006,CL00325,2025-09-04,lead
TCH0001117,CMP0006,CL00029,2025-08-20,lead
TCH0001118,CMP0006,CL00311,2025-08-24,click
TCH0001119,CMP0006,CL00028,2025-08-29,lead
TCH0001120,CMP0006,CL00285,2025-08-15,impression
TCH0001121,CMP0006,CL00106,2025-08-15,impression
TCH0001122,CMP0006,CL00229,2025-08-19,click
TCH0001123,CMP0006,CL00370,2025-07-16,click
TCH0001124,CMP0006,CL00444,2025-07-24,click
TCH0001125,CMP0006,CL00464,2025-09-04,impression
TCH0001126,CMP0006,CL00018,2025-09-07,impression
TCH0001127,CMP0006,CL00440,2025-07-14,lead
TCH0001128,CMP0006,CL00429,2025-07-27,lead
TCH0001129,CMP0006,CL00468,2025-09-04,click
TCH0001130,CMP0006,CL00026,2025-08-30,click
TCH0001131,CMP0006,CL00041,2025-08-06,impression
TCH0001132,CMP0006,CL00184,2025-09-02,impression
TCH0001133,CMP0006,CL00048,2025-08-08,click
TCH0001134,CMP0006,CL00097,2025-09-02,impression
TCH0001135,CMP0006,CL00047,2025-07-28,impression
TCH0001136,CMP0006,CL00072,2025-07-18,impression
TCH0001137,CMP0006,CL00310,2025-07-21,impression
TCH0001138,CMP0006,CL00245,2025-07-18,impression
TCH0001139,CMP0006,CL00354,2025-08-06,impression
TCH0001140,CMP0006,CL00197,2025-08-18,impression
TCH0001141,CMP0006,CL00180,2025-07-14,impression
TCH0001142,CMP0006,CL00378,2025-08-05,impression
TCH0001143,CMP0006,CL00391,2025-08-06,impression
TCH0001144,CMP0006,CL00367,2025-08-04,lead
TCH0001145,CMP0006,CL00416,2025-07-20,impression
TCH0001146,CMP0006,CL00288,2025-08-27,click
TCH0001147,CMP0006,CL00109,2025-08-11,lead
TCH0001148,CMP0006,CL00376,2025-08-05,impression
TCH0001149,CMP0006,CL00492,2025-07-16,click
TCH0001150,CMP0006,CL00314,2025-08-06,click
TCH0001151,CMP0006,CL00437,2025-08-06,impression
TCH0001152,CMP0006,CL00192,2025-09-04,impression
TCH0001153,CMP0006,CL00495,2025-09-08,click
TCH0001154,CMP0006,CL00010,2025-07-27,click
TCH0001155,CMP0006,CL00025,2025-08-29,impression
TCH0001156,CMP0006,CL00173,2025-08-06,impression
TCH0001157,CMP0006,CL00217,2025-08-20,impression
TCH0001158,CMP0006,CL00413,2025-09-09,impression
TCH0001159,CMP0006,CL00445,2025-09-10,lead
TCH0001160,CMP0006,CL00077,2025-08-14,click
TCH0001161,CMP0006,CL00064,2025-09-05,click
TCH0001162,CMP0006,CL00292,2025-07-13,click
TCH0001163,CMP0006,CL00033,2025-08-31,impression
TCH0001164,CMP0006,CL00476,2025-09-09,impression
TCH0001165,CMP0006,CL00363,2025-09-07,click
TCH0001166,CMP0006,CL00179,2025-08-17,lead
TCH0001167,CMP0006,CL00359,2025-08-04,impression
TCH0001168,CMP0006,CL00460,2025-08-19,click
TCH0001169,CMP0006,CL00432,2025-08-12,impression
TCH0001170,CMP0006,CL00458,2025-08-26,click
TCH0001171,CMP0006,CL00128,2025-07-31,impression
TCH0001172,CMP0006,CL00385,2025-07-20,impression
TCH0001173,CMP0006,CL00408,2025-08-15,impression
TCH0001174,CMP0006,CL00381,2025-08-07,click
TCH0001175,CMP0006,CL00166,2025-09-08,impression
TCH0001176,CMP0006,CL00044,2025-08-22,impression
TCH0001177,CMP0006,CL00247,2025-07-28,lead
TCH0001178,CMP0006,CL00436,2025-08-09,impression
TCH0001179,CMP0006,CL00336,2025-09-09,impression
TCH0001180,CMP0006,CL00060,2025-08-09,click
TCH0001181,CMP0006,CL00032,2025-07-13,click
TCH0001182,CMP0006,CL00272,2025-08-20,impression
TCH0001183,CMP0006,CL00083,2025-08-10,conversion
TCH0001184,CMP0006,CL00189,2025-08-22,click
TCH0001185,CMP0006,CL00091,2025-09-04,lead
TCH0001186,CMP0006,CL00388,2025-08-27,click
TCH0001187,CMP0006,CL00478,2025-08-29,click
TCH0001188,CMP0006,CL00096,2025-07-17,impression
TCH0001189,CMP0006,CL00227,2025-08-31,click
TCH0001190,CMP0006,CL00357,2025-08-22,impression
TCH0001191,CMP0006,CL00164,2025-08-30,lead
TCH0001192,CMP0006,CL00412,2025-08-03,impression
TCH0001193,CMP0006,CL00200,2025-08-28,click
TCH0001194,CMP0006,CL00326,2025-07-13,click
TCH0001195,CMP0006,CL00213,2025-09-07,click
TCH0001196,CMP0007,CL00118,2024-06-12,impression
TCH0001197,CMP0007,CL00423,2024-07-22,impression
TCH0001198,CMP0007,CL00195,2024-06-15,click
TCH0001199,CMP0007,CL00154,2024-06-25,lead
TCH0001200,CMP0007,CL00478,2024-06-22,click
TCH0001201,CMP0007,CL00462,2024-06-27,impression
TCH0001202,CMP0007,CL00301,2024-07-21,lead
TCH0001203,CMP0007,CL00276,2024-06-21,impression
TCH0001204,CMP0007,CL00207,2024-07-18,impression
TCH0001205,CMP0007,CL00358,2024-07-20,click
TCH0001206,CMP0007,CL00001,2024-07-03,click
TCH0001207,CMP0007,CL00297,2024-07-11,click
TCH0001208,CMP0007,CL00443,2024-07-12,click
TCH0001209,CMP0007,CL00028,2024-06-14,impression
TCH0001210,CMP0007,CL00261,2024-06-14,impression
TCH0001211,CMP0007,CL00076,2024-07-07,impression
TCH0001212,CMP0007,CL00038,2024-07-05,lead
TCH0001213,CMP0007,CL00117,2024-06-20,click
TCH0001214,CMP0007,CL00438,2024-07-25,click
TCH0001215,CMP0007,CL00480,2024-07-05,impression
TCH0001216,CMP0007,CL00106,2024-07-06,click
TCH0001217,CMP0007,CL00433,2024-07-23,click
TCH0001218,CMP0007,CL00026,2024-07-23,impression
TCH0001219,CMP0007,CL00445,2024-07-23,click
TCH0001220,CMP0007,CL00037,2024-07-25,impression
TCH0001221,CMP0007,CL00425,2024-07-11,click
TCH0001222,CMP0007,CL00029,2024-06-27,lead
TCH0001223,CMP0007,CL00050,2024-07-20,impression
TCH0001224,CMP0007,CL00400,2024-06-24,click
TCH0001225,CMP0007,CL00245,2024-07-01,impression
TCH0001226,CMP0007,CL00082,2024-06-20,impression
TCH0001227,CMP0007,CL00341,2024-07-07,impression
TCH0001228,CMP0007,CL00493,2024-07-14,conversion
TCH0001229,CMP0007,CL00237,2024-06-30,impression
TCH0001230,CMP0007,CL00496,2024-06-22,impression
TCH0001231,CMP0007,CL00325,2024-06-25,click
TCH0001232,CMP0007,CL00388,2024-06-16,click
TCH0001233,CMP0007,CL00274,2024-07-17,click
TCH0001234,CMP0007,CL00453,2024-07-09,impression
TCH0001235,CMP0007,CL00201,2024-06-23,impression
TCH0001236,CMP0007,CL00303,2024-06-22,impression
TCH0001237,CMP0007,CL00180,2024-06-14,impression
TCH0001238,CMP0007,CL00426,2024-07-16,conversion
TCH0001239,CMP0007,CL00030,2024-07-16,click
TCH0001240,CMP0007,CL00460,2024-07-15,click
TCH0001241,CMP0007,CL00040,2024-07-07,impression
TCH0001242,CMP0007,CL00128,2024-06-14,impression
TCH0001243,CMP0007,CL00112,2024-06-25,lead
TCH0001244,CMP0007,CL00482,2024-06-14,impression
TCH0001245,CMP0007,CL00314,2024-07-22,click
TCH0001246,CMP0007,CL00210,2024-06-25,click
TCH0001247,CMP0007,CL00067,2024-06-14,click
TCH0001248,CMP0007,CL00236,2024-07-06,impression
TCH0001249,CMP0007,CL00470,2024-06-28,impression
TCH0001250,CMP0007,CL00401,2024-07-15,impression
TCH0001251,CMP0007,CL00468,2024-07-08,click
TCH0001252,CMP0007,CL00421,2024-06-12,impression
TCH0001253,CMP0007,CL00268,2024-07-16,lead
TCH0001254,CMP0007,CL00495,2024-07-09,impression
TCH0001255,CMP0007,CL00107,2024-07-23,lead
TCH0001256,CMP0007,CL00359,2024-07-01,impression
TCH0001257,CMP0007,CL00080,2024-06-20,impression
TCH0001258,CMP0007,CL00035,2024-07-08,impression
TCH0001259,CMP0007,CL00103,2024-07-16,impression
TCH0001260,CMP0007,CL00404,2024-07-07,click
TCH0001261,CMP0007,CL00069,2024-06-23,click
TCH0001262,CMP0007,CL00159,2024-07-13,click
TCH0001263,CMP0007,CL00486,2024-06-22,lead
TCH0001264,CMP0007,CL00056,2024-06-14,impression
TCH0001265,CMP0007,CL00377,2024-07-01,conversion
TCH0001266,CMP0007,CL00045,2024-07-15,impression
TCH0001267,CMP0007,CL00144,2024-07-20,lead
TCH0001268,CMP0007,CL00243,2024-06-18,impression
TCH0001269,CMP0007,CL00211,2024-06-27,impression
TCH0001270,CMP0007,CL00286,2024-06-12,click
TCH0001271,CMP0007,CL00406,2024-07-11,impression
TCH0001272,CMP0007,CL00469,2024-07-04,lead
TCH0001273,CMP0007,CL00310,2024-07-19,click
TCH0001274,CMP0007,CL00375,2024-06-20,impression
TCH0001275,CMP0007,CL00265,2024-07-21,lead
TCH0001276,CMP0007,CL00246,2024-06-27,click
TCH0001277,CMP0007,CL00218,2024-07-12,conversion
TCH0001278,CMP0007,CL00267,2024-07-08,impression
TCH0001279,CMP0007,CL00471,2024-07-07,conversion
TCH0001280,CMP0007,CL00065,2024-07-09,click
TCH0001281,CMP0007,CL00150,2024-06-19,click
TCH0001282,CMP0007,CL00357,2024-07-16,impression
TCH0001283,CMP0007,CL00247,2024-06-21,impression
TCH0001284,CMP0007,CL00412,2024-06-21,impression
TCH0001285,CMP0007,CL00424,2024-07-09,impression
TCH0001286,CMP0007,CL00192,2024-07-14,conversion
TCH0001287,CMP0007,CL00252,2024-06-26,lead
TCH0001288,CMP0007,CL00335,2024-06-21,impression
TCH0001289,CMP0007,CL00172,2024-07-25,impression
TCH0001290,CMP0007,CL00223,2024-06-15,impression
TCH0001291,CMP0007,CL00213,2024-06-17,impression
TCH0001292,CMP0007,CL00271,2024-06-20,click
TCH0001293,CMP0007,CL00059,2024-07-15,impression
TCH0001294,CMP0007,CL00042,2024-06-13,impression
TCH0001295,CMP0007,CL00157,2024-06-19,lead
TCH0001296,CMP0007,CL00142,2024-07-13,impression
TCH0001297,CMP0007,CL00111,2024-07-06,impression
TCH0001298,CMP0007,CL00407,2024-06-12,lead
TCH0001299,CMP0007,CL00444,2024-07-22,impression
TCH0001300,CMP0007,CL00374,2024-07-11,impression
TCH0001301,CMP0007,CL00368,2024-07-16,impression
TCH0001302,CMP0007,CL00437,2024-07-23,impression
TCH0001303,CMP0007,CL00431,2024-06-22,lead
TCH0001304,CMP0007,CL00006,2024-07-11,conversion
TCH0001305,CMP0007,CL00007,2024-07-24,conversion
TCH0001306,CMP0007,CL00323,2024-07-20,lead
TCH0001307,CMP0007,CL00483,2024-06-14,impression
TCH0001308,CMP0007,CL00102,2024-07-22,lead
TCH0001309,CMP0007,CL00481,2024-06-20,impression
TCH0001310,CMP0007,CL00226,2024-06-28,click
TCH0001311,CMP0007,CL00119,2024-07-24,impression
TCH0001312,CMP0007,CL00289,2024-06-14,click
TCH0001313,CMP0007,CL00124,2024-06-20,click
TCH0001314,CMP0007,CL00257,2024-07-16,impression
TCH0001315,CMP0007,CL00234,2024-06-14,lead
TCH0001316,CMP0007,CL00238,2024-07-20,lead
TCH0001317,CMP0007,CL00475,2024-07-24,lead
TCH0001318,CMP0007,CL00321,2024-06-21,impression
TCH0001319,CMP0007,CL00204,2024-07-02,click
TCH0001320,CMP0007,CL00429,2024-06-14,click
TCH0001321,CMP0007,CL00419,2024-07-15,click
TCH0001322,CMP0007,CL00316,2024-07-04,click
TCH0001323,CMP0007,CL00487,2024-07-02,impression
TCH0001324,CMP0007,CL00061,2024-06-28,click
TCH0001325,CMP0007,CL00088,2024-07-13,click
TCH0001326,CMP0007,CL00181,2024-06-23,click
TCH0001327,CMP0007,CL00354,2024-07-22,click
TCH0001328,CMP0007,CL00161,2024-06-13,impression
TCH0001329,CMP0007,CL00219,2024-06-20,lead
TCH0001330,CMP0007,CL00072,2024-06-29,impression
TCH0001331,CMP0007,CL00188,2024-07-21,click
TCH0001332,CMP0007,CL00141,2024-07-23,impression
TCH0001333,CMP0007,CL00389,2024-07-06,impression
TCH0001334,CMP0007,CL00166,2024-06-15,click
TCH0001335,CMP0007,CL00463,2024-06-27,click
TCH0001336,CMP0007,CL00179,2024-07-02,click
TCH0001337,CMP0007,CL00295,2024-06-30,click
TCH0001338,CMP0007,CL00317,2024-06-29,lead
TCH0001339,CMP0007,CL00212,2024-06-25,impression
TCH0001340,CMP0007,CL00078,2024-06-19,impression
TCH0001341,CMP0007,CL00206,2024-07-10,impression
TCH0001342,CMP0007,CL00164,2024-06-15,lead
TCH0001343,CMP0007,CL00004,2024-07-04,click
TCH0001344,CMP0007,CL00075,2024-07-16,conversion
TCH0001345,CMP0007,CL00151,2024-06-16,impression
TCH0001346,CMP0007,CL00095,2024-06-13,impression
TCH0001347,CMP0007,CL00432,2024-06-20,impression
TCH0001348,CMP0007,CL00233,2024-06-25,lead
TCH0001349,CMP0007,CL00365,2024-07-12,impression
TCH0001350,CMP0007,CL00138,2024-07-13,conversion
TCH0001351,CMP0007,CL00363,2024-07-25,lead
TCH0001352,CMP0007,CL00282,2024-07-14,conversion
TCH0001353,CMP0007,CL00351,2024-06-12,impression
TCH0001354,CMP0007,CL00458,2024-07-18,lead
TCH0001355,CMP0007,CL00356,2024-06-29,click
TCH0001356,CMP0007,CL00140,2024-07-07,click
TCH0001357,CMP0007,CL00464,2024-07-02,click
TCH0001358,CMP0007,CL00185,2024-07-15,impression
TCH0001359,CMP0007,CL00023,2024-06-29,impression
TCH0001360,CMP0007,CL00202,2024-07-14,click
TCH0001361,CMP0007,CL00017,2024-07-04,lead
TCH0001362,CMP0007,CL00418,2024-07-15,lead
TCH0001363,CMP0007,CL00379,2024-07-02,lead
TCH0001364,CMP0007,CL00353,2024-06-25,impression
TCH0001365,CMP0007,CL00143,2024-07-15,click
TCH0001366,CMP0007,CL00456,2024-06-21,click
TCH0001367,CMP0007,CL00196,2024-07-06,impression
TCH0001368,CMP0007,CL00278,2024-07-07,impression
TCH0001369,CMP0007,CL00447,2024-07-23,impression
TCH0001370,CMP0007,CL00163,2024-07-17,lead
TCH0001371,CMP0007,CL00376,2024-06-26,click
TCH0001372,CMP0007,CL00105,2024-07-12,click
TCH0001373,CMP0007,CL00398,2024-07-16,click
TCH0001374,CMP0007,CL00485,2024-06-26,impression
TCH0001375,CMP0007,CL00019,2024-07-16,conversion
TCH0001376,CMP0007,CL00448,2024-06-18,conversion
TCH0001377,CMP0007,CL00362,2024-06-26,click
TCH0001378,CMP0007,CL00367,2024-07-08,click
TCH0001379,CMP0007,CL00197,2024-07-20,conversion
TCH0001380,CMP0007,CL00044,2024-06-20,impression
TCH0001381,CMP0007,CL00307,2024-07-05,impression
TCH0001382,CMP0007,CL00337,2024-06-16,click
TCH0001383,CMP0007,CL00052,2024-07-01,lead
TCH0001384,CMP0007,CL00440,2024-06-16,impression
TCH0001385,CMP0007,CL00304,2024-07-06,impression
TCH0001386,CMP0007,CL00333,2024-07-12,click
TCH0001387,CMP0007,CL00184,2024-06-20,impression
TCH0001388,CMP0007,CL00422,2024-07-24,impression
TCH0001389,CMP0007,CL00474,2024-06-22,click
TCH0001390,CMP0007,CL00115,2024-06-15,impression
TCH0001391,CMP0007,CL00296,2024-07-04,impression
TCH0001392,CMP0007,CL00385,2024-07-19,click
TCH0001393,CMP0007,CL00193,2024-06-18,impression
TCH0001394,CMP0007,CL00130,2024-07-05,click
TCH0001395,CMP0007,CL00439,2024-06-15,conversion
TCH0001396,CMP0007,CL00364,2024-07-20,impression
TCH0001397,CMP0007,CL00083,2024-06-21,click
TCH0001398,CMP0007,CL00203,2024-07-13,click
TCH0001399,CMP0007,CL00410,2024-07-08,conversion
TCH0001400,CMP0007,CL00155,2024-07-07,click
TCH0001401,CMP0007,CL00492,2024-07-12,impression
TCH0001402,CMP0007,CL00373,2024-06-12,impression
TCH0001403,CMP0007,CL00090,2024-06-14,impression
TCH0001404,CMP0007,CL00408,2024-07-17,click
TCH0001405,CMP0007,CL00153,2024-07-22,lead
TCH0001406,CMP0007,CL00097,2024-07-02,click
TCH0001407,CMP0007,CL00256,2024-07-14,impression
TCH0001408,CMP0007,CL00446,2024-07-20,click
TCH0001409,CMP0007,CL00167,2024-07-12,lead
TCH0001410,CMP0007,CL00229,2024-06-25,click
TCH0001411,CMP0007,CL00020,2024-07-17,impression
TCH0001412,CMP0007,CL00013,2024-06-22,lead
TCH0001413,CMP0007,CL00039,2024-07-14,click
TCH0001414,CMP0007,CL00320,2024-07-22,impression
TCH0001415,CMP0007,CL00033,2024-07-07,impression
TCH0001416,CMP0007,CL00393,2024-07-23,impression
TCH0001417,CMP0007,CL00318,2024-07-20,impression
TCH0001418,CMP0007,CL00416,2024-07-09,impression
TCH0001419,CMP0007,CL00165,2024-07-22,click
TCH0001420,CMP0007,CL00284,2024-07-13,impression
TCH0001421,CMP0007,CL00101,2024-07-03,conversion
TCH0001422,CMP0007,CL00242,2024-07-06,conversion
TCH0001423,CMP0007,CL00467,2024-06-15,impression
TCH0001424,CMP0007,CL00230,2024-07-15,impression
TCH0001425,CMP0007,CL00228,2024-07-01,impression
TCH0001426,CMP0007,CL00239,2024-07-04,click
TCH0001427,CMP0007,CL00134,2024-06-15,click
TCH0001428,CMP0007,CL00428,2024-07-14,impression
TCH0001429,CMP0007,CL00390,2024-07-14,lead
TCH0001430,CMP0007,CL00420,2024-06-29,impression
TCH0001431,CMP0007,CL00349,2024-06-17,conversion
TCH0001432,CMP0007,CL00454,2024-06-26,lead
TCH0001433,CMP0007,CL00484,2024-07-03,impression
TCH0001434,CMP0007,CL00094,2024-07-06,impression
TCH0001435,CMP0007,CL00249,2024-07-23,impression
TCH0001436,CMP0007,CL00091,2024-07-18,lead
TCH0001437,CMP0007,CL00071,2024-06-19,impression
TCH0001438,CMP0007,CL00300,2024-06-16,impression
TCH0001439,CMP0007,CL00055,2024-07-05,impression
TCH0001440,CMP0007,CL00279,2024-06-15,lead
TCH0001441,CMP0007,CL00441,2024-07-11,impression
TCH0001442,CMP0007,CL00066,2024-06-27,impression
TCH0001443,CMP0007,CL00085,2024-06-13,click
TCH0001444,CMP0007,CL00315,2024-06-21,click
TCH0001445,CMP0007,CL00216,2024-07-18,lead
TCH0001446,CMP0007,CL00058,2024-07-10,lead
TCH0001447,CMP0007,CL00293,2024-07-21,impression
TCH0001448,CMP0007,CL00340,2024-06-25,impression
TCH0001449,CMP0007,CL00051,2024-06-12,lead
TCH0001450,CMP0007,CL00113,2024-07-15,conversion
TCH0001451,CMP0007,CL00024,2024-06-28,impression
TCH0001452,CMP0007,CL00016,2024-06-16,click
TCH0001453,CMP0007,CL00114,2024-07-25,impression
TCH0001454,CMP0007,CL00198,2024-06-20,click
TCH0001455,CMP0007,CL00120,2024-06-21,lead
TCH0001456,CMP0007,CL00472,2024-07-17,lead
TCH0001457,CMP0007,CL00499,2024-06-19,impression
TCH0001458,CMP0007,CL00046,2024-06-30,impression
TCH0001459,CMP0007,CL00032,2024-06-26,click
TCH0001460,CMP0007,CL00383,2024-06-20,impression
TCH0001461,CMP0007,CL00116,2024-07-05,conversion
TCH0001462,CMP0007,CL00070,2024-06-17,impression
TCH0001463,CMP0007,CL00250,2024-06-27,impression
TCH0001464,CMP0007,CL00147,2024-06-29,impression
TCH0001465,CMP0007,CL00378,2024-06-29,click
TCH0001466,CMP0007,CL00319,2024-06-14,lead
TCH0001467,CMP0007,CL00084,2024-07-10,impression
TCH0001468,CMP0007,CL00396,2024-06-14,impression
TCH0001469,CMP0007,CL00403,2024-06-25,click
TCH0001470,CMP0007,CL00285,2024-07-25,impression
TCH0001471,CMP0007,CL00370,2024-07-05,conversion
TCH0001472,CMP0007,CL00170,2024-07-19,impression
TCH0001473,CMP0007,CL00473,2024-07-24,click
TCH0001474,CMP0007,CL00442,2024-07-25,click
TCH0001475,CMP0007,CL00292,2024-07-11,conversion
TCH0001476,CMP0007,CL00079,2024-07-12,impression
TCH0001477,CMP0007,CL00402,2024-07-09,lead
TCH0001478,CMP0007,CL00174,2024-06-25,lead
TCH0001479,CMP0007,CL00125,2024-07-03,impression
TCH0001480,CMP0007,CL00489,2024-07-08,click
TCH0001481,CMP0007,CL00366,2024-06-28,click
TCH0001482,CMP0007,CL00264,2024-06-22,click
TCH0001483,CMP0007,CL00269,2024-07-25,impression
TCH0001484,CMP0007,CL00214,2024-07-09,lead
TCH0001485,CMP0007,CL00127,2024-06-25,lead
TCH0001486,CMP0007,CL00189,2024-07-15,click
TCH0001487,CMP0007,CL00434,2024-06-14,impression
TCH0001488,CMP0007,CL00312,2024-06-25,impression
TCH0001489,CMP0007,CL00171,2024-06-20,impression
TCH0001490,CMP0007,CL00449,2024-07-22,click
TCH0001491,CMP0007,CL00332,2024-07-23,lead
TCH0001492,CMP0007,CL00345,2024-06-26,impression
TCH0001493,CMP0007,CL00208,2024-07-10,lead
TCH0001494,CMP0007,CL00221,2024-07-04,conversion
TCH0001495,CMP0007,CL00148,2024-07-10,impression
TCH0001496,CMP0007,CL00073,2024-06-13,lead
TCH0001497,CMP0007,CL00054,2024-06-26,impression
TCH0001498,CMP0007,CL00139,2024-07-05,conversion
TCH0001499,CMP0007,CL00217,2024-07-11,impression
TCH0001500,CMP0007,CL00200,2024-07-12,lead
TCH0001501,CMP0007,CL00405,2024-07-08,impression
TCH0001502,CMP0007,CL00313,2024-06-26,click
TCH0001503,CMP0007,CL00476,2024-06-12,lead
TCH0001504,CMP0007,CL00194,2024-06-15,impression
TCH0001505,CMP0007,CL00255,2024-07-09,impression
TCH0001506,CMP0007,CL00152,2024-06-20,impression
TCH0001507,CMP0007,CL00338,2024-07-08,lead
TCH0001508,CMP0007,CL00034,2024-07-22,impression
TCH0001509,CMP0007,CL00133,2024-06-15,lead
TCH0001510,CMP0007,CL00490,2024-06-25,lead
TCH0001511,CMP0007,CL00087,2024-06-22,impression
TCH0001512,CMP0007,CL00175,2024-06-22,impression
TCH0001513,CMP0007,CL00457,2024-07-01,click
TCH0001514,CMP0007,CL00022,2024-06-23,lead
TCH0001515,CMP0007,CL00041,2024-06-15,conversion
TCH0001516,CMP0007,CL00048,2024-06-29,impression
TCH0001517,CMP0007,CL00049,2024-07-01,click
TCH0001518,CMP0007,CL00413,2024-07-14,lead
TCH0001519,CMP0007,CL00168,2024-07-18,lead
TCH0001520,CMP0007,CL00086,2024-06-12,impression
TCH0001521,CMP0007,CL00500,2024-07-19,lead
TCH0001522,CMP0007,CL00414,2024-07-22,click
TCH0001523,CMP0007,CL00110,2024-06-18,lead
TCH0001524,CMP0007,CL00123,2024-06-23,click
TCH0001525,CMP0007,CL00036,2024-07-01,impression
TCH0001526,CMP0007,CL00177,2024-07-08,impression
TCH0001527,CMP0007,CL00005,2024-06-18,click
TCH0001528,CMP0007,CL00273,2024-06-18,impression
TCH0001529,CMP0007,CL00324,2024-06-12,click
TCH0001530,CMP0007,CL00287,2024-07-13,click
TCH0001531,CMP0007,CL00231,2024-07-22,conversion
TCH0001532,CMP0007,CL00329,2024-07-24,impression
TCH0001533,CMP0007,CL00275,2024-07-03,click
TCH0001534,CMP0007,CL00047,2024-07-07,click
TCH0001535,CMP0007,CL00012,2024-06-13,conversion
TCH0001536,CMP0007,CL00018,2024-06-28,click
TCH0001537,CMP0007,CL00411,2024-06-20,click
TCH0001538,CMP0007,CL00129,2024-06-23,conversion
TCH0001539,CMP0007,CL00240,2024-07-13,click
TCH0001540,CMP0007,CL00260,2024-07-03,click
TCH0001541,CMP0007,CL00146,2024-07-12,click
TCH0001542,CMP0007,CL00248,2024-07-22,lead
TCH0001543,CMP0007,CL00068,2024-06-22,impression
TCH0001544,CMP0007,CL00459,2024-07-17,click
TCH0001545,CMP0007,CL00183,2024-07-11,click
TCH0001546,CMP0007,CL00232,2024-07-10,impression
TCH0001547,CMP0007,CL00092,2024-07-02,click
TCH0001548,CMP0007,CL00326,2024-06-23,click
TCH0001549,CMP0007,CL00409,2024-07-23,lead
TCH0001550,CMP0007,CL00062,2024-06-12,lead
TCH0001551,CMP0007,CL00263,2024-07-10,conversion
TCH0001552,CMP0007,CL00258,2024-06-29,click
TCH0001553,CMP0007,CL00299,2024-07-21,click
TCH0001554,CMP0007,CL00346,2024-06-20,click
TCH0001555,CMP0007,CL00305,2024-07-18,impression
TCH0001556,CMP0007,CL00025,2024-06-25,conversion
TCH0001557,CMP0007,CL00135,2024-07-10,impression
TCH0001558,CMP0007,CL00225,2024-06-25,click
TCH0001559,CMP0007,CL00272,2024-07-20,lead
TCH0001560,CMP0007,CL00015,2024-06-15,click
TCH0001561,CMP0007,CL00227,2024-07-16,impression
TCH0001562,CMP0007,CL00361,2024-06-18,lead
TCH0001563,CMP0007,CL00003,2024-07-22,impression
TCH0001564,CMP0007,CL00093,2024-06-25,conversion
TCH0001565,CMP0007,CL00215,2024-07-17,impression
TCH0001566,CMP0007,CL00336,2024-06-15,click
TCH0001567,CMP0007,CL00043,2024-07-05,click
TCH0001568,CMP0007,CL00126,2024-07-14,impression
TCH0001569,CMP0007,CL00169,2024-06-28,lead
TCH0001570,CMP0007,CL00096,2024-06-20,impression
TCH0001571,CMP0007,CL00173,2024-07-23,click
TCH0001572,CMP0007,CL00186,2024-07-17,impression
TCH0001573,CMP0007,CL00308,2024-06-14,impression
TCH0001574,CMP0007,CL00394,2024-07-15,impression
TCH0001575,CMP0007,CL00008,2024-07-21,click
TCH0001576,CMP0007,CL00369,2024-07-09,click
TCH0001577,CMP0007,CL00259,2024-07-20,impression
TCH0001578,CMP0007,CL00209,2024-06-24,impression
TCH0001579,CMP0007,CL00191,2024-06-24,impression
TCH0001580,CMP0007,CL00360,2024-07-07,click
TCH0001581,CMP0007,CL00137,2024-07-11,impression
TCH0001582,CMP0007,CL00488,2024-06-14,lead
TCH0001583,CMP0007,CL00089,2024-06-12,click
TCH0001584,CMP0007,CL00099,2024-07-25,impression
TCH0001585,CMP0007,CL00108,2024-07-04,impression
TCH0001586,CMP0007,CL00343,2024-07-08,conversion
TCH0001587,CMP0007,CL00309,2024-07-15,conversion
TCH0001588,CMP0007,CL00104,2024-07-02,impression
TCH0001589,CMP0007,CL00109,2024-06-30,impression
TCH0001590,CMP0007,CL00060,2024-07-21,conversion
TCH0001591,CMP0007,CL00077,2024-07-17,conversion
TCH0001592,CMP0007,CL00266,2024-07-11,impression
TCH0001593,CMP0007,CL00277,2024-06-14,impression
TCH0001594,CMP0007,CL00290,2024-06-26,impression
TCH0001595,CMP0007,CL00063,2024-07-02,click
TCH0001596,CMP0007,CL00391,2024-07-13,lead
TCH0001597,CMP0007,CL00298,2024-06-18,click
TCH0001598,CMP0007,CL00384,2024-07-20,impression
TCH0001599,CMP0007,CL00288,2024-07-12,lead
TCH0001600,CMP0007,CL00372,2024-06-28,click
TCH0001601,CMP0007,CL00381,2024-07-10,click
TCH0001602,CMP0007,CL00010,2024-06-30,impression
TCH0001603,CMP0007,CL00417,2024-07-25,conversion
TCH0001604,CMP0007,CL00466,2024-07-17,impression
TCH0001605,CMP0007,CL00205,2024-06-27,impression
TCH0001606,CMP0007,CL00497,2024-07-17,impression
TCH0001607,CMP0007,CL00064,2024-07-01,click
TCH0001608,CMP0007,CL00098,2024-06-29,click
TCH0001609,CMP0007,CL00450,2024-06-15,click
TCH0001610,CMP0007,CL00187,2024-07-22,conversion
TCH0001611,CMP0007,CL00436,2024-07-25,lead
TCH0001612,CMP0007,CL00311,2024-07-21,lead
TCH0001613,CMP0007,CL00339,2024-06-24,impression
TCH0001614,CMP0007,CL00149,2024-06-18,click
TCH0001615,CMP0007,CL00427,2024-07-07,lead
TCH0001616,CMP0008,CL00305,2024-11-26,lead
TCH0001617,CMP0008,CL00276,2024-12-05,click
TCH0001618,CMP0008,CL00393,2024-12-17,lead
TCH0001619,CMP0008,CL00429,2024-11-28,click
TCH0001620,CMP0008,CL00042,2024-11-25,click
TCH0001621,CMP0008,CL00273,2024-12-02,impression
TCH0001622,CMP0008,CL00247,2024-12-28,click
TCH0001623,CMP0008,CL00232,2024-11-24,click
TCH0001624,CMP0008,CL00301,2024-12-26,impression
TCH0001625,CMP0008,CL00029,2025-01-06,conversion
TCH0001626,CMP0008,CL00345,2024-12-29,impression
TCH0001627,CMP0008,CL00022,2024-12-03,click
TCH0001628,CMP0008,CL00128,2025-01-04,impression
TCH0001629,CMP0008,CL00360,2024-11-26,click
TCH0001630,CMP0008,CL00233,2024-12-26,impression
TCH0001631,CMP0008,CL00226,2024-12-25,lead
TCH0001632,CMP0008,CL00102,2025-01-06,lead
TCH0001633,CMP0008,CL00066,2024-12-20,click
TCH0001634,CMP0008,CL00192,2024-12-09,lead
TCH0001635,CMP0008,CL00448,2024-12-27,impression
TCH0001636,CMP0008,CL00085,2024-12-22,click
TCH0001637,CMP0008,CL00288,2025-01-02,lead
TCH0001638,CMP0008,CL00099,2024-12-01,impression
TCH0001639,CMP0008,CL00191,2024-11-24,impression
TCH0001640,CMP0008,CL00058,2024-12-27,conversion
TCH0001641,CMP0008,CL00098,2024-12-27,impression
TCH0001642,CMP0008,CL00412,2024-12-08,lead
TCH0001643,CMP0008,CL00272,2025-01-07,click
TCH0001644,CMP0008,CL00097,2024-11-20,impression
TCH0001645,CMP0008,CL00458,2024-12-17,lead
TCH0001646,CMP0008,CL00259,2025-01-08,impression
TCH0001647,CMP0008,CL00025,2024-12-08,click
TCH0001648,CMP0008,CL00303,2024-12-30,click
TCH0001649,CMP0008,CL00439,2024-12-20,impression
TCH0001650,CMP0008,CL00017,2024-12-10,click
TCH0001651,CMP0008,CL00304,2024-12-13,impression
TCH0001652,CMP0008,CL00144,2025-01-07,lead
TCH0001653,CMP0008,CL00035,2024-12-15,click
TCH0001654,CMP0008,CL00113,2024-12-20,impression
TCH0001655,CMP0008,CL00484,2024-12-23,lead
TCH0001656,CMP0008,CL00378,2024-12-25,click
TCH0001657,CMP0008,CL00001,2024-12-05,conversion
TCH0001658,CMP0008,CL00227,2024-11-26,conversion
TCH0001659,CMP0008,CL00336,2024-12-26,click
TCH0001660,CMP0008,CL00316,2025-01-01,click
TCH0001661,CMP0008,CL00079,2024-12-25,impression
TCH0001662,CMP0008,CL00170,2025-01-09,impression
TCH0001663,CMP0008,CL00268,2025-01-01,impression
TCH0001664,CMP0008,CL00361,2024-12-27,lead
TCH0001665,CMP0008,CL00476,2024-12-25,impression
TCH0001666,CMP0008,CL00449,2025-01-03,impression
TCH0001667,CMP0008,CL00095,2024-12-14,impression
TCH0001668,CMP0008,CL00130,2025-01-09,click
TCH0001669,CMP0008,CL00216,2025-01-02,conversion
TCH0001670,CMP0008,CL00473,2024-12-17,impression
TCH0001671,CMP0008,CL00285,2024-12-24,conversion
TCH0001672,CMP0008,CL00065,2024-12-28,impression
TCH0001673,CMP0008,CL00163,2024-12-16,impression
TCH0001674,CMP0008,CL00208,2024-12-25,impression
TCH0001675,CMP0008,CL00197,2025-01-02,impression
TCH0001676,CMP0008,CL00050,2024-11-26,lead
TCH0001677,CMP0008,CL00007,2024-12-19,lead
TCH0001678,CMP0008,CL00164,2025-01-02,lead
TCH0001679,CMP0008,CL00209,2024-12-13,impression
TCH0001680,CMP0008,CL00274,2024-11-27,click
TCH0001681,CMP0008,CL00206,2024-12-04,impression
TCH0001682,CMP0008,CL00185,2024-12-01,lead
TCH0001683,CMP0008,CL00110,2024-12-27,impression
TCH0001684,CMP0008,CL00440,2024-12-27,click
TCH0001685,CMP0008,CL00450,2024-12-24,conversion
TCH0001686,CMP0008,CL00367,2024-11-27,conversion
TCH0001687,CMP0008,CL00324,2024-12-11,lead
TCH0001688,CMP0008,CL00052,2025-01-06,impression
TCH0001689,CMP0008,CL00488,2025-01-08,impression
TCH0001690,CMP0008,CL00171,2024-11-22,conversion
TCH0001691,CMP0008,CL00200,2024-12-23,click
TCH0001692,CMP0008,CL00249,2025-01-08,click
TCH0001693,CMP0008,CL00056,2024-12-10,impression
TCH0001694,CMP0008,CL00444,2024-12-02,click
TCH0001695,CMP0008,CL00413,2024-12-25,conversion
TCH0001696,CMP0008,CL00445,2024-12-23,impression
TCH0001697,CMP0008,CL00046,2024-12-25,lead
TCH0001698,CMP0008,CL00173,2024-12-23,lead
TCH0001699,CMP0008,CL00096,2025-01-03,click
TCH0001700,CMP0008,CL00048,2024-12-04,click
TCH0001701,CMP0008,CL00186,2024-12-08,impression
TCH0001702,CMP0008,CL00153,2024-11-24,click
TCH0001703,CMP0008,CL00390,2024-12-24,click
TCH0001704,CMP0008,CL00315,2024-11-21,click
TCH0001705,CMP0008,CL00376,2024-12-19,impression
TCH0001706,CMP0008,CL00497,2024-12-28,lead
TCH0001707,CMP0008,CL00447,2024-11-29,click
TCH0001708,CMP0008,CL00177,2024-12-22,click
TCH0001709,CMP0008,CL00030,2024-12-19,impression
TCH0001710,CMP0008,CL00377,2024-11-23,conversion
TCH0001711,CMP0008,CL00166,2024-12-30,impression
TCH0001712,CMP0008,CL00299,2024-12-31,impression
TCH0001713,CMP0008,CL00043,2024-12-18,click
TCH0001714,CMP0008,CL00118,2024-12-31,click
TCH0001715,CMP0008,CL00138,2024-12-16,click
TCH0001716,CMP0008,CL00278,2024-12-26,lead
TCH0001717,CMP0008,CL00298,2024-11-26,lead
TCH0001718,CMP0008,CL00219,2025-01-08,lead
TCH0001719,CMP0008,CL00275,2024-11-29,click
TCH0001720,CMP0008,CL00470,2024-11-29,click
TCH0001721,CMP0008,CL00460,2024-12-30,impression
TCH0001722,CMP0008,CL00381,2024-11-26,impression
TCH0001723,CMP0008,CL00383,2024-11-28,click
TCH0001724,CMP0008,CL00436,2025-01-02,impression
TCH0001725,CMP0008,CL00047,2025-01-08,click
TCH0001726,CMP0008,CL00500,2024-12-08,click
TCH0001727,CMP0008,CL00040,2024-12-11,conversion
TCH0001728,CMP0008,CL00210,2024-11-20,impression
TCH0001729,CMP0008,CL00087,2025-01-07,click
TCH0001730,CMP0008,CL00159,2024-12-29,click
TCH0001731,CMP0008,CL00084,2024-12-12,click
TCH0001732,CMP0008,CL00141,2024-12-25,click
TCH0001733,CMP0008,CL00490,2025-01-09,impression
TCH0001734,CMP0008,CL00213,2024-12-17,impression
TCH0001735,CMP0008,CL00115,2024-11-25,lead
TCH0001736,CMP0008,CL00323,2024-12-02,impression
TCH0001737,CMP0008,CL00101,2024-12-05,lead
TCH0001738,CMP0008,CL00317,2025-01-07,click
TCH0001739,CMP0008,CL00060,2024-12-01,impression
TCH0001740,CMP0008,CL00077,2024-11-26,click
TCH0001741,CMP0008,CL00326,2024-11-23,impression
TCH0001742,CMP0008,CL00373,2024-12-09,conversion
TCH0001743,CMP0008,CL00080,2024-12-10,impression
TCH0001744,CMP0008,CL00464,2024-12-02,click
TCH0001745,CMP0008,CL00152,2024-12-25,click
TCH0001746,CMP0008,CL00083,2024-11-23,lead
TCH0001747,CMP0008,CL00379,2025-01-09,click
TCH0001748,CMP0008,CL00311,2024-11-29,impression
TCH0001749,CMP0008,CL00037,2024-12-23,lead
TCH0001750,CMP0008,CL00203,2024-12-20,click
TCH0001751,CMP0008,CL00126,2024-11-27,conversion
TCH0001752,CMP0008,CL00411,2024-12-12,impression
TCH0001753,CMP0008,CL00023,2024-12-20,impression
TCH0001754,CMP0008,CL00255,2024-11-26,impression
TCH0001755,CMP0008,CL00237,2024-12-17,impression
TCH0001756,CMP0008,CL00257,2024-12-22,impression
TCH0001757,CMP0008,CL00005,2024-12-07,impression
TCH0001758,CMP0008,CL00265,2025-01-03,impression
TCH0001759,CMP0008,CL00432,2024-11-20,impression
TCH0001760,CMP0008,CL00416,2025-01-08,impression
TCH0001761,CMP0008,CL00463,2024-11-25,conversion
TCH0001762,CMP0008,CL00195,2024-11-28,lead
TCH0001763,CMP0008,CL00366,2024-12-05,lead
TCH0001764,CMP0008,CL00459,2024-12-14,click
TCH0001765,CMP0008,CL00189,2024-12-25,lead
TCH0001766,CMP0008,CL00168,2024-12-18,click
TCH0001767,CMP0008,CL00266,2025-01-04,impression
TCH0001768,CMP0008,CL00499,2025-01-07,impression
TCH0001769,CMP0008,CL00091,2024-12-07,lead
TCH0001770,CMP0008,CL00287,2025-01-08,click
TCH0001771,CMP0008,CL00325,2024-12-20,lead
TCH0001772,CMP0008,CL00400,2024-12-14,impression
TCH0001773,CMP0008,CL00172,2024-11-20,click
TCH0001774,CMP0008,CL00428,2024-11-27,impression
TCH0001775,CMP0008,CL00391,2024-12-09,lead
TCH0001776,CMP0008,CL00104,2024-11-22,lead
TCH0001777,CMP0008,CL00008,2025-01-08,lead
TCH0001778,CMP0008,CL00357,2024-12-02,click
TCH0001779,CMP0008,CL00456,2024-12-26,impression
TCH0001780,CMP0008,CL00184,2025-01-09,lead
TCH0001781,CMP0008,CL00090,2024-12-15,impression
TCH0001782,CMP0008,CL00157,2024-12-11,conversion
TCH0001783,CMP0008,CL00072,2025-01-03,lead
TCH0001784,CMP0008,CL00179,2024-12-05,lead
TCH0001785,CMP0008,CL00161,2025-01-07,click
TCH0001786,CMP0008,CL00211,2024-12-05,impression
TCH0001787,CMP0008,CL00388,2024-11-24,lead
TCH0001788,CMP0008,CL00129,2025-01-07,impression
TCH0001789,CMP0008,CL00354,2024-11-22,lead
TCH0001790,CMP0008,CL00472,2024-12-18,click
TCH0001791,CMP0008,CL00155,2025-01-03,conversion
TCH0001792,CMP0008,CL00223,2024-12-11,click
TCH0001793,CMP0008,CL00230,2024-12-27,click
TCH0001794,CMP0008,CL00174,2024-12-16,conversion
TCH0001795,CMP0008,CL00109,2025-01-04,click
TCH0001796,CMP0008,CL00358,2024-12-10,click
TCH0001797,CMP0008,CL00236,2025-01-05,lead
TCH0001798,CMP0008,CL00363,2024-12-26,lead
TCH0001799,CMP0008,CL00003,2024-12-28,impression
TCH0001800,CMP0008,CL00142,2024-12-27,conversion
TCH0001801,CMP0008,CL00293,2024-12-31,lead
TCH0001802,CMP0008,CL00250,2024-12-16,click
TCH0001803,CMP0008,CL00242,2024-12-20,conversion
TCH0001804,CMP0008,CL00485,2024-12-24,lead
TCH0001805,CMP0008,CL00427,2024-12-16,impression
TCH0001806,CMP0008,CL00120,2024-11-23,lead
TCH0001807,CMP0008,CL00082,2024-12-16,conversion
TCH0001808,CMP0008,CL00112,2024-12-11,impression
TCH0001809,CMP0008,CL00239,2024-12-09,impression
TCH0001810,CMP0008,CL00369,2025-01-05,impression
TCH0001811,CMP0008,CL00181,2024-12-17,lead
TCH0001812,CMP0008,CL00108,2024-11-26,impression
TCH0001813,CMP0008,CL00402,2024-12-04,impression
TCH0001814,CMP0008,CL00055,2024-12-27,click
TCH0001815,CMP0008,CL00339,2024-12-01,impression
TCH0001816,CMP0008,CL00267,2025-01-06,click
TCH0001817,CMP0008,CL00409,2025-01-01,impression
TCH0001818,CMP0008,CL00201,2024-12-13,click
TCH0001819,CMP0008,CL00252,2024-12-14,impression
TCH0001820,CMP0008,CL00154,2024-12-21,impression
TCH0001821,CMP0008,CL00457,2024-12-08,impression
TCH0001822,CMP0008,CL00062,2025-01-04,impression
TCH0001823,CMP0008,CL00018,2024-12-08,impression
TCH0001824,CMP0008,CL00044,2024-12-15,impression
TCH0001825,CMP0008,CL00356,2024-12-16,impression
TCH0001826,CMP0008,CL00139,2024-11-26,click
TCH0001827,CMP0008,CL00167,2024-11-27,click
TCH0001828,CMP0008,CL00114,2024-12-01,impression
TCH0001829,CMP0008,CL00333,2024-12-05,click
TCH0001830,CMP0008,CL00028,2024-11-29,lead
TCH0001831,CMP0008,CL00426,2024-11-25,click
TCH0001832,CMP0008,CL00364,2025-01-01,impression
TCH0001833,CMP0008,CL00313,2024-12-08,click
TCH0001834,CMP0008,CL00309,2024-12-08,lead
TCH0001835,CMP0008,CL00093,2024-11-30,impression
TCH0001836,CMP0008,CL00207,2024-11-22,impression
TCH0001837,CMP0008,CL00420,2024-12-27,conversion
TCH0001838,CMP0008,CL00127,2024-11-28,impression
TCH0001839,CMP0008,CL00437,2024-12-14,click
TCH0001840,CMP0008,CL00175,2024-12-03,click
TCH0001841,CMP0008,CL00318,2024-12-18,lead
TCH0001842,CMP0008,CL00092,2024-12-26,impression
TCH0001843,CMP0008,CL00282,2024-12-28,lead
TCH0001844,CMP0008,CL00264,2024-12-15,conversion
TCH0001845,CMP0008,CL00248,2025-01-01,impression
TCH0001846,CMP0008,CL00016,2024-11-25,impression
TCH0001847,CMP0008,CL00353,2024-11-21,impression
TCH0001848,CMP0008,CL00422,2024-12-15,lead
TCH0001849,CMP0008,CL00187,2024-12-02,click
TCH0001850,CMP0008,CL00480,2024-12-07,conversion
TCH0001851,CMP0008,CL00385,2024-12-27,click
TCH0001852,CMP0008,CL00310,2024-12-04,click
TCH0001853,CMP0008,CL00492,2024-12-28,impression
TCH0001854,CMP0008,CL00229,2024-11-27,click
TCH0001855,CMP0008,CL00414,2024-12-02,lead
TCH0001856,CMP0008,CL00064,2025-01-03,conversion
TCH0001857,CMP0008,CL00218,2024-12-02,lead
TCH0001858,CMP0008,CL00462,2024-11-30,lead
TCH0001859,CMP0008,CL00183,2024-12-31,lead
TCH0001860,CMP0008,CL00403,2024-12-15,impression
TCH0001861,CMP0008,CL00036,2025-01-09,click
TCH0001862,CMP0008,CL00271,2024-12-22,impression
TCH0001863,CMP0008,CL00258,2024-11-26,impression
TCH0001864,CMP0008,CL00468,2025-01-09,conversion
TCH0001865,CMP0008,CL00401,2024-12-11,click
TCH0001866,CMP0008,CL00194,2024-11-24,impression
TCH0001867,CMP0008,CL00300,2024-12-10,impression
TCH0001868,CMP0008,CL00375,2024-12-22,impression
TCH0001869,CMP0008,CL00076,2024-12-07,click
TCH0001870,CMP0008,CL00260,2024-12-16,click
TCH0001871,CMP0008,CL00408,2024-12-05,impression
TCH0001872,CMP0008,CL00454,2024-12-04,impression
TCH0001873,CMP0008,CL00015,2024-12-11,impression
TCH0001874,CMP0008,CL00137,2024-11-22,impression
TCH0001875,CMP0008,CL00215,2024-11-22,lead
TCH0001876,CMP0008,CL00495,2024-11-30,click
TCH0001877,CMP0008,CL00103,2025-01-05,impression
TCH0001878,CMP0008,CL00489,2024-11-29,conversion
TCH0001879,CMP0008,CL00312,2024-12-08,impression
TCH0001880,CMP0008,CL00478,2024-11-24,impression
TCH0001881,CMP0008,CL00245,2024-12-18,lead
TCH0001882,CMP0008,CL00243,2024-12-06,lead
TCH0001883,CMP0008,CL00024,2024-12-08,lead
TCH0001884,CMP0008,CL00453,2024-12-16,impression
TCH0001885,CMP0008,CL00394,2024-12-23,impression
TCH0001886,CMP0008,CL00217,2024-12-09,lead
TCH0001887,CMP0008,CL00406,2024-11-26,lead
TCH0001888,CMP0008,CL00433,2024-11-26,click
TCH0001889,CMP0008,CL00032,2025-01-05,click
TCH0001890,CMP0008,CL00135,2024-11-29,lead
TCH0001891,CMP0008,CL00362,2025-01-06,impression
TCH0001892,CMP0008,CL00295,2024-12-17,impression
TCH0001893,CMP0008,CL00039,2024-12-26,conversion
TCH0001894,CMP0008,CL00475,2024-11-30,lead
TCH0001895,CMP0008,CL00116,2024-11-22,impression
TCH0001896,CMP0008,CL00467,2024-12-18,impression
TCH0001897,CMP0008,CL00193,2025-01-03,lead
TCH0001898,CMP0008,CL00106,2025-01-05,conversion
TCH0001899,CMP0008,CL00234,2025-01-04,click
TCH0001900,CMP0008,CL00419,2024-12-26,conversion
TCH0001901,CMP0008,CL00051,2024-11-23,click
TCH0001902,CMP0008,CL00147,2025-01-06,click
TCH0001903,CMP0008,CL00006,2024-11-21,click
TCH0001904,CMP0008,CL00466,2024-12-25,impression
TCH0001905,CMP0008,CL00349,2024-11-22,click
TCH0001906,CMP0008,CL00038,2024-12-30,click
TCH0001907,CMP0008,CL00086,2024-12-27,impression
TCH0001908,CMP0008,CL00111,2024-12-24,lead
TCH0001909,CMP0008,CL00198,2025-01-08,impression
TCH0001910,CMP0008,CL00045,2024-12-28,impression
TCH0001911,CMP0008,CL00041,2024-12-29,click
TCH0001912,CMP0008,CL00010,2024-12-03,impression
TCH0001913,CMP0008,CL00351,2024-11-28,impression
TCH0001914,CMP0008,CL00384,2024-12-25,lead
TCH0001915,CMP0008,CL00246,2024-12-30,click
TCH0001916,CMP0008,CL00308,2024-12-26,click
TCH0001917,CMP0008,CL00442,2024-12-05,impression
TCH0001918,CMP0008,CL00263,2024-12-26,click
TCH0001919,CMP0008,CL00483,2024-11-28,impression
TCH0001920,CMP0008,CL00418,2024-12-02,impression
TCH0001921,CMP0008,CL00314,2024-11-27,lead
TCH0001922,CMP0008,CL00180,2025-01-06,impression
TCH0001923,CMP0008,CL00033,2024-12-30,click
TCH0001924,CMP0008,CL00292,2024-12-02,lead
TCH0001925,CMP0008,CL00020,2024-12-17,impression
TCH0001926,CMP0008,CL00026,2024-12-07,click
TCH0001927,CMP0008,CL00290,2024-12-08,impression
TCH0001928,CMP0008,CL00332,2024-12-25,click
TCH0001929,CMP0008,CL00370,2024-12-26,click
TCH0001930,CMP0008,CL00297,2024-12-21,impression
TCH0001931,CMP0008,CL00431,2024-11-22,lead
TCH0001932,CMP0008,CL00049,2025-01-01,impression
TCH0001933,CMP0008,CL00337,2025-01-08,impression
TCH0001934,CMP0008,CL00089,2025-01-08,click
TCH0001935,CMP0008,CL00493,2025-01-08,lead
TCH0001936,CMP0008,CL00343,2024-12-29,impression
TCH0001937,CMP0008,CL00359,2024-12-28,impression
TCH0001938,CMP0008,CL00105,2024-12-23,lead
TCH0001939,CMP0009,CL00163,2025-04-21,lead
TCH0001940,CMP0009,CL00232,2025-03-12,impression
TCH0001941,CMP0009,CL00403,2025-04-24,lead
TCH0001942,CMP0009,CL00060,2025-05-15,impression
TCH0001943,CMP0009,CL00419,2025-03-13,lead
TCH0001944,CMP0009,CL00108,2025-03-30,conversion
TCH0001945,CMP0009,CL00095,2025-02-25,impression
TCH0001946,CMP0009,CL00297,2025-03-08,lead
TCH0001947,CMP0009,CL00008,2025-03-08,click
TCH0001948,CMP0009,CL00500,2025-05-12,click
TCH0001949,CMP0009,CL00102,2025-02-16,impression
TCH0001950,CMP0009,CL00475,2025-03-07,impression
TCH0001951,CMP0009,CL00258,2025-04-27,impression
TCH0001952,CMP0009,CL00412,2025-02-22,impression
TCH0001953,CMP0009,CL00375,2025-06-03,conversion
TCH0001954,CMP0009,CL00207,2025-02-26,click
TCH0001955,CMP0009,CL00310,2025-05-12,lead
TCH0001956,CMP0009,CL00055,2025-04-27,impression
TCH0001957,CMP0009,CL00288,2025-02-16,lead
TCH0001958,CMP0009,CL00312,2025-05-16,click
TCH0001959,CMP0009,CL00105,2025-02-19,impression
TCH0001960,CMP0009,CL00137,2025-02-24,impression
TCH0001961,CMP0009,CL00246,2025-04-30,impression
TCH0001962,CMP0009,CL00198,2025-06-09,conversion
TCH0001963,CMP0009,CL00267,2025-02-26,lead
TCH0001964,CMP0009,CL00478,2025-03-26,lead
TCH0001965,CMP0009,CL00058,2025-03-10,click
TCH0001966,CMP0009,CL00449,2025-04-22,click
TCH0001967,CMP0009,CL00194,2025-03-05,impression
TCH0001968,CMP0009,CL00416,2025-03-04,impression
TCH0001969,CMP0009,CL00023,2025-05-08,click
TCH0001970,CMP0009,CL00161,2025-02-28,lead
TCH0001971,CMP0009,CL00217,2025-02-26,impression
TCH0001972,CMP0009,CL00285,2025-04-16,lead
TCH0001973,CMP0009,CL00046,2025-03-03,conversion
TCH0001974,CMP0009,CL00314,2025-02-16,click
TCH0001975,CMP0009,CL00401,2025-03-03,click
TCH0001976,CMP0009,CL00250,2025-03-13,lead
TCH0001977,CMP0009,CL00409,2025-04-01,lead
TCH0001978,CMP0009,CL00175,2025-05-23,impression
TCH0001979,CMP0009,CL00326,2025-03-06,impression
TCH0001980,CMP0009,CL00026,2025-02-26,conversion
TCH0001981,CMP0009,CL00433,2025-03-28,click
TCH0001982,CMP0009,CL00293,2025-02-28,conversion
TCH0001983,CMP0009,CL00234,2025-06-04,lead
TCH0001984,CMP0009,CL00130,2025-04-27,impression
TCH0001985,CMP0009,CL00203,2025-04-18,click
TCH0001986,CMP0009,CL00179,2025-05-06,impression
TCH0001987,CMP0009,CL00429,2025-05-05,impression
TCH0001988,CMP0009,CL00384,2025-05-23,impression
TCH0001989,CMP0009,CL00266,2025-02-26,conversion
TCH0001990,CMP0009,CL00096,2025-05-04,conversion
TCH0001991,CMP0009,CL00488,2025-05-22,lead
TCH0001992,CMP0009,CL00483,2025-02-23,impression
TCH0001993,CMP0009,CL00318,2025-06-05,impression
TCH0001994,CMP0009,CL00370,2025-05-03,impression
TCH0001995,CMP0009,CL00273,2025-04-01,lead
TCH0001996,CMP0009,CL00141,2025-05-19,click
TCH0001997,CMP0009,CL00354,2025-02-22,click
TCH0001998,CMP0009,CL00109,2025-06-09,impression
TCH0001999,CMP0009,CL00082,2025-02-24,conversion
TCH0002000,CMP0009,CL00275,2025-03-07,impression
TCH0002001,CMP0009,CL00290,2025-03-24,click
TCH0002002,CMP0009,CL00195,2025-05-08,click
TCH0002003,CMP0009,CL00264,2025-05-20,impression
TCH0002004,CMP0009,CL00180,2025-05-21,click
TCH0002005,CMP0009,CL00036,2025-03-15,click
TCH0002006,CMP0009,CL00325,2025-04-14,click
TCH0002007,CMP0009,CL00017,2025-04-18,lead
TCH0002008,CMP0009,CL00304,2025-04-01,click
TCH0002009,CMP0009,CL00422,2025-04-05,click
TCH0002010,CMP0009,CL00265,2025-05-08,lead
TCH0002011,CMP0009,CL00442,2025-05-09,impression
TCH0002012,CMP0009,CL00213,2025-02-14,conversion
TCH0002013,CMP0009,CL00033,2025-02-16,click
TCH0002014,CMP0009,CL00287,2025-06-08,conversion
TCH0002015,CMP0009,CL00229,2025-02-21,impression
TCH0002016,CMP0009,CL00456,2025-05-26,lead
TCH0002017,CMP0009,CL00248,2025-05-23,impression
TCH0002018,CMP0009,CL00383,2025-03-03,lead
TCH0002019,CMP0009,CL00427,2025-06-10,conversion
TCH0002020,CMP0009,CL00171,2025-03-15,lead
TCH0002021,CMP0009,CL00206,2025-02-20,impression
TCH0002022,CMP0009,CL00237,2025-06-09,lead
TCH0002023,CMP0009,CL00174,2025-03-31,impression
TCH0002024,CMP0009,CL00345,2025-06-09,impression
TCH0002025,CMP0009,CL00099,2025-05-09,click
TCH0002026,CMP0009,CL00064,2025-02-22,lead
TCH0002027,CMP0009,CL00093,2025-05-29,impression
TCH0002028,CMP0009,CL00358,2025-03-29,impression
TCH0002029,CMP0009,CL00115,2025-02-23,click
TCH0002030,CMP0009,CL00379,2025-05-22,impression
TCH0002031,CMP0009,CL00457,2025-03-07,lead
TCH0002032,CMP0009,CL00464,2025-05-14,click
TCH0002033,CMP0009,CL00413,2025-03-21,click
TCH0002034,CMP0009,CL00167,2025-03-26,lead
TCH0002035,CMP0009,CL00010,2025-05-08,impression
TCH0002036,CMP0009,CL00470,2025-03-04,lead
TCH0002037,CMP0009,CL00166,2025-02-17,lead
TCH0002038,CMP0009,CL00299,2025-04-15,impression
TCH0002039,CMP0009,CL00367,2025-05-24,click
TCH0002040,CMP0009,CL00006,2025-05-30,click
TCH0002041,CMP0009,CL00414,2025-05-24,conversion
TCH0002042,CMP0009,CL00282,2025-04-15,lead
TCH0002043,CMP0009,CL00003,2025-04-05,impression
TCH0002044,CMP0009,CL00028,2025-06-10,click
TCH0002045,CMP0009,CL00044,2025-06-11,impression
TCH0002046,CMP0009,CL00218,2025-03-11,click
TCH0002047,CMP0009,CL00183,2025-03-12,impression
TCH0002048,CMP0009,CL00025,2025-05-14,click
TCH0002049,CMP0009,CL00437,2025-05-26,lead
TCH0002050,CMP0009,CL00278,2025-04-11,impression
TCH0002051,CMP0009,CL00042,2025-05-02,lead
TCH0002052,CMP0009,CL00189,2025-03-05,lead
TCH0002053,CMP0009,CL00043,2025-05-02,impression
TCH0002054,CMP0009,CL00041,2025-02-27,impression
TCH0002055,CMP0009,CL00336,2025-04-27,lead
TCH0002056,CMP0009,CL00454,2025-02-17,impression
TCH0002057,CMP0009,CL00227,2025-04-19,impression
TCH0002058,CMP0009,CL00191,2025-04-26,lead
TCH0002059,CMP0009,CL00458,2025-03-23,click
TCH0002060,CMP0009,CL00129,2025-05-01,impression
TCH0002061,CMP0009,CL00426,2025-03-18,conversion
TCH0002062,CMP0009,CL00462,2025-04-22,click
TCH0002063,CMP0009,CL00428,2025-05-19,impression
TCH0002064,CMP0009,CL00362,2025-03-23,conversion
TCH0002065,CMP0009,CL00233,2025-02-15,impression
TCH0002066,CMP0009,CL00363,2025-03-19,impression
TCH0002067,CMP0009,CL00408,2025-03-09,lead
TCH0002068,CMP0009,CL00083,2025-05-12,conversion
TCH0002069,CMP0009,CL00051,2025-05-09,impression
TCH0002070,CMP0009,CL00037,2025-04-03,lead
TCH0002071,CMP0009,CL00448,2025-02-26,lead
TCH0002072,CMP0009,CL00459,2025-03-04,click
TCH0002073,CMP0009,CL00463,2025-03-31,click
TCH0002074,CMP0009,CL00453,2025-05-27,impression
TCH0002075,CMP0009,CL00184,2025-03-04,click
TCH0002076,CMP0009,CL00032,2025-05-31,impression
TCH0002077,CMP0009,CL00208,2025-05-11,lead
TCH0002078,CMP0009,CL00185,2025-05-21,click
TCH0002079,CMP0009,CL00467,2025-05-17,impression
TCH0002080,CMP0009,CL00114,2025-06-09,click
TCH0002081,CMP0009,CL00153,2025-05-12,click
TCH0002082,CMP0009,CL00065,2025-06-05,impression
TCH0002083,CMP0009,CL00024,2025-05-19,impression
TCH0002084,CMP0009,CL00066,2025-03-29,lead
TCH0002085,CMP0009,CL00052,2025-04-06,lead
TCH0002086,CMP0009,CL00260,2025-05-17,impression
TCH0002087,CMP0009,CL00226,2025-03-11,click
TCH0002088,CMP0009,CL00476,2025-02-22,impression
TCH0002089,CMP0009,CL00197,2025-04-30,click
TCH0002090,CMP0009,CL00378,2025-05-21,impression
TCH0002091,CMP0009,CL00393,2025-05-29,click
TCH0002092,CMP0009,CL00406,2025-06-10,lead
TCH0002093,CMP0009,CL00489,2025-02-24,impression
TCH0002094,CMP0009,CL00005,2025-03-23,conversion
TCH0002095,CMP0009,CL00016,2025-03-05,impression
TCH0002096,CMP0009,CL00120,2025-03-29,impression
TCH0002097,CMP0009,CL00187,2025-03-07,lead
TCH0002098,CMP0009,CL00173,2025-03-16,click
TCH0002099,CMP0009,CL00018,2025-03-16,lead
TCH0002100,CMP0009,CL00466,2025-05-03,impression
TCH0002101,CMP0009,CL00493,2025-02-28,click
TCH0002102,CMP0009,CL00080,2025-02-18,lead
TCH0002103,CMP0009,CL00359,2025-04-03,lead
TCH0002104,CMP0009,CL00164,2025-06-04,impression
TCH0002105,CMP0009,CL00098,2025-03-30,lead
TCH0002106,CMP0009,CL00381,2025-06-08,impression
TCH0002107,CMP0009,CL00252,2025-05-06,click
TCH0002108,CMP0009,CL00298,2025-03-17,lead
TCH0002109,CMP0009,CL00400,2025-05-06,click
TCH0002110,CMP0009,CL00106,2025-05-02,lead
TCH0002111,CMP0009,CL00245,2025-03-15,lead
TCH0002112,CMP0009,CL00472,2025-02-14,lead
TCH0002113,CMP0009,CL00091,2025-03-20,impression
TCH0002114,CMP0009,CL00154,2025-04-02,impression
TCH0002115,CMP0009,CL00439,2025-04-01,click
TCH0002116,CMP0009,CL00126,2025-02-25,click
TCH0002117,CMP0009,CL00186,2025-05-02,conversion
TCH0002118,CMP0009,CL00139,2025-04-10,impression
TCH0002119,CMP0009,CL00035,2025-05-12,conversion
TCH0002120,CMP0009,CL00239,2025-06-04,lead
TCH0002121,CMP0009,CL00138,2025-03-09,impression
TCH0002122,CMP0009,CL00029,2025-03-24,conversion
TCH0002123,CMP0009,CL00324,2025-04-13,lead
TCH0002124,CMP0009,CL00219,2025-04-12,impression
TCH0002125,CMP0009,CL00432,2025-02-18,impression
TCH0002126,CMP0009,CL00210,2025-04-11,click
TCH0002127,CMP0009,CL00172,2025-03-24,impression
TCH0002128,CMP0009,CL00111,2025-04-27,impression
TCH0002129,CMP0009,CL00272,2025-06-06,impression
TCH0002130,CMP0009,CL00128,2025-04-06,click
TCH0002131,CMP0009,CL00357,2025-02-20,lead
TCH0002132,CMP0009,CL00022,2025-06-08,click
TCH0002133,CMP0009,CL00303,2025-03-18,click
TCH0002134,CMP0009,CL00418,2025-02-24,impression
TCH0002135,CMP0009,CL00292,2025-04-03,impression
TCH0002136,CMP0009,CL00485,2025-05-10,lead
TCH0002137,CMP0009,CL00118,2025-04-17,click
TCH0002138,CMP0009,CL00104,2025-03-17,lead
TCH0002139,CMP0009,CL00492,2025-02-25,conversion
TCH0002140,CMP0009,CL00337,2025-03-27,lead
TCH0002141,CMP0009,CL00343,2025-03-05,impression
TCH0002142,CMP0009,CL00333,2025-04-05,click
TCH0002143,CMP0009,CL00159,2025-05-07,impression
TCH0002144,CMP0009,CL00181,2025-05-08,impression
TCH0002145,CMP0009,CL00113,2025-05-08,impression
TCH0002146,CMP0009,CL00079,2025-02-15,lead
TCH0002147,CMP0009,CL00090,2025-04-26,impression
TCH0002148,CMP0009,CL00242,2025-05-05,click
TCH0002149,CMP0009,CL00373,2025-03-24,conversion
TCH0002150,CMP0009,CL00045,2025-06-06,lead
TCH0002151,CMP0009,CL00249,2025-05-13,impression
TCH0002152,CMP0009,CL00497,2025-03-04,click
TCH0002153,CMP0009,CL00047,2025-03-03,lead
TCH0002154,CMP0009,CL00353,2025-02-27,conversion
TCH0002155,CMP0009,CL00076,2025-04-03,click
TCH0002156,CMP0009,CL00157,2025-02-14,click
TCH0002157,CMP0009,CL00116,2025-05-24,impression
TCH0002158,CMP0009,CL00391,2025-04-08,conversion
TCH0002159,CMP0009,CL00127,2025-02-25,impression
TCH0002160,CMP0009,CL00192,2025-06-11,click
TCH0002161,CMP0009,CL00077,2025-04-20,impression
TCH0002162,CMP0009,CL00230,2025-03-31,impression
TCH0002163,CMP0009,CL00038,2025-06-08,conversion
TCH0002164,CMP0009,CL00247,2025-04-24,impression
TCH0002165,CMP0009,CL00376,2025-05-22,impression
TCH0002166,CMP0009,CL00193,2025-06-01,click
TCH0002167,CMP0009,CL00271,2025-05-29,click
TCH0002168,CMP0009,CL00361,2025-05-02,click
TCH0002169,CMP0009,CL00295,2025-04-04,impression
TCH0002170,CMP0009,CL00390,2025-04-20,click
TCH0002171,CMP0009,CL00445,2025-05-16,impression
TCH0002172,CMP0009,CL00092,2025-03-07,click
TCH0002173,CMP0009,CL00339,2025-03-07,click
TCH0002174,CMP0009,CL00048,2025-04-20,impression
TCH0002175,CMP0009,CL00300,2025-05-26,click
TCH0002176,CMP0009,CL00152,2025-04-07,impression
TCH0002177,CMP0009,CL00007,2025-04-29,conversion
TCH0002178,CMP0009,CL00177,2025-05-27,conversion
TCH0002179,CMP0009,CL00170,2025-05-21,impression
TCH0002180,CMP0009,CL00268,2025-05-02,click
TCH0002181,CMP0009,CL00444,2025-04-04,click
TCH0002182,CMP0009,CL00216,2025-05-15,conversion
TCH0002183,CMP0009,CL00144,2025-02-25,click
TCH0002184,CMP0009,CL00473,2025-04-24,impression
TCH0002185,CMP0009,CL00015,2025-03-20,click
TCH0002186,CMP0009,CL00495,2025-03-12,click
TCH0002187,CMP0009,CL00209,2025-03-31,impression
TCH0002188,CMP0009,CL00420,2025-04-11,impression
TCH0002189,CMP0009,CL00460,2025-06-10,conversion
TCH0002190,CMP0009,CL00135,2025-04-04,lead
TCH0002191,CMP0009,CL00084,2025-05-09,lead
TCH0002192,CMP0009,CL00072,2025-02-14,impression
TCH0002193,CMP0009,CL00468,2025-03-12,impression
TCH0002194,CMP0009,CL00215,2025-05-30,impression
TCH0002195,CMP0009,CL00259,2025-05-25,lead
TCH0002196,CMP0009,CL00308,2025-04-04,impression
TCH0002197,CMP0009,CL00315,2025-06-02,click
TCH0002198,CMP0009,CL00402,2025-02-15,impression
TCH0002199,CMP0009,CL00056,2025-03-30,lead
TCH0002200,CMP0009,CL00317,2025-05-23,click
TCH0002201,CMP0009,CL00388,2025-03-26,conversion
TCH0002202,CMP0009,CL00211,2025-06-13,impression
TCH0002203,CMP0009,CL00450,2025-06-10,impression
TCH0002204,CMP0009,CL00385,2025-05-02,lead
TCH0002205,CMP0009,CL00436,2025-05-21,click
TCH0002206,CMP0009,CL00311,2025-03-01,click
TCH0002207,CMP0009,CL00020,2025-06-11,impression
TCH0002208,CMP0009,CL00369,2025-06-02,click
TCH0002209,CMP0009,CL00309,2025-04-07,impression
TCH0002210,CMP0009,CL00274,2025-05-21,click
TCH0002211,CMP0009,CL00097,2025-04-30,lead
TCH0002212,CMP0009,CL00440,2025-05-26,click
TCH0002213,CMP0009,CL00356,2025-03-17,click
TCH0002214,CMP0009,CL00049,2025-06-07,impression
TCH0002215,CMP0009,CL00200,2025-02-25,click
TCH0002216,CMP0009,CL00001,2025-04-30,click
TCH0002217,CMP0009,CL00030,2025-02-17,lead
TCH0002218,CMP0010,CL00257,2024-04-03,impression
TCH0002219,CMP0010,CL00214,2024-05-23,impression
TCH0002220,CMP0010,CL00261,2024-05-02,click
TCH0002221,CMP0010,CL00256,2024-04-24,impression
TCH0002222,CMP0010,CL00078,2024-06-04,impression
TCH0002223,CMP0010,CL00366,2024-05-08,impression
TCH0002224,CMP0010,CL00028,2024-05-26,lead
TCH0002225,CMP0010,CL00447,2024-05-25,click
TCH0002226,CMP0010,CL00099,2024-04-18,conversion
TCH0002227,CMP0010,CL00138,2024-05-15,click
TCH0002228,CMP0010,CL00454,2024-05-11,impression
TCH0002229,CMP0010,CL00045,2024-05-02,click
TCH0002230,CMP0010,CL00186,2024-04-06,impression
TCH0002231,CMP0010,CL00049,2024-06-04,impression
TCH0002232,CMP0010,CL00063,2024-05-05,impression
TCH0002233,CMP0010,CL00192,2024-05-30,impression
TCH0002234,CMP0010,CL00082,2024-05-04,impression
TCH0002235,CMP0010,CL00007,2024-04-03,conversion
TCH0002236,CMP0010,CL00365,2024-04-03,click
TCH0002237,CMP0010,CL00060,2024-04-26,impression
TCH0002238,CMP0010,CL00221,2024-06-05,lead
TCH0002239,CMP0010,CL00449,2024-04-11,impression
TCH0002240,CMP0010,CL00354,2024-04-11,click
TCH0002241,CMP0010,CL00152,2024-05-13,impression
TCH0002242,CMP0010,CL00372,2024-06-10,conversion
TCH0002243,CMP0010,CL00300,2024-05-04,click
TCH0002244,CMP0010,CL00414,2024-05-08,impression
TCH0002245,CMP0010,CL00135,2024-05-23,conversion
TCH0002246,CMP0010,CL00037,2024-04-12,impression
TCH0002247,CMP0010,CL00331,2024-03-30,click
TCH0002248,CMP0010,CL00238,2024-04-09,lead
TCH0002249,CMP0010,CL00198,2024-04-06,impression
TCH0002250,CMP0010,CL00225,2024-04-22,impression
TCH0002251,CMP0010,CL00012,2024-05-22,conversion
TCH0002252,CMP0010,CL00201,2024-04-18,click
TCH0002253,CMP0010,CL00358,2024-06-08,impression
TCH0002254,CMP0010,CL00180,2024-05-09,impression
TCH0002255,CMP0010,CL00189,2024-05-23,click
TCH0002256,CMP0010,CL00096,2024-05-06,impression
TCH0002257,CMP0010,CL00404,2024-04-12,impression
TCH0002258,CMP0010,CL00415,2024-05-19,lead
TCH0002259,CMP0010,CL00206,2024-04-19,impression
TCH0002260,CMP0010,CL00230,2024-05-11,lead
TCH0002261,CMP0010,CL00421,2024-04-21,lead
TCH0002262,CMP0010,CL00039,2024-06-08,click
TCH0002263,CMP0010,CL00377,2024-06-03,click
TCH0002264,CMP0010,CL00005,2024-05-24,lead
TCH0002265,CMP0010,CL00185,2024-05-14,click
TCH0002266,CMP0010,CL00243,2024-04-30,click
TCH0002267,CMP0010,CL00425,2024-04-26,click
TCH0002268,CMP0010,CL00492,2024-04-02,impression
TCH0002269,CMP0010,CL00001,2024-03-31,click
TCH0002270,CMP0010,CL00232,2024-05-12,impression
TCH0002271,CMP0010,CL00294,2024-05-30,click
TCH0002272,CMP0010,CL00254,2024-06-09,impression
TCH0002273,CMP0010,CL00114,2024-03-31,impression
TCH0002274,CMP0010,CL00215,2024-04-22,lead
TCH0002275,CMP0010,CL00077,2024-04-24,impression
TCH0002276,CMP0010,CL00328,2024-05-17,impression
TCH0002277,CMP0010,CL00212,2024-05-26,impression
TCH0002278,CMP0010,CL00080,2024-04-21,impression
TCH0002279,CMP0010,CL00183,2024-04-22,click
TCH0002280,CMP0010,CL00446,2024-05-27,lead
TCH0002281,CMP0010,CL00202,2024-05-10,impression
TCH0002282,CMP0010,CL00160,2024-05-13,click
TCH0002283,CMP0010,CL00022,2024-04-05,impression
TCH0002284,CMP0010,CL00291,2024-05-13,lead
TCH0002285,CMP0010,CL00436,2024-06-01,impression
TCH0002286,CMP0010,CL00337,2024-06-03,click
TCH0002287,CMP0010,CL00067,2024-05-24,impression
TCH0002288,CMP0010,CL00041,2024-04-22,impression
TCH0002289,CMP0010,CL00488,2024-05-28,click
TCH0002290,CMP0010,CL00320,2024-06-11,click
TCH0002291,CMP0010,CL00423,2024-04-07,impression
TCH0002292,CMP0010,CL00403,2024-04-22,impression
TCH0002293,CMP0010,CL00475,2024-05-11,impression
TCH0002294,CMP0010,CL00482,2024-05-16,lead
TCH0002295,CMP0010,CL00235,2024-06-11,conversion
TCH0002296,CMP0010,CL00267,2024-04-19,lead
TCH0002297,CMP0010,CL00216,2024-04-28,lead
TCH0002298,CMP0010,CL00142,2024-06-05,impression
TCH0002299,CMP0010,CL00304,2024-05-16,impression
TCH0002300,CMP0010,CL00435,2024-04-05,lead
TCH0002301,CMP0010,CL00113,2024-05-22,impression
TCH0002302,CMP0010,CL00081,2024-05-24,click
TCH0002303,CMP0010,CL00026,2024-05-09,impression
TCH0002304,CMP0010,CL00307,2024-05-13,impression
TCH0002305,CMP0010,CL00106,2024-05-20,click
TCH0002306,CMP0010,CL00321,2024-05-31,conversion
TCH0002307,CMP0010,CL00284,2024-04-07,impression
TCH0002308,CMP0010,CL00336,2024-05-14,impression
TCH0002309,CMP0010,CL00420,2024-04-01,impression
TCH0002310,CMP0010,CL00429,2024-04-05,impression
TCH0002311,CMP0010,CL00051,2024-05-19,click
TCH0002312,CMP0010,CL00348,2024-04-10,impression
TCH0002313,CMP0010,CL00043,2024-06-04,impression
TCH0002314,CMP0010,CL00167,2024-06-04,conversion
TCH0002315,CMP0010,CL00462,2024-06-07,lead
TCH0002316,CMP0010,CL00402,2024-04-17,lead
TCH0002317,CMP0010,CL00050,2024-04-06,conversion
TCH0002318,CMP0010,CL00309,2024-04-03,impression
TCH0002319,CMP0010,CL00389,2024-05-13,lead
TCH0002320,CMP0010,CL00048,2024-04-18,impression
TCH0002321,CMP0010,CL00091,2024-04-08,click
TCH0002322,CMP0010,CL00472,2024-04-07,lead
TCH0002323,CMP0010,CL00439,2024-05-24,lead
TCH0002324,CMP0010,CL00025,2024-06-09,click
TCH0002325,CMP0010,CL00095,2024-05-01,impression
TCH0002326,CMP0010,CL00219,2024-05-07,click
TCH0002327,CMP0010,CL00065,2024-05-17,conversion
TCH0002328,CMP0010,CL00177,2024-04-22,lead
TCH0002329,CMP0010,CL00342,2024-04-14,impression
TCH0002330,CMP0010,CL00411,2024-04-20,impression
TCH0002331,CMP0010,CL00443,2024-05-09,lead
TCH0002332,CMP0010,CL00021,2024-05-17,lead
TCH0002333,CMP0010,CL00298,2024-04-13,impression
TCH0002334,CMP0010,CL00264,2024-06-09,impression
TCH0002335,CMP0010,CL00018,2024-03-29,impression
TCH0002336,CMP0010,CL00143,2024-05-29,impression
TCH0002337,CMP0010,CL00014,2024-04-05,impression
TCH0002338,CMP0010,CL00104,2024-05-12,click
TCH0002339,CMP0010,CL00133,2024-06-01,lead
TCH0002340,CMP0010,CL00195,2024-04-21,click
TCH0002341,CMP0010,CL00019,2024-04-09,click
TCH0002342,CMP0010,CL00351,2024-06-05,impression
TCH0002343,CMP0010,CL00036,2024-04-25,conversion
TCH0002344,CMP0010,CL00059,2024-06-02,click
TCH0002345,CMP0010,CL00382,2024-05-26,impression
TCH0002346,CMP0010,CL00427,2024-04-18,impression
TCH0002347,CMP0010,CL00003,2024-04-21,lead
TCH0002348,CMP0010,CL00097,2024-05-16,impression
TCH0002349,CMP0010,CL00211,2024-06-02,lead
TCH0002350,CMP0010,CL00408,2024-04-16,lead
TCH0002351,CMP0010,CL00127,2024-04-12,impression
TCH0002352,CMP0010,CL00130,2024-05-17,click
TCH0002353,CMP0010,CL00363,2024-04-17,conversion
TCH0002354,CMP0010,CL00084,2024-04-04,click
TCH0002355,CMP0010,CL00340,2024-04-09,click
TCH0002356,CMP0010,CL00137,2024-05-06,impression
TCH0002357,CMP0010,CL00452,2024-04-18,impression
TCH0002358,CMP0010,CL00381,2024-05-16,lead
TCH0002359,CMP0010,CL00370,2024-04-29,impression
TCH0002360,CMP0010,CL00428,2024-04-28,click
TCH0002361,CMP0010,CL00437,2024-05-07,click
TCH0002362,CMP0010,CL00087,2024-04-30,click
TCH0002363,CMP0010,CL00375,2024-05-16,conversion
TCH0002364,CMP0010,CL00117,2024-04-14,impression
TCH0002365,CMP0010,CL00413,2024-03-31,impression
TCH0002366,CMP0010,CL00273,2024-04-02,impression
TCH0002367,CMP0010,CL00070,2024-04-14,click
TCH0002368,CMP0010,CL00191,2024-05-21,impression
TCH0002369,CMP0010,CL00335,2024-04-05,lead
TCH0002370,CMP0010,CL00100,2024-06-02,impression
TCH0002371,CMP0010,CL00391,2024-04-13,lead
TCH0002372,CMP0010,CL00319,2024-04-24,impression
TCH0002373,CMP0010,CL00056,2024-05-12,lead
TCH0002374,CMP0010,CL00308,2024-04-05,click
TCH0002375,CMP0010,CL00147,2024-05-20,click
TCH0002376,CMP0010,CL00390,2024-04-20,conversion
TCH0002377,CMP0010,CL00412,2024-04-15,impression
TCH0002378,CMP0010,CL00349,2024-04-03,impression
TCH0002379,CMP0010,CL00173,2024-06-04,impression
TCH0002380,CMP0010,CL00210,2024-03-29,click
TCH0002381,CMP0010,CL00244,2024-04-23,impression
TCH0002382,CMP0010,CL00161,2024-04-17,impression
TCH0002383,CMP0010,CL00263,2024-05-18,lead
TCH0002384,CMP0010,CL00222,2024-05-12,conversion
TCH0002385,CMP0010,CL00218,2024-05-11,click
TCH0002386,CMP0010,CL00166,2024-04-16,impression
TCH0002387,CMP0010,CL00115,2024-05-29,click
TCH0002388,CMP0010,CL00476,2024-06-11,lead
TCH0002389,CMP0010,CL00453,2024-05-07,impression
TCH0002390,CMP0010,CL00203,2024-04-08,impression
TCH0002391,CMP0010,CL00083,2024-04-20,lead
TCH0002392,CMP0010,CL00223,2024-05-01,lead
TCH0002393,CMP0010,CL00297,2024-06-11,impression
TCH0002394,CMP0010,CL00240,2024-05-04,impression
TCH0002395,CMP0010,CL00490,2024-03-30,impression
TCH0002396,CMP0010,CL00422,2024-05-21,lead
TCH0002397,CMP0010,CL00075,2024-05-26,lead
TCH0002398,CMP0010,CL00252,2024-06-04,click
TCH0002399,CMP0010,CL00094,2024-04-06,click
TCH0002400,CMP0010,CL00093,2024-05-22,impression
TCH0002401,CMP0010,CL00440,2024-06-10,lead
TCH0002402,CMP0010,CL00499,2024-05-17,impression
TCH0002403,CMP0010,CL00193,2024-05-05,impression
TCH0002404,CMP0010,CL00204,2024-05-23,conversion
TCH0002405,CMP0010,CL00010,2024-04-24,lead
TCH0002406,CMP0010,CL00407,2024-04-12,conversion
TCH0002407,CMP0010,CL00032,2024-05-15,conversion
TCH0002408,CMP0010,CL00228,2024-06-02,click
TCH0002409,CMP0010,CL00247,2024-06-04,click
TCH0002410,CMP0010,CL00384,2024-06-08,click
TCH0002411,CMP0010,CL00013,2024-04-17,click
TCH0002412,CMP0010,CL00432,2024-06-03,impression
TCH0002413,CMP0010,CL00033,2024-04-29,conversion
TCH0002414,CMP0010,CL00052,2024-04-21,impression
TCH0002415,CMP0010,CL00323,2024-05-07,impression
TCH0002416,CMP0010,CL00455,2024-05-13,click
TCH0002417,CMP0010,CL00140,2024-05-02,conversion
TCH0002418,CMP0010,CL00184,2024-05-27,impression
TCH0002419,CMP0010,CL00149,2024-06-09,click
TCH0002420,CMP0010,CL00265,2024-05-19,click
TCH0002421,CMP0010,CL00020,2024-04-09,conversion
TCH0002422,CMP0010,CL00209,2024-05-14,click
TCH0002423,CMP0010,CL00111,2024-04-20,impression
TCH0002424,CMP0010,CL00119,2024-05-27,impression
TCH0002425,CMP0010,CL00332,2024-04-01,impression
TCH0002426,CMP0010,CL00229,2024-05-12,impression
TCH0002427,CMP0010,CL00024,2024-04-20,click
TCH0002428,CMP0010,CL00431,2024-05-17,impression
TCH0002429,CMP0010,CL00379,2024-04-16,impression
TCH0002430,CMP0010,CL00171,2024-04-19,lead
TCH0002431,CMP0010,CL00399,2024-05-17,lead
TCH0002432,CMP0010,CL00255,2024-04-09,impression
TCH0002433,CMP0010,CL00118,2024-04-18,conversion
TCH0002434,CMP0010,CL00242,2024-04-12,click
TCH0002435,CMP0010,CL00038,2024-04-04,impression
TCH0002436,CMP0010,CL00394,2024-05-03,impression
TCH0002437,CMP0010,CL00030,2024-05-28,click
TCH0002438,CMP0010,CL00343,2024-04-29,conversion
TCH0002439,CMP0010,CL00278,2024-04-05,impression
TCH0002440,CMP0010,CL00058,2024-04-20,impression
TCH0002441,CMP0010,CL00269,2024-05-10,click
TCH0002442,CMP0010,CL00318,2024-04-22,click
TCH0002443,CMP0010,CL00151,2024-05-19,impression
TCH0002444,CMP0010,CL00205,2024-04-08,click
TCH0002445,CMP0010,CL00246,2024-04-20,impression
TCH0002446,CMP0010,CL00460,2024-05-10,click
TCH0002447,CMP0010,CL00400,2024-05-08,impression
TCH0002448,CMP0010,CL00327,2024-06-02,click
TCH0002449,CMP0010,CL00393,2024-04-08,click
TCH0002450,CMP0010,CL00470,2024-04-21,conversion
TCH0002451,CMP0010,CL00378,2024-05-21,click
TCH0002452,CMP0010,CL00197,2024-04-30,click
TCH0002453,CMP0010,CL00347,2024-04-28,impression
TCH0002454,CMP0010,CL00236,2024-05-09,conversion
TCH0002455,CMP0010,CL00231,2024-04-29,lead
TCH0002456,CMP0010,CL00016,2024-05-14,impression
TCH0002457,CMP0010,CL00071,2024-04-16,click
TCH0002458,CMP0010,CL00280,2024-04-07,click
TCH0002459,CMP0010,CL00182,2024-05-10,impression
TCH0002460,CMP0010,CL00128,2024-05-24,impression
TCH0002461,CMP0010,CL00471,2024-04-28,impression
TCH0002462,CMP0010,CL00466,2024-05-28,lead
TCH0002463,CMP0010,CL00150,2024-05-02,impression
TCH0002464,CMP0010,CL00274,2024-04-02,lead
TCH0002465,CMP0010,CL00341,2024-05-16,impression
TCH0002466,CMP0010,CL00478,2024-04-05,impression
TCH0002467,CMP0010,CL00268,2024-05-04,impression
TCH0002468,CMP0010,CL00310,2024-04-02,lead
TCH0002469,CMP0010,CL00237,2024-05-18,lead
TCH0002470,CMP0010,CL00288,2024-04-01,impression
TCH0002471,CMP0010,CL00410,2024-04-08,lead
TCH0002472,CMP0010,CL00200,2024-05-05,impression
TCH0002473,CMP0010,CL00325,2024-05-18,lead
TCH0002474,CMP0010,CL00144,2024-04-20,impression
TCH0002475,CMP0010,CL00092,2024-06-11,impression
TCH0002476,CMP0010,CL00248,2024-05-04,click
TCH0002477,CMP0010,CL00368,2024-04-06,impression
TCH0002478,CMP0010,CL00333,2024-05-13,impression
TCH0002479,CMP0010,CL00169,2024-04-05,impression
TCH0002480,CMP0010,CL00369,2024-05-03,lead
TCH0002481,CMP0010,CL00361,2024-05-01,impression
TCH0002482,CMP0010,CL00068,2024-04-07,click
TCH0002483,CMP0010,CL00208,2024-06-10,lead
TCH0002484,CMP0010,CL00456,2024-05-31,click
TCH0002485,CMP0010,CL00069,2024-05-29,click
TCH0002486,CMP0010,CL00315,2024-06-01,click
TCH0002487,CMP0010,CL00417,2024-04-30,click
TCH0002488,CMP0010,CL00134,2024-04-11,lead
TCH0002489,CMP0010,CL00239,2024-05-17,impression
TCH0002490,CMP0010,CL00495,2024-05-23,click
TCH0002491,CMP0010,CL00296,2024-05-03,impression
TCH0002492,CMP0010,CL00044,2024-05-18,conversion
TCH0002493,CMP0010,CL00109,2024-05-04,click
TCH0002494,CMP0010,CL00301,2024-04-27,click
TCH0002495,CMP0010,CL00283,2024-04-06,click
TCH0002496,CMP0010,CL00103,2024-04-29,impression
TCH0002497,CMP0010,CL00275,2024-05-02,click
TCH0002498,CMP0010,CL00086,2024-03-29,impression
TCH0002499,CMP0010,CL00286,2024-05-16,lead
TCH0002500,CMP0010,CL00405,2024-05-14,impression
TCH0002501,CMP0010,CL00170,2024-06-05,conversion
TCH0002502,CMP0010,CL00419,2024-05-03,lead
TCH0002503,CMP0010,CL00105,2024-04-18,conversion
TCH0002504,CMP0010,CL00089,2024-04-24,lead
TCH0002505,CMP0010,CL00062,2024-05-05,impression
TCH0002506,CMP0010,CL00483,2024-05-20,impression
TCH0002507,CMP0010,CL00194,2024-04-02,click
TCH0002508,CMP0010,CL00290,2024-04-24,lead
TCH0002509,CMP0010,CL00324,2024-04-23,lead
TCH0002510,CMP0010,CL00360,2024-05-27,impression
TCH0002511,CMP0010,CL00426,2024-05-25,impression
TCH0002512,CMP0010,CL00450,2024-04-27,conversion
TCH0002513,CMP0010,CL00409,2024-05-16,impression
TCH0002514,CMP0010,CL00066,2024-05-03,click
TCH0002515,CMP0010,CL00451,2024-05-11,conversion
TCH0002516,CMP0010,CL00277,2024-05-26,click
TCH0002517,CMP0010,CL00047,2024-04-07,impression
TCH0002518,CMP0010,CL00481,2024-06-08,impression
TCH0002519,CMP0010,CL00159,2024-05-14,click
TCH0002520,CMP0010,CL00023,2024-04-01,lead
TCH0002521,CMP0010,CL00035,2024-04-09,impression
TCH0002522,CMP0010,CL00458,2024-04-05,conversion
TCH0002523,CMP0010,CL00098,2024-05-03,lead
TCH0002524,CMP0010,CL00102,2024-06-10,lead
TCH0002525,CMP0010,CL00139,2024-05-22,impression
TCH0002526,CMP0010,CL00493,2024-06-04,impression
TCH0002527,CMP0010,CL00383,2024-06-03,lead
TCH0002528,CMP0010,CL00188,2024-04-29,impression
TCH0002529,CMP0010,CL00074,2024-05-13,impression
TCH0002530,CMP0010,CL00085,2024-05-31,impression
TCH0002531,CMP0010,CL00346,2024-05-25,click
TCH0002532,CMP0010,CL00125,2024-05-31,conversion
TCH0002533,CMP0010,CL00153,2024-04-22,click
TCH0002534,CMP0010,CL00359,2024-04-26,conversion
TCH0002535,CMP0010,CL00259,2024-05-11,impression
TCH0002536,CMP0010,CL00356,2024-04-16,click
TCH0002537,CMP0010,CL00116,2024-04-19,impression
TCH0002538,CMP0010,CL00293,2024-04-10,lead
TCH0002539,CMP0010,CL00101,2024-05-28,impression
TCH0002540,CMP0010,CL00500,2024-05-11,click
TCH0002541,CMP0010,CL00314,2024-05-18,impression
TCH0002542,CMP0010,CL00338,2024-05-28,lead
TCH0002543,CMP0010,CL00276,2024-04-24,click
TCH0002544,CMP0010,CL00305,2024-05-08,impression
TCH0002545,CMP0010,CL00029,2024-04-11,lead
TCH0002546,CMP0010,CL00289,2024-06-05,click
TCH0002547,CMP0010,CL00279,2024-05-05,lead
TCH0002548,CMP0010,CL00299,2024-05-10,click
TCH0002549,CMP0010,CL00224,2024-04-24,click
TCH0002550,CMP0010,CL00467,2024-05-09,impression
TCH0002551,CMP0010,CL00406,2024-04-03,click
TCH0002552,CMP0010,CL00178,2024-04-26,impression
TCH0002553,CMP0010,CL00497,2024-04-03,lead
TCH0002554,CMP0010,CL00017,2024-04-20,impression
TCH0002555,CMP0010,CL00008,2024-04-15,click
TCH0002556,CMP0010,CL00367,2024-04-22,impression
TCH0002557,CMP0010,CL00474,2024-06-07,conversion
TCH0002558,CMP0010,CL00146,2024-04-16,lead
TCH0002559,CMP0010,CL00376,2024-04-03,lead
TCH0002560,CMP0010,CL00234,2024-06-09,impression
TCH0002561,CMP0010,CL00445,2024-05-11,lead
TCH0002562,CMP0010,CL00459,2024-06-06,click
TCH0002563,CMP0010,CL00088,2024-04-27,impression
TCH0002564,CMP0010,CL00181,2024-05-20,impression
TCH0002565,CMP0010,CL00046,2024-05-03,conversion
TCH0002566,CMP0010,CL00487,2024-04-17,impression
TCH0002567,CMP0010,CL00260,2024-04-23,impression
TCH0002568,CMP0010,CL00441,2024-04-23,lead
TCH0002569,CMP0010,CL00266,2024-04-08,click
TCH0002570,CMP0010,CL00107,2024-05-23,conversion
TCH0002571,CMP0010,CL00486,2024-05-17,lead
TCH0002572,CMP0010,CL00469,2024-04-15,impression
TCH0002573,CMP0010,CL00155,2024-06-08,conversion
TCH0002574,CMP0010,CL00285,2024-05-20,lead
TCH0002575,CMP0010,CL00448,2024-03-31,conversion
TCH0002576,CMP0010,CL00489,2024-06-08,click
TCH0002577,CMP0010,CL00168,2024-05-13,impression
TCH0002578,CMP0010,CL00207,2024-05-09,conversion
TCH0002579,CMP0010,CL00196,2024-04-18,impression
TCH0002580,CMP0010,CL00353,2024-03-31,click
TCH0002581,CMP0010,CL00362,2024-05-16,click
TCH0002582,CMP0010,CL00272,2024-04-20,lead
TCH0002583,CMP0010,CL00463,2024-06-09,impression
TCH0002584,CMP0010,CL00373,2024-04-02,lead
TCH0002585,CMP0010,CL00398,2024-05-28,click
TCH0002586,CMP0010,CL00072,2024-06-01,click
TCH0002587,CMP0010,CL00433,2024-05-23,click
TCH0002588,CMP0010,CL00120,2024-04-01,lead
TCH0002589,CMP0010,CL00165,2024-05-20,click
TCH0002590,CMP0010,CL00317,2024-04-30,impression
TCH0002591,CMP0010,CL00154,2024-04-30,lead
TCH0002592,CMP0010,CL00245,2024-06-10,impression
TCH0002593,CMP0010,CL00042,2024-04-12,click
TCH0002594,CMP0010,CL00295,2024-04-02,impression
TCH0002595,CMP0010,CL00175,2024-05-12,impression
TCH0002596,CMP0010,CL00313,2024-05-24,lead
TCH0002597,CMP0010,CL00250,2024-05-27,click
TCH0002598,CMP0010,CL00090,2024-06-11,impression
TCH0002599,CMP0010,CL00480,2024-05-21,lead
TCH0002600,CMP0010,CL00457,2024-04-03,impression
TCH0002601,CMP0010,CL00444,2024-04-11,impression
TCH0002602,CMP0010,CL00350,2024-04-24,click
TCH0002603,CMP0010,CL00401,2024-04-16,impression
TCH0002604,CMP0010,CL00271,2024-05-13,click
TCH0002605,CMP0010,CL00396,2024-04-07,impression
TCH0002606,CMP0010,CL00484,2024-04-16,click
TCH0002607,CMP0010,CL00126,2024-05-05,lead
TCH0002608,CMP0010,CL00110,2024-04-24,conversion
TCH0002609,CMP0010,CL00123,2024-04-14,lead
TCH0002610,CMP0010,CL00380,2024-06-07,lead
TCH0002611,CMP0010,CL00303,2024-04-19,click
TCH0002612,CMP0010,CL00258,2024-05-07,impression
TCH0002613,CMP0010,CL00034,2024-05-20,click
TCH0002614,CMP0010,CL00156,2024-04-02,conversion
TCH0002615,CMP0010,CL00004,2024-05-20,click
TCH0002616,CMP0010,CL00496,2024-04-18,impression
TCH0002617,CMP0010,CL00434,2024-04-08,conversion
TCH0002618,CMP0010,CL00442,2024-04-15,lead
TCH0002619,CMP0010,CL00157,2024-04-13,impression
TCH0002620,CMP0010,CL00015,2024-05-29,impression
TCH0002621,CMP0010,CL00438,2024-06-10,click
TCH0002622,CMP0010,CL00061,2024-05-16,click
TCH0002623,CMP0010,CL00129,2024-04-06,click
TCH0002624,CMP0010,CL00172,2024-03-31,impression
TCH0002625,CMP0010,CL00112,2024-04-26,lead
TCH0002626,CMP0010,CL00226,2024-04-04,impression
TCH0002627,CMP0010,CL00339,2024-05-13,click
TCH0002628,CMP0010,CL00329,2024-06-01,impression
TCH0002629,CMP0010,CL00312,2024-04-01,impression
TCH0002630,CMP0010,CL00364,2024-04-11,click
TCH0002631,CMP0010,CL00040,2024-04-01,impression
TCH0002632,CMP0010,CL00473,2024-05-08,impression
TCH0002633,CMP0010,CL00164,2024-03-30,click
TCH0002634,CMP0010,CL00479,2024-06-03,conversion
TCH0002635,CMP0010,CL00124,2024-06-05,lead
TCH0002636,CMP0010,CL00311,2024-05-12,lead
TCH0002637,CMP0010,CL00388,2024-04-23,lead
TCH0002638,CMP0010,CL00316,2024-04-30,click
TCH0002639,CMP0010,CL00227,2024-05-22,lead
TCH0002640,CMP0010,CL00108,2024-04-02,impression
TCH0002641,CMP0010,CL00281,2024-04-27,lead
TCH0002642,CMP0010,CL00187,2024-05-18,lead
TCH0002643,CMP0010,CL00233,2024-06-07,click
TCH0002644,CMP0010,CL00485,2024-05-10,click
TCH0002645,CMP0010,CL00357,2024-05-06,impression
TCH0002646,CMP0010,CL00374,2024-04-26,lead
TCH0002647,CMP0010,CL00282,2024-06-06,impression
TCH0002648,CMP0010,CL00064,2024-03-30,lead
TCH0002649,CMP0010,CL00418,2024-06-08,impression
TCH0002650,CMP0010,CL00326,2024-04-16,click
TCH0002651,CMP0010,CL00073,2024-04-23,impression
TCH0002652,CMP0010,CL00055,2024-05-14,impression
TCH0002653,CMP0010,CL00217,2024-05-17,lead
TCH0002654,CMP0010,CL00249,2024-05-28,click
TCH0002655,CMP0010,CL00287,2024-04-07,click
TCH0002656,CMP0010,CL00163,2024-04-22,impression
TCH0002657,CMP0010,CL00174,2024-04-11,click
TCH0002658,CMP0010,CL00031,2024-04-30,click
TCH0002659,CMP0010,CL00468,2024-06-09,click
TCH0002660,CMP0010,CL00006,2024-05-31,impression
TCH0002661,CMP0010,CL00141,2024-04-02,conversion
TCH0002662,CMP0010,CL00345,2024-04-18,click
TCH0002663,CMP0010,CL00054,2024-04-21,impression
TCH0002664,CMP0010,CL00292,2024-04-11,lead
TCH0002665,CMP0010,CL00213,2024-04-18,lead
TCH0002666,CMP0010,CL00464,2024-04-07,click
TCH0002667,CMP0010,CL00076,2024-04-09,click
TCH0002668,CMP0010,CL00416,2024-04-01,impression
TCH0002669,CMP0010,CL00385,2024-03-31,click
TCH0002670,CMP0010,CL00148,2024-06-01,click
TCH0002671,CMP0010,CL00079,2024-04-01,lead
TCH0002672,CMP0010,CL00424,2024-04-02,lead
TCH0002673,CMP0010,CL00179,2024-04-17,impression
TCH0002674,CMP0011,CL00148,2024-12-18,lead
TCH0002675,CMP0011,CL00129,2025-01-17,impression
TCH0002676,CMP0011,CL00016,2024-11-15,click
TCH0002677,CMP0011,CL00210,2025-01-06,impression
TCH0002678,CMP0011,CL00500,2024-12-15,impression
TCH0002679,CMP0011,CL00285,2025-02-12,click
TCH0002680,CMP0011,CL00137,2025-01-22,lead
TCH0002681,CMP0011,CL00402,2024-11-23,impression
TCH0002682,CMP0011,CL00489,2025-02-08,impression
TCH0002683,CMP0011,CL00092,2024-12-24,click
TCH0002684,CMP0011,CL00383,2025-01-01,conversion
TCH0002685,CMP0011,CL00223,2025-01-19,impression
TCH0002686,CMP0011,CL00096,2024-11-11,conversion
TCH0002687,CMP0011,CL00040,2025-02-23,impression
TCH0002688,CMP0011,CL00108,2025-01-18,lead
TCH0002689,CMP0011,CL00257,2025-01-06,lead
TCH0002690,CMP0011,CL00358,2025-01-05,click
TCH0002691,CMP0011,CL00296,2024-12-17,impression
TCH0002692,CMP0011,CL00083,2025-02-13,impression
TCH0002693,CMP0011,CL00079,2025-02-01,impression
TCH0002694,CMP0011,CL00265,2025-03-05,impression
TCH0002695,CMP0011,CL00218,2024-11-15,conversion
TCH0002696,CMP0011,CL00197,2024-12-02,click
TCH0002697,CMP0011,CL00026,2025-01-13,click
TCH0002698,CMP0011,CL00428,2024-12-26,lead
TCH0002699,CMP0011,CL00311,2025-02-15,click
TCH0002700,CMP0011,CL00314,2024-11-12,click
TCH0002701,CMP0011,CL00446,2025-01-07,click
TCH0002702,CMP0011,CL00150,2024-12-08,lead
TCH0002703,CMP0011,CL00373,2024-12-11,impression
TCH0002704,CMP0011,CL00412,2024-12-05,lead
TCH0002705,CMP0011,CL00426,2024-12-19,click
TCH0002706,CMP0011,CL00193,2025-02-03,impression
TCH0002707,CMP0011,CL00180,2024-12-04,lead
TCH0002708,CMP0011,CL00363,2025-02-19,impression
TCH0002709,CMP0011,CL00138,2024-12-18,click
TCH0002710,CMP0011,CL00179,2025-02-23,click
TCH0002711,CMP0011,CL00189,2025-01-17,click
TCH0002712,CMP0011,CL00227,2024-12-26,click
TCH0002713,CMP0011,CL00250,2025-02-13,impression
TCH0002714,CMP0011,CL00369,2025-01-09,lead
TCH0002715,CMP0011,CL00206,2024-12-24,click
TCH0002716,CMP0011,CL00168,2024-11-22,impression
TCH0002717,CMP0011,CL00090,2024-12-10,impression
TCH0002718,CMP0011,CL00045,2024-11-15,click
TCH0002719,CMP0011,CL00020,2025-03-03,click
TCH0002720,CMP0011,CL00243,2025-01-20,lead
TCH0002721,CMP0011,CL00194,2025-02-21,lead
TCH0002722,CMP0011,CL00317,2024-11-07,impression
TCH0002723,CMP0011,CL00476,2024-12-07,click
TCH0002724,CMP0011,CL00024,2025-02-25,lead
TCH0002725,CMP0011,CL00259,2024-11-21,impression
TCH0002726,CMP0011,CL00135,2024-12-27,click
TCH0002727,CMP0011,CL00297,2025-03-04,impression
TCH0002728,CMP0011,CL00114,2025-02-18,conversion
TCH0002729,CMP0011,CL00164,2025-02-22,impression
TCH0002730,CMP0011,CL00139,2024-12-24,click
TCH0002731,CMP0011,CL00080,2025-01-30,impression
TCH0002732,CMP0011,CL00062,2025-02-21,lead
TCH0002733,CMP0011,CL00152,2025-01-15,click
TCH0002734,CMP0011,CL00458,2025-03-05,impression
TCH0002735,CMP0011,CL00486,2025-02-02,impression
TCH0002736,CMP0011,CL00048,2024-12-29,click
TCH0002737,CMP0011,CL00329,2024-12-29,lead
TCH0002738,CMP0011,CL00450,2024-12-10,click
TCH0002739,CMP0011,CL00354,2024-11-22,impression
TCH0002740,CMP0011,CL00390,2025-02-05,conversion
TCH0002741,CMP0011,CL00001,2025-02-26,impression
TCH0002742,CMP0011,CL00292,2025-02-21,click
TCH0002743,CMP0011,CL00177,2024-12-20,click
TCH0002744,CMP0011,CL00490,2024-12-21,click
TCH0002745,CMP0011,CL00318,2025-01-06,click
TCH0002746,CMP0011,CL00460,2025-02-27,impression
TCH0002747,CMP0011,CL00304,2024-12-11,impression
TCH0002748,CMP0011,CL00309,2025-01-12,lead
TCH0002749,CMP0011,CL00393,2025-01-14,lead
TCH0002750,CMP0011,CL00303,2024-12-27,impression
TCH0002751,CMP0011,CL00376,2024-12-14,impression
TCH0002752,CMP0011,CL00377,2024-11-23,lead
TCH0002753,CMP0011,CL00065,2025-02-02,conversion
TCH0002754,CMP0011,CL00192,2024-12-01,click
TCH0002755,CMP0011,CL00429,2025-01-14,click
TCH0002756,CMP0011,CL00015,2024-11-17,impression
TCH0002757,CMP0011,CL00475,2024-11-20,impression
TCH0002758,CMP0011,CL00433,2024-12-28,lead
TCH0002759,CMP0011,CL00427,2024-12-10,conversion
TCH0002760,CMP0011,CL00364,2025-03-04,lead
TCH0002761,CMP0011,CL00379,2025-02-24,click
TCH0002762,CMP0012,CL00400,2025-04-03,lead
TCH0002763,CMP0012,CL00191,2025-05-06,impression
TCH0002764,CMP0012,CL00266,2025-05-15,conversion
TCH0002765,CMP0012,CL00029,2025-04-23,lead
TCH0002766,CMP0012,CL00336,2025-03-22,lead
TCH0002767,CMP0012,CL00299,2025-03-23,impression
TCH0002768,CMP0012,CL00127,2025-05-17,click
TCH0002769,CMP0012,CL00005,2025-05-04,click
TCH0002770,CMP0012,CL00442,2025-05-10,impression
TCH0002771,CMP0012,CL00166,2025-03-28,lead
TCH0002772,CMP0012,CL00007,2025-05-11,click
TCH0002773,CMP0012,CL00337,2025-04-16,impression
TCH0002774,CMP0012,CL00137,2025-05-12,conversion
TCH0002775,CMP0012,CL00010,2025-05-04,impression
TCH0002776,CMP0012,CL00017,2025-04-12,impression
TCH0002777,CMP0012,CL00325,2025-05-08,lead
TCH0002778,CMP0012,CL00383,2025-04-10,click
TCH0002779,CMP0012,CL00259,2025-04-07,click
TCH0002780,CMP0012,CL00105,2025-04-21,lead
TCH0002781,CMP0012,CL00175,2025-05-03,impression
TCH0002782,CMP0012,CL00492,2025-05-16,click
TCH0002783,CMP0012,CL00483,2025-05-16,lead
TCH0002784,CMP0012,CL00245,2025-04-10,lead
TCH0002785,CMP0012,CL00433,2025-04-30,lead
TCH0002786,CMP0012,CL00153,2025-03-24,click
TCH0002787,CMP0012,CL00385,2025-03-22,impression
TCH0002788,CMP0012,CL00390,2025-04-13,conversion
TCH0002789,CMP0012,CL00285,2025-05-01,impression
TCH0002790,CMP0012,CL00047,2025-03-31,lead
TCH0002791,CMP0012,CL00247,2025-05-05,impression
TCH0002792,CMP0012,CL00046,2025-04-02,lead
TCH0002793,CMP0012,CL00052,2025-05-18,lead
TCH0002794,CMP0012,CL00315,2025-05-05,impression
TCH0002795,CMP0012,CL00467,2025-03-26,click
TCH0002796,CMP0012,CL00248,2025-04-03,impression
TCH0002797,CMP0012,CL00227,2025-04-16,impression
TCH0002798,CMP0012,CL00194,2025-04-13,click
TCH0002799,CMP0012,CL00414,2025-04-29,click
TCH0002800,CMP0012,CL00226,2025-04-30,impression
TCH0002801,CMP0012,CL00055,2025-04-09,impression
TCH0002802,CMP0012,CL00037,2025-04-08,click
TCH0002803,CMP0012,CL00265,2025-05-08,impression
TCH0002804,CMP0012,CL00439,2025-04-12,click
TCH0002805,CMP0012,CL00379,2025-03-27,impression
TCH0002806,CMP0012,CL00065,2025-05-13,lead
TCH0002807,CMP0012,CL00209,2025-04-08,conversion
TCH0002808,CMP0012,CL00440,2025-04-10,click
TCH0002809,CMP0012,CL00381,2025-03-28,click
TCH0002810,CMP0012,CL00312,2025-04-10,impression
TCH0002811,CMP0012,CL00106,2025-05-02,lead
TCH0002812,CMP0012,CL00066,2025-05-07,click
TCH0002813,CMP0012,CL00460,2025-05-09,click
TCH0002814,CMP0012,CL00152,2025-04-15,impression
TCH0002815,CMP0012,CL00192,2025-04-08,click
TCH0002816,CMP0012,CL00489,2025-05-14,lead
TCH0002817,CMP0012,CL00406,2025-03-25,lead
TCH0002818,CMP0012,CL00023,2025-04-06,impression
TCH0002819,CMP0012,CL00090,2025-04-14,click
TCH0002820,CMP0012,CL00099,2025-04-14,conversion
TCH0002821,CMP0012,CL00213,2025-04-07,lead
TCH0002822,CMP0012,CL00333,2025-04-11,lead
TCH0002823,CMP0012,CL00239,2025-04-09,click
TCH0002824,CMP0012,CL00216,2025-04-25,impression
TCH0002825,CMP0012,CL00478,2025-04-03,click
TCH0002826,CMP0012,CL00468,2025-05-17,click
TCH0002827,CMP0012,CL00409,2025-04-10,click
TCH0002828,CMP0012,CL00252,2025-03-23,lead
TCH0002829,CMP0012,CL00207,2025-05-09,impression
TCH0002830,CMP0012,CL00042,2025-05-03,conversion
TCH0002831,CMP0012,CL00488,2025-05-07,click
TCH0002832,CMP0012,CL00250,2025-04-30,click
TCH0002833,CMP0012,CL00454,2025-04-12,impression
TCH0002834,CMP0012,CL00472,2025-03-31,click
TCH0002835,CMP0012,CL00354,2025-05-12,impression
TCH0002836,CMP0012,CL00008,2025-05-09,conversion
TCH0002837,CMP0012,CL00466,2025-04-10,impression
TCH0002838,CMP0012,CL00420,2025-05-05,conversion
TCH0002839,CMP0012,CL00436,2025-03-24,impression
TCH0002840,CMP0012,CL00290,2025-05-17,impression
TCH0002841,CMP0012,CL00500,2025-04-14,click
TCH0002842,CMP0012,CL00453,2025-03-31,impression
TCH0002843,CMP0012,CL00233,2025-04-04,lead
TCH0002844,CMP0012,CL00206,2025-04-05,impression
TCH0002845,CMP0012,CL00272,2025-03-29,lead
TCH0002846,CMP0012,CL00183,2025-04-30,impression
TCH0002847,CMP0012,CL00173,2025-05-05,impression
TCH0002848,CMP0012,CL00353,2025-03-27,impression
TCH0002849,CMP0012,CL00444,2025-05-04,lead
TCH0002850,CMP0012,CL00098,2025-04-15,impression
TCH0002851,CMP0012,CL00422,2025-05-10,click
TCH0002852,CMP0012,CL00180,2025-03-31,lead
TCH0002853,CMP0012,CL00044,2025-05-08,impression
TCH0002854,CMP0012,CL00429,2025-04-27,impression
TCH0002855,CMP0012,CL00373,2025-04-10,click
TCH0002856,CMP0012,CL00495,2025-03-23,impression
TCH0002857,CMP0012,CL00412,2025-04-03,impression
TCH0002858,CMP0012,CL00035,2025-04-30,click
TCH0002859,CMP0012,CL00177,2025-04-08,impression
TCH0002860,CMP0012,CL00419,2025-05-19,click
TCH0002861,CMP0012,CL00041,2025-04-20,conversion
TCH0002862,CMP0012,CL00309,2025-04-22,impression
TCH0002863,CMP0012,CL00464,2025-03-23,click
TCH0002864,CMP0012,CL00198,2025-04-14,impression
TCH0002865,CMP0012,CL00375,2025-04-23,impression
TCH0002866,CMP0012,CL00195,2025-04-04,conversion
TCH0002867,CMP0012,CL00097,2025-04-14,impression
TCH0002868,CMP0012,CL00139,2025-04-13,click
TCH0002869,CMP0012,CL00060,2025-04-29,impression
TCH0002870,CMP0012,CL00458,2025-05-09,conversion
TCH0002871,CMP0012,CL00432,2025-03-27,impression
TCH0002872,CMP0012,CL00076,2025-05-12,click
TCH0002873,CMP0012,CL00274,2025-04-05,impression
TCH0002874,CMP0012,CL00115,2025-04-27,click
TCH0002875,CMP0012,CL00181,2025-05-04,click
TCH0002876,CMP0012,CL00345,2025-04-04,lead
TCH0002877,CMP0012,CL00378,2025-04-06,impression
TCH0002878,CMP0012,CL00157,2025-04-11,impression
TCH0002879,CMP0012,CL00384,2025-04-10,click
TCH0002880,CMP0012,CL00362,2025-04-15,impression
TCH0002881,CMP0012,CL00448,2025-05-02,lead
TCH0002882,CMP0012,CL00303,2025-05-08,click
TCH0002883,CMP0012,CL00314,2025-04-09,click
TCH0002884,CMP0012,CL00408,2025-04-10,lead
TCH0002885,CMP0012,CL00459,2025-04-21,lead
TCH0002886,CMP0012,CL00072,2025-05-20,impression
TCH0002887,CMP0012,CL00426,2025-03-28,click
TCH0002888,CMP0012,CL00187,2025-04-13,lead
TCH0002889,CMP0012,CL00032,2025-03-31,lead
TCH0002890,CMP0012,CL00083,2025-03-31,click
TCH0002891,CMP0012,CL00470,2025-05-19,impression
TCH0002892,CMP0012,CL00091,2025-04-16,impression
TCH0002893,CMP0012,CL00297,2025-05-09,click
TCH0002894,CMP0012,CL00018,2025-05-05,click
TCH0002895,CMP0012,CL00485,2025-04-14,impression
TCH0002896,CMP0012,CL00022,2025-04-17,impression
TCH0002897,CMP0012,CL00356,2025-05-16,click
TCH0002898,CMP0012,CL00111,2025-04-22,click
TCH0002899,CMP0012,CL00456,2025-04-13,click
TCH0002900,CMP0012,CL00234,2025-03-30,click
TCH0002901,CMP0012,CL00493,2025-04-03,click
TCH0002902,CMP0012,CL00167,2025-05-03,click
TCH0002903,CMP0012,CL00326,2025-04-06,click
TCH0002904,CMP0012,CL00457,2025-05-17,conversion
TCH0002905,CMP0012,CL00193,2025-05-04,lead
TCH0002906,CMP0012,CL00003,2025-03-30,click
TCH0002907,CMP0012,CL00015,2025-05-10,impression
TCH0002908,CMP0012,CL00120,2025-04-15,impression
TCH0002909,CMP0012,CL00497,2025-03-26,conversion
TCH0002910,CMP0012,CL00358,2025-04-09,impression
TCH0002911,CMP0012,CL00096,2025-05-02,click
TCH0002912,CMP0012,CL00308,2025-04-10,impression
TCH0002913,CMP0012,CL00172,2025-04-19,impression
TCH0002914,CMP0012,CL00093,2025-04-12,click
TCH0002915,CMP0012,CL00304,2025-04-04,click
TCH0002916,CMP0012,CL00114,2025-05-16,impression
TCH0002917,CMP0012,CL00016,2025-05-10,lead
TCH0002918,CMP0012,CL00359,2025-04-26,impression
TCH0002919,CMP0012,CL00109,2025-04-28,click
TCH0002920,CMP0012,CL00413,2025-04-06,click
TCH0002921,CMP0012,CL00370,2025-04-30,impression
TCH0002922,CMP0012,CL00324,2025-03-31,lead
TCH0002923,CMP0012,CL00219,2025-04-07,impression
TCH0002924,CMP0012,CL00217,2025-03-28,lead
TCH0002925,CMP0012,CL00437,2025-04-26,lead
TCH0002926,CMP0012,CL00130,2025-04-10,lead
TCH0002927,CMP0012,CL00113,2025-04-26,impression
TCH0002928,CMP0012,CL00128,2025-05-09,lead
TCH0002929,CMP0012,CL00043,2025-05-01,click
TCH0002930,CMP0012,CL00030,2025-04-01,lead
TCH0002931,CMP0012,CL00246,2025-05-20,impression
TCH0002932,CMP0012,CL00200,2025-05-09,impression
TCH0002933,CMP0012,CL00161,2025-03-31,lead
TCH0002934,CMP0012,CL00473,2025-04-10,lead
TCH0002935,CMP0012,CL00189,2025-03-25,click
TCH0002936,CMP0012,CL00295,2025-04-17,click
TCH0002937,CMP0012,CL00024,2025-04-10,click
TCH0002938,CMP0012,CL00171,2025-03-29,click
TCH0002939,CMP0012,CL00449,2025-04-13,impression
TCH0002940,CMP0012,CL00038,2025-04-19,impression
TCH0002941,CMP0012,CL00208,2025-04-22,click
TCH0002942,CMP0012,CL00164,2025-05-13,lead
TCH0002943,CMP0012,CL00144,2025-05-18,conversion
TCH0002944,CMP0012,CL00045,2025-05-11,lead
TCH0002945,CMP0012,CL00275,2025-05-11,click
TCH0002946,CMP0012,CL00051,2025-04-20,lead
TCH0002947,CMP0012,CL00129,2025-05-02,click
TCH0002948,CMP0012,CL00186,2025-04-17,impression
TCH0002949,CMP0012,CL00401,2025-03-23,impression
TCH0002950,CMP0012,CL00416,2025-04-18,click
TCH0002951,CMP0012,CL00403,2025-05-04,impression
TCH0002952,CMP0012,CL00218,2025-04-24,conversion
TCH0002953,CMP0012,CL00184,2025-05-17,impression
TCH0002954,CMP0012,CL00462,2025-04-01,lead
TCH0002955,CMP0012,CL00369,2025-03-22,click
TCH0002956,CMP0012,CL00288,2025-04-22,impression
TCH0002957,CMP0012,CL00249,2025-04-09,impression
TCH0002958,CMP0012,CL00210,2025-04-13,impression
TCH0002959,CMP0012,CL00141,2025-05-16,click
TCH0002960,CMP0012,CL00185,2025-03-24,impression
TCH0002961,CMP0012,CL00258,2025-04-19,impression
TCH0002962,CMP0012,CL00058,2025-05-02,impression
TCH0002963,CMP0012,CL00273,2025-04-28,conversion
TCH0002964,CMP0012,CL00267,2025-05-10,lead
TCH0002965,CMP0012,CL00077,2025-05-16,conversion
TCH0002966,CMP0012,CL00357,2025-04-28,click
TCH0002967,CMP0012,CL00215,2025-04-19,lead
TCH0002968,CMP0012,CL00102,2025-05-06,lead
TCH0002969,CMP0012,CL00033,2025-03-24,impression
TCH0002970,CMP0012,CL00428,2025-05-14,impression
TCH0002971,CMP0012,CL00271,2025-05-05,lead
TCH0002972,CMP0012,CL00056,2025-03-29,click
TCH0002973,CMP0012,CL00450,2025-05-11,impression
TCH0002974,CMP0012,CL00292,2025-04-29,impression
TCH0002975,CMP0012,CL00367,2025-03-27,click
TCH0002976,CMP0012,CL00006,2025-05-20,impression
TCH0002977,CMP0012,CL00118,2025-04-27,impression
TCH0002978,CMP0012,CL00376,2025-05-11,lead
TCH0002979,CMP0012,CL00476,2025-04-09,lead
TCH0002980,CMP0012,CL00170,2025-05-15,click
TCH0002981,CMP0012,CL00391,2025-05-17,click
TCH0002982,CMP0012,CL00001,2025-05-17,click
TCH0002983,CMP0012,CL00229,2025-05-11,click
TCH0002984,CMP0012,CL00282,2025-03-25,lead
TCH0002985,CMP0012,CL00393,2025-04-21,lead
TCH0002986,CMP0012,CL00388,2025-03-27,click
TCH0002987,CMP0012,CL00317,2025-04-07,impression
TCH0002988,CMP0012,CL00080,2025-04-21,impression
TCH0002989,CMP0012,CL00298,2025-05-05,lead
TCH0002990,CMP0012,CL00318,2025-03-22,impression
TCH0002991,CMP0012,CL00445,2025-04-12,impression
TCH0002992,CMP0012,CL00116,2025-04-25,click
TCH0002993,CMP0012,CL00310,2025-04-24,click
TCH0002994,CMP0012,CL00026,2025-03-28,impression
TCH0002995,CMP0012,CL00232,2025-05-04,impression
TCH0002996,CMP0012,CL00418,2025-04-26,conversion
TCH0002997,CMP0012,CL00048,2025-05-07,lead
TCH0002998,CMP0012,CL00311,2025-04-04,impression
TCH0002999,CMP0012,CL00174,2025-03-26,lead
TCH0003000,CMP0012,CL00025,2025-04-05,lead
TCH0003001,CMP0012,CL00179,2025-04-29,conversion
TCH0003002,CMP0012,CL00260,2025-04-02,lead
TCH0003003,CMP0012,CL00197,2025-03-29,impression
TCH0003004,CMP0012,CL00126,2025-05-03,impression
TCH0003005,CMP0012,CL00028,2025-03-30,impression
TCH0003006,CMP0012,CL00287,2025-04-04,impression
TCH0003007,CMP0012,CL00237,2025-05-14,impression
TCH0003008,CMP0012,CL00343,2025-04-08,click
TCH0003009,CMP0012,CL00036,2025-04-06,click
TCH0003010,CMP0012,CL00363,2025-04-25,impression
TCH0003011,CMP0012,CL00138,2025-04-29,click
TCH0003012,CMP0012,CL00104,2025-04-28,lead
TCH0003013,CMP0012,CL00159,2025-03-24,lead
TCH0003014,CMP0012,CL00339,2025-04-14,click
TCH0003015,CMP0012,CL00092,2025-04-03,lead
TCH0003016,CMP0012,CL00064,2025-04-11,lead
TCH0003017,CMP0012,CL00049,2025-05-08,impression
TCH0003018,CMP0013,CL00495,2025-12-18,lead
TCH0003019,CMP0013,CL00048,2026-01-13,impression
TCH0003020,CMP0013,CL00037,2026-01-11,impression
TCH0003021,CMP0013,CL00384,2025-12-15,impression
TCH0003022,CMP0013,CL00369,2025-11-13,click
TCH0003023,CMP0013,CL00413,2025-11-19,impression
TCH0003024,CMP0013,CL00248,2025-12-25,impression
TCH0003025,CMP0013,CL00026,2025-12-07,click
TCH0003026,CMP0013,CL00245,2025-11-06,lead
TCH0003027,CMP0013,CL00024,2025-12-29,lead
TCH0003028,CMP0013,CL00310,2025-11-03,click
TCH0003029,CMP0013,CL00076,2025-12-03,click
TCH0003030,CMP0013,CL00378,2025-11-12,conversion
TCH0003031,CMP0013,CL00436,2025-11-30,click
TCH0003032,CMP0013,CL00209,2025-11-19,impression
TCH0003033,CMP0013,CL00206,2026-01-14,click
TCH0003034,CMP0013,CL00315,2025-12-24,click
TCH0003035,CMP0013,CL00381,2025-12-08,lead
TCH0003036,CMP0013,CL00445,2025-11-25,impression
TCH0003037,CMP0013,CL00058,2025-12-03,click
TCH0003038,CMP0013,CL00194,2025-11-30,conversion
TCH0003039,CMP0013,CL00259,2026-01-20,lead
TCH0003040,CMP0013,CL00003,2026-01-23,click
TCH0003041,CMP0013,CL00198,2025-12-10,lead
TCH0003042,CMP0013,CL00412,2026-01-27,click
TCH0003043,CMP0013,CL00022,2025-11-05,click
TCH0003044,CMP0013,CL00249,2026-01-25,lead
TCH0003045,CMP0013,CL00023,2026-01-28,conversion
TCH0003046,CMP0013,CL00359,2025-11-20,conversion
TCH0003047,CMP0013,CL00208,2026-01-09,impression
TCH0003048,CMP0013,CL00312,2025-12-02,conversion
TCH0003049,CMP0013,CL00025,2026-01-29,impression
TCH0003050,CMP0013,CL00227,2026-01-10,lead
TCH0003051,CMP0013,CL00457,2025-12-14,impression
TCH0003052,CMP0013,CL00184,2025-11-03,impression
TCH0003053,CMP0013,CL00035,2026-01-21,impression
TCH0003054,CMP0013,CL00232,2025-11-10,impression
TCH0003055,CMP0013,CL00282,2025-11-21,impression
TCH0003056,CMP0013,CL00216,2025-11-25,click
TCH0003057,CMP0013,CL00353,2026-01-18,impression
TCH0003058,CMP0013,CL00406,2025-12-15,impression
TCH0003059,CMP0013,CL00129,2025-12-15,click
TCH0003060,CMP0013,CL00157,2026-01-04,conversion
TCH0003061,CMP0013,CL00189,2026-01-02,lead
TCH0003062,CMP0013,CL00118,2026-01-05,lead
TCH0003063,CMP0013,CL00401,2025-11-11,impression
TCH0003064,CMP0013,CL00028,2026-01-10,impression
TCH0003065,CMP0013,CL00290,2026-01-11,lead
TCH0003066,CMP0013,CL00473,2026-01-15,lead
TCH0003067,CMP0013,CL00456,2025-12-11,impression
TCH0003068,CMP0013,CL00483,2025-11-09,click
TCH0003069,CMP0013,CL00187,2026-01-08,click
TCH0003070,CMP0013,CL00258,2025-11-22,click
TCH0003071,CMP0013,CL00357,2026-01-11,impression
TCH0003072,CMP0013,CL00385,2025-12-03,lead
TCH0003073,CMP0013,CL00096,2025-12-27,lead
TCH0003074,CMP0013,CL00077,2026-01-24,click
TCH0003075,CMP0013,CL00097,2025-11-15,impression
TCH0003076,CMP0013,CL00127,2025-11-22,click
TCH0003077,CMP0013,CL00200,2025-12-03,click
TCH0003078,CMP0013,CL00064,2025-12-11,impression
TCH0003079,CMP0013,CL00164,2025-12-07,lead
TCH0003080,CMP0013,CL00099,2025-11-06,conversion
TCH0003081,CMP0013,CL00433,2025-12-10,impression
TCH0003082,CMP0013,CL00191,2026-01-03,lead
TCH0003083,CMP0013,CL00217,2025-12-14,impression
TCH0003084,CMP0013,CL00285,2026-01-03,impression
TCH0003085,CMP0013,CL00159,2026-01-19,lead
TCH0003086,CMP0013,CL00036,2025-11-04,impression
TCH0003087,CMP0013,CL00426,2025-12-24,impression
TCH0003088,CMP0013,CL00432,2025-12-13,click
TCH0003089,CMP0013,CL00453,2026-01-28,click
TCH0003090,CMP0013,CL00046,2026-01-11,impression
TCH0003091,CMP0013,CL00354,2025-11-26,click
TCH0003092,CMP0013,CL00166,2025-12-27,lead
TCH0003093,CMP0013,CL00460,2025-12-13,impression
TCH0003094,CMP0013,CL00105,2025-12-15,impression
TCH0003095,CMP0013,CL00311,2025-12-21,impression
TCH0003096,CMP0013,CL00007,2026-01-12,conversion
TCH0003097,CMP0013,CL00440,2025-12-20,impression
TCH0003098,CMP0013,CL00422,2026-01-02,impression
TCH0003099,CMP0013,CL00325,2025-12-03,conversion
TCH0003100,CMP0013,CL00400,2025-12-26,impression
TCH0003101,CMP0013,CL00454,2026-01-15,lead
TCH0003102,CMP0013,CL00041,2025-12-13,impression
TCH0003103,CMP0013,CL00032,2025-11-28,impression
TCH0003104,CMP0013,CL00343,2025-12-17,impression
TCH0003105,CMP0013,CL00336,2026-01-22,click
TCH0003106,CMP0013,CL00207,2025-11-25,impression
TCH0003107,CMP0013,CL00478,2025-11-29,lead
TCH0003108,CMP0013,CL00326,2025-12-21,impression
TCH0003109,CMP0013,CL00114,2025-12-05,impression
TCH0003110,CMP0013,CL00272,2025-12-02,click
TCH0003111,CMP0013,CL00006,2025-12-26,impression
TCH0003112,CMP0013,CL00172,2025-11-06,lead
TCH0003113,CMP0013,CL00180,2025-11-25,impression
TCH0003114,CMP0013,CL00042,2025-11-11,lead
TCH0003115,CMP0013,CL00339,2025-12-29,click
TCH0003116,CMP0013,CL00429,2025-11-27,conversion
TCH0003117,CMP0013,CL00492,2026-01-04,impression
TCH0003118,CMP0013,CL00179,2026-01-16,lead
TCH0003119,CMP0013,CL00113,2026-01-07,click
TCH0003120,CMP0013,CL00056,2025-12-14,impression
TCH0003121,CMP0013,CL00437,2025-12-06,impression
TCH0003122,CMP0013,CL00488,2026-01-29,click
TCH0003123,CMP0013,CL00161,2026-01-21,impression
TCH0003124,CMP0013,CL00137,2026-01-30,impression
TCH0003125,CMP0013,CL00416,2026-01-25,lead
TCH0003126,CMP0013,CL00295,2025-12-11,impression
TCH0003127,CMP0013,CL00287,2026-01-27,impression
TCH0003128,CMP0013,CL00052,2025-12-31,lead
TCH0003129,CMP0013,CL00367,2026-01-17,click
TCH0003130,CMP0013,CL00376,2025-11-13,impression
TCH0003131,CMP0013,CL00197,2025-11-26,impression
TCH0003132,CMP0014,CL00315,2024-10-25,impression
TCH0003133,CMP0014,CL00185,2024-10-18,impression
TCH0003134,CMP0014,CL00175,2024-09-09,lead
TCH0003135,CMP0014,CL00050,2024-09-05,lead
TCH0003136,CMP0014,CL00157,2024-10-16,impression
TCH0003137,CMP0014,CL00075,2024-10-03,click
TCH0003138,CMP0014,CL00469,2024-11-01,click
TCH0003139,CMP0014,CL00385,2024-08-16,click
TCH0003140,CMP0014,CL00462,2024-07-17,click
TCH0003141,CMP0014,CL00439,2024-07-30,impression
TCH0003142,CMP0014,CL00237,2024-09-24,conversion
TCH0003143,CMP0014,CL00285,2024-08-22,impression
TCH0003144,CMP0014,CL00396,2024-07-17,impression
TCH0003145,CMP0014,CL00200,2024-07-22,impression
TCH0003146,CMP0014,CL00310,2024-10-08,lead
TCH0003147,CMP0014,CL00233,2024-09-23,click
TCH0003148,CMP0014,CL00409,2024-08-23,impression
TCH0003149,CMP0014,CL00483,2024-11-03,impression
TCH0003150,CMP0014,CL00242,2024-08-24,impression
TCH0003151,CMP0014,CL00227,2024-09-06,click
TCH0003152,CMP0014,CL00485,2024-10-12,impression
TCH0003153,CMP0014,CL00216,2024-10-06,click
TCH0003154,CMP0014,CL00181,2024-08-14,impression
TCH0003155,CMP0014,CL00033,2024-10-25,conversion
TCH0003156,CMP0014,CL00102,2024-09-28,click
TCH0003157,CMP0014,CL00138,2024-08-25,impression
TCH0003158,CMP0014,CL00238,2024-11-10,impression
TCH0003159,CMP0014,CL00323,2024-08-19,impression
TCH0003160,CMP0014,CL00375,2024-10-03,impression
TCH0003161,CMP0014,CL00358,2024-09-27,impression
TCH0003162,CMP0014,CL00484,2024-08-26,click
TCH0003163,CMP0014,CL00296,2024-11-11,impression
TCH0003164,CMP0014,CL00154,2024-11-08,click
TCH0003165,CMP0014,CL00206,2024-09-11,impression
TCH0003166,CMP0014,CL00095,2024-11-02,impression
TCH0003167,CMP0014,CL00212,2024-09-25,lead
TCH0003168,CMP0014,CL00112,2024-07-26,impression
TCH0003169,CMP0014,CL00287,2024-11-11,click
TCH0003170,CMP0014,CL00354,2024-08-05,impression
TCH0003171,CMP0014,CL00288,2024-10-16,lead
TCH0003172,CMP0014,CL00458,2024-09-01,click
TCH0003173,CMP0014,CL00047,2024-10-13,click
TCH0003174,CMP0014,CL00093,2024-09-24,impression
TCH0003175,CMP0014,CL00099,2024-08-27,impression
TCH0003176,CMP0014,CL00440,2024-10-29,conversion
TCH0003177,CMP0014,CL00255,2024-10-14,impression
TCH0003178,CMP0014,CL00007,2024-09-17,impression
TCH0003179,CMP0014,CL00456,2024-10-26,click
TCH0003180,CMP0014,CL00265,2024-09-08,lead
TCH0003181,CMP0014,CL00320,2024-09-06,conversion
TCH0003182,CMP0014,CL00257,2024-08-05,impression
TCH0003183,CMP0014,CL00008,2024-09-16,impression
TCH0003184,CMP0014,CL00463,2024-09-08,impression
TCH0003185,CMP0014,CL00405,2024-10-31,impression
TCH0003186,CMP0014,CL00309,2024-10-01,conversion
TCH0003187,CMP0014,CL00363,2024-09-02,click
TCH0003188,CMP0014,CL00367,2024-09-27,impression
TCH0003189,CMP0014,CL00292,2024-09-27,conversion
TCH0003190,CMP0014,CL00433,2024-09-24,lead
TCH0003191,CMP0014,CL00329,2024-11-05,impression
TCH0003192,CMP0014,CL00307,2024-08-13,click
TCH0003193,CMP0014,CL00356,2024-09-09,impression
TCH0003194,CMP0014,CL00194,2024-08-28,lead
TCH0003195,CMP0014,CL00312,2024-10-29,click
TCH0003196,CMP0014,CL00201,2024-09-19,lead
TCH0003197,CMP0014,CL00167,2024-10-25,impression
TCH0003198,CMP0014,CL00337,2024-08-28,lead
TCH0003199,CMP0014,CL00250,2024-08-05,conversion
TCH0003200,CMP0014,CL00003,2024-11-02,impression
TCH0003201,CMP0014,CL00364,2024-08-19,lead
TCH0003202,CMP0014,CL00266,2024-08-08,click
TCH0003203,CMP0014,CL00299,2024-08-13,click
TCH0003204,CMP0014,CL00086,2024-11-10,lead
TCH0003205,CMP0014,CL00391,2024-11-08,click
TCH0003206,CMP0014,CL00126,2024-07-28,click
TCH0003207,CMP0014,CL00048,2024-08-23,conversion
TCH0003208,CMP0014,CL00035,2024-08-03,click
TCH0003209,CMP0014,CL00346,2024-11-07,impression
TCH0003210,CMP0014,CL00155,2024-07-18,click
TCH0003211,CMP0014,CL00438,2024-10-27,conversion
TCH0003212,CMP0014,CL00437,2024-10-26,impression
TCH0003213,CMP0014,CL00183,2024-09-03,impression
TCH0003214,CMP0014,CL00345,2024-10-08,impression
TCH0003215,CMP0014,CL00111,2024-10-16,click
TCH0003216,CMP0014,CL00088,2024-09-17,impression
TCH0003217,CMP0014,CL00277,2024-09-10,lead
TCH0003218,CMP0014,CL00114,2024-08-19,impression
TCH0003219,CMP0014,CL00472,2024-10-21,lead
TCH0003220,CMP0014,CL00373,2024-08-27,lead
TCH0003221,CMP0014,CL00015,2024-09-14,click
TCH0003222,CMP0014,CL00030,2024-09-04,impression
TCH0003223,CMP0014,CL00123,2024-08-01,impression
TCH0003224,CMP0014,CL00400,2024-10-22,lead
TCH0003225,CMP0014,CL00359,2024-07-28,impression
TCH0003226,CMP0014,CL00101,2024-09-02,impression
TCH0003227,CMP0014,CL00326,2024-11-01,lead
TCH0003228,CMP0014,CL00393,2024-08-09,impression
TCH0003229,CMP0014,CL00248,2024-09-30,impression
TCH0003230,CMP0014,CL00239,2024-10-30,click
TCH0003231,CMP0014,CL00105,2024-08-13,impression
TCH0003232,CMP0014,CL00401,2024-08-19,click
TCH0003233,CMP0014,CL00072,2024-10-17,click
TCH0003234,CMP0014,CL00040,2024-09-21,click
TCH0003235,CMP0014,CL00036,2024-10-14,impression
TCH0003236,CMP0014,CL00106,2024-08-18,impression
TCH0003237,CMP0014,CL00166,2024-08-28,impression
TCH0003238,CMP0014,CL00070,2024-08-18,conversion
TCH0003239,CMP0014,CL00500,2024-08-02,click
TCH0003240,CMP0014,CL00300,2024-09-10,click
TCH0003241,CMP0014,CL00221,2024-08-19,lead
TCH0003242,CMP0014,CL00091,2024-10-06,impression
TCH0003243,CMP0014,CL00067,2024-08-19,impression
TCH0003244,CMP0014,CL00134,2024-09-29,impression
TCH0003245,CMP0014,CL00370,2024-08-09,impression
TCH0003246,CMP0014,CL00361,2024-09-23,impression
TCH0003247,CMP0014,CL00256,2024-10-09,lead
TCH0003248,CMP0014,CL00214,2024-11-11,click
TCH0003249,CMP0014,CL00436,2024-09-27,impression
TCH0003250,CMP0014,CL00019,2024-08-25,impression
TCH0003251,CMP0014,CL00411,2024-10-25,impression
TCH0003252,CMP0014,CL00118,2024-08-28,lead
TCH0003253,CMP0014,CL00447,2024-09-11,impression
TCH0003254,CMP0014,CL00051,2024-09-16,impression
TCH0003255,CMP0014,CL00389,2024-10-30,impression
TCH0003256,CMP0014,CL00223,2024-11-05,impression
TCH0003257,CMP0014,CL00388,2024-08-21,impression
TCH0003258,CMP0014,CL00210,2024-08-17,lead
TCH0003259,CMP0014,CL00127,2024-10-17,click
TCH0003260,CMP0014,CL00431,2024-08-26,click
TCH0003261,CMP0014,CL00159,2024-11-01,conversion
TCH0003262,CMP0014,CL00402,2024-10-23,lead
TCH0003263,CMP0014,CL00146,2024-10-16,click
TCH0003264,CMP0014,CL00446,2024-08-11,impression
TCH0003265,CMP0014,CL00215,2024-10-02,impression
TCH0003266,CMP0014,CL00060,2024-07-26,impression
TCH0003267,CMP0014,CL00104,2024-07-23,click
TCH0003268,CMP0014,CL00464,2024-09-17,lead
TCH0003269,CMP0014,CL00045,2024-10-27,conversion
TCH0003270,CMP0014,CL00113,2024-07-21,click
TCH0003271,CMP0014,CL00023,2024-08-13,impression
TCH0003272,CMP0014,CL00110,2024-10-11,click
TCH0003273,CMP0014,CL00189,2024-10-01,impression
TCH0003274,CMP0014,CL00058,2024-10-05,click
TCH0003275,CMP0014,CL00125,2024-07-19,click
TCH0003276,CMP0014,CL00493,2024-09-19,impression
TCH0003277,CMP0014,CL00290,2024-08-06,lead
TCH0003278,CMP0014,CL00115,2024-07-22,conversion
TCH0003279,CMP0014,CL00357,2024-09-15,impression
TCH0003280,CMP0014,CL00230,2024-08-11,click
TCH0003281,CMP0014,CL00261,2024-09-22,click
TCH0003282,CMP0014,CL00379,2024-09-17,lead
TCH0003283,CMP0014,CL00410,2024-08-22,click
TCH0003284,CMP0014,CL00454,2024-08-07,impression
TCH0003285,CMP0014,CL00274,2024-07-25,impression
TCH0003286,CMP0014,CL00311,2024-09-18,impression
TCH0003287,CMP0014,CL00421,2024-09-11,click
TCH0003288,CMP0014,CL00094,2024-09-22,lead
TCH0003289,CMP0014,CL00319,2024-07-28,lead
TCH0003290,CMP0014,CL00211,2024-10-16,impression
TCH0003291,CMP0014,CL00130,2024-10-19,click
TCH0003292,CMP0014,CL00188,2024-09-07,impression
TCH0003293,CMP0014,CL00018,2024-10-13,click
TCH0003294,CMP0014,CL00460,2024-09-12,impression
TCH0003295,CMP0014,CL00193,2024-09-13,click
TCH0003296,CMP0014,CL00179,2024-11-06,impression
TCH0003297,CMP0014,CL00063,2024-10-27,impression
TCH0003298,CMP0014,CL00325,2024-08-17,click
TCH0003299,CMP0014,CL00013,2024-08-21,click
TCH0003300,CMP0014,CL00089,2024-11-09,conversion
TCH0003301,CMP0014,CL00039,2024-09-11,impression
TCH0003302,CMP0014,CL00282,2024-11-08,click
TCH0003303,CMP0014,CL00096,2024-08-03,impression
TCH0003304,CMP0014,CL00038,2024-09-04,impression
TCH0003305,CMP0014,CL00419,2024-11-03,click
TCH0003306,CMP0014,CL00478,2024-09-29,click
TCH0003307,CMP0014,CL00313,2024-08-05,lead
TCH0003308,CMP0014,CL00219,2024-10-14,impression
TCH0003309,CMP0014,CL00341,2024-09-13,impression
TCH0003310,CMP0014,CL00432,2024-09-16,impression
TCH0003311,CMP0014,CL00236,2024-08-20,click
TCH0003312,CMP0014,CL00273,2024-09-21,impression
TCH0003313,CMP0014,CL00276,2024-08-02,lead
TCH0003314,CMP0014,CL00308,2024-10-17,lead
TCH0003315,CMP0014,CL00362,2024-09-26,impression
TCH0003316,CMP0014,CL00064,2024-11-06,conversion
TCH0003317,CMP0014,CL00142,2024-10-01,lead
TCH0003318,CMP0014,CL00034,2024-10-16,impression
TCH0003319,CMP0014,CL00066,2024-11-03,click
TCH0003320,CMP0014,CL00324,2024-10-25,impression
TCH0003321,CMP0014,CL00144,2024-08-01,impression
TCH0003322,CMP0014,CL00474,2024-08-26,lead
TCH0003323,CMP0014,CL00046,2024-09-06,click
TCH0003324,CMP0014,CL00259,2024-08-31,click
TCH0003325,CMP0014,CL00192,2024-10-14,click
TCH0003326,CMP0014,CL00467,2024-11-08,impression
TCH0003327,CMP0014,CL00317,2024-10-19,conversion
TCH0003328,CMP0014,CL00339,2024-10-15,impression
TCH0003329,CMP0014,CL00372,2024-10-07,impression
TCH0003330,CMP0014,CL00412,2024-10-09,impression
TCH0003331,CMP0014,CL00263,2024-08-28,impression
TCH0003332,CMP0014,CL00252,2024-10-17,impression
TCH0003333,CMP0014,CL00173,2024-09-20,impression
TCH0003334,CMP0014,CL00468,2024-08-09,click
TCH0003335,CMP0014,CL00442,2024-10-25,impression
TCH0003336,CMP0014,CL00143,2024-08-13,impression
TCH0003337,CMP0014,CL00406,2024-09-10,lead
TCH0003338,CMP0014,CL00202,2024-09-09,conversion
TCH0003339,CMP0014,CL00080,2024-07-20,click
TCH0003340,CMP0014,CL00020,2024-10-05,conversion
TCH0003341,CMP0014,CL00449,2024-09-11,impression
TCH0003342,CMP0014,CL00148,2024-09-25,impression
TCH0003343,CMP0014,CL00098,2024-07-27,click
TCH0003344,CMP0014,CL00073,2024-08-17,impression
TCH0003345,CMP0014,CL00489,2024-11-02,impression
TCH0003346,CMP0014,CL00278,2024-07-31,lead
TCH0003347,CMP0014,CL00394,2024-08-22,lead
TCH0003348,CMP0014,CL00246,2024-09-02,impression
TCH0003349,CMP0014,CL00295,2024-08-02,impression
TCH0003350,CMP0014,CL00171,2024-08-07,impression
TCH0003351,CMP0014,CL00004,2024-08-13,click
TCH0003352,CMP0014,CL00087,2024-10-14,impression
TCH0003353,CMP0014,CL00420,2024-09-16,impression
TCH0003354,CMP0014,CL00365,2024-07-17,lead
TCH0003355,CMP0014,CL00366,2024-07-23,lead
TCH0003356,CMP0014,CL00268,2024-10-08,impression
TCH0003357,CMP0014,CL00191,2024-10-25,conversion
TCH0003358,CMP0014,CL00005,2024-09-06,lead
TCH0003359,CMP0014,CL00360,2024-08-06,click
TCH0003360,CMP0014,CL00247,2024-09-08,impression
TCH0003361,CMP0014,CL00208,2024-10-04,lead
TCH0003362,CMP0014,CL00041,2024-08-14,lead
TCH0003363,CMP0014,CL00012,2024-07-17,impression
TCH0003364,CMP0014,CL00029,2024-09-02,impression
TCH0003365,CMP0014,CL00418,2024-09-11,impression
TCH0003366,CMP0014,CL00228,2024-09-16,conversion
TCH0003367,CMP0014,CL00398,2024-09-14,impression
TCH0003368,CMP0014,CL00318,2024-09-05,impression
TCH0003369,CMP0014,CL00496,2024-09-13,lead
TCH0003370,CMP0014,CL00368,2024-10-17,click
TCH0003371,CMP0014,CL00152,2024-09-21,click
TCH0003372,CMP0014,CL00459,2024-10-11,click
TCH0003373,CMP0014,CL00153,2024-11-08,lead
TCH0003374,CMP0014,CL00225,2024-09-16,lead
TCH0003375,CMP0014,CL00161,2024-10-24,impression
TCH0003376,CMP0014,CL00165,2024-11-02,click
TCH0003377,CMP0014,CL00279,2024-11-11,lead
TCH0003378,CMP0014,CL00170,2024-10-15,click
TCH0003379,CMP0014,CL00304,2024-08-17,click
TCH0003380,CMP0014,CL00172,2024-10-28,lead
TCH0003381,CMP0014,CL00001,2024-10-01,impression
TCH0003382,CMP0014,CL00470,2024-09-30,impression
TCH0003383,CMP0014,CL00032,2024-09-16,click
TCH0003384,CMP0014,CL00043,2024-10-21,click
TCH0003385,CMP0014,CL00079,2024-07-17,click
TCH0003386,CMP0014,CL00492,2024-07-15,lead
TCH0003387,CMP0014,CL00164,2024-07-17,impression
TCH0003388,CMP0014,CL00473,2024-09-04,impression
TCH0003389,CMP0014,CL00499,2024-08-10,click
TCH0003390,CMP0014,CL00024,2024-08-23,click
TCH0003391,CMP0014,CL00349,2024-10-02,lead
TCH0003392,CMP0014,CL00267,2024-09-21,impression
TCH0003393,CMP0014,CL00068,2024-10-28,lead
TCH0003394,CMP0014,CL00384,2024-08-02,lead
TCH0003395,CMP0014,CL00495,2024-08-08,impression
TCH0003396,CMP0014,CL00414,2024-07-18,click
TCH0003397,CMP0014,CL00203,2024-10-24,lead
TCH0003398,CMP0014,CL00232,2024-09-17,conversion
TCH0003399,CMP0014,CL00245,2024-08-23,impression
TCH0003400,CMP0014,CL00453,2024-08-11,impression
TCH0003401,CMP0014,CL00065,2024-08-20,click
TCH0003402,CMP0014,CL00205,2024-08-16,conversion
TCH0003403,CMP0014,CL00417,2024-08-10,impression
TCH0003404,CMP0014,CL00028,2024-07-31,lead
TCH0003405,CMP0014,CL00137,2024-09-05,lead
TCH0003406,CMP0014,CL00249,2024-08-29,click
TCH0003407,CMP0014,CL00226,2024-10-12,lead
TCH0003408,CMP0014,CL00017,2024-08-29,click
TCH0003409,CMP0014,CL00076,2024-08-31,impression
TCH0003410,CMP0014,CL00444,2024-08-29,lead
TCH0003411,CMP0014,CL00272,2024-07-26,impression
TCH0003412,CMP0014,CL00139,2024-11-01,lead
TCH0003413,CMP0014,CL00056,2024-07-29,lead
TCH0003414,CMP0014,CL00196,2024-07-29,click
TCH0003415,CMP0014,CL00488,2024-09-25,lead
TCH0003416,CMP0014,CL00289,2024-08-22,impression
TCH0003417,CMP0014,CL00209,2024-11-10,lead
TCH0003418,CMP0014,CL00427,2024-08-27,impression
TCH0003419,CMP0014,CL00097,2024-07-28,click
TCH0003420,CMP0014,CL00264,2024-07-15,lead
TCH0003421,CMP0014,CL00213,2024-09-01,lead
TCH0003422,CMP0014,CL00293,2024-08-26,conversion
TCH0003423,CMP0014,CL00416,2024-10-23,click
TCH0003424,CMP0014,CL00229,2024-10-24,impression
TCH0003425,CMP0014,CL00243,2024-11-11,impression
TCH0003426,CMP0014,CL00260,2024-09-30,impression
TCH0003427,CMP0014,CL00490,2024-09-09,conversion
TCH0003428,CMP0014,CL00120,2024-08-16,click
TCH0003429,CMP0014,CL00275,2024-08-22,impression
TCH0003430,CMP0014,CL00413,2024-08-13,click
TCH0003431,CMP0014,CL00217,2024-07-30,impression
TCH0003432,CMP0014,CL00378,2024-10-06,lead
TCH0003433,CMP0014,CL00286,2024-07-22,lead
TCH0003434,CMP0014,CL00128,2024-10-26,click
TCH0003435,CMP0014,CL00486,2024-08-28,click
TCH0003436,CMP0014,CL00428,2024-08-02,impression
TCH0003437,CMP0014,CL00022,2024-11-04,conversion
TCH0003438,CMP0014,CL00085,2024-10-12,lead
TCH0003439,CMP0014,CL00016,2024-08-05,lead
TCH0003440,CMP0014,CL00054,2024-07-28,impression
TCH0003441,CMP0014,CL00025,2024-09-12,impression
TCH0003442,CMP0014,CL00218,2024-09-28,conversion
TCH0003443,CMP0014,CL00408,2024-08-15,impression
TCH0003444,CMP0014,CL00476,2024-10-16,impression
TCH0003445,CMP0014,CL00180,2024-10-29,impression
TCH0003446,CMP0014,CL00298,2024-10-27,conversion
TCH0003447,CMP0014,CL00169,2024-07-20,impression
TCH0003448,CMP0014,CL00055,2024-09-24,click
TCH0003449,CMP0014,CL00207,2024-08-02,impression
TCH0003450,CMP0014,CL00383,2024-10-30,impression
TCH0003451,CMP0014,CL00321,2024-11-10,impression
TCH0003452,CMP0014,CL00141,2024-09-10,conversion
TCH0003453,CMP0014,CL00108,2024-10-25,click
TCH0003454,CMP0014,CL00077,2024-07-31,click
TCH0003455,CMP0014,CL00177,2024-09-29,impression
TCH0003456,CMP0014,CL00197,2024-09-09,conversion
TCH0003457,CMP0014,CL00119,2024-07-30,click
TCH0003458,CMP0014,CL00174,2024-08-27,click
TCH0003459,CMP0014,CL00006,2024-10-08,click
TCH0003460,CMP0014,CL00351,2024-10-12,lead
TCH0003461,CMP0014,CL00010,2024-08-07,impression
TCH0003462,CMP0014,CL00445,2024-07-30,conversion
TCH0003463,CMP0014,CL00336,2024-08-11,impression
TCH0003464,CMP0014,CL00434,2024-07-26,click
TCH0003465,CMP0014,CL00184,2024-10-29,impression
TCH0003466,CMP0014,CL00301,2024-08-11,impression
TCH0003467,CMP0014,CL00258,2024-10-02,impression
TCH0003468,CMP0014,CL00124,2024-11-08,click
TCH0003469,CMP0014,CL00305,2024-09-15,click
TCH0003470,CMP0014,CL00116,2024-10-29,lead
TCH0003471,CMP0014,CL00332,2024-07-30,click
TCH0003472,CMP0014,CL00429,2024-10-02,click
TCH0003473,CMP0014,CL00133,2024-11-04,impression
TCH0003474,CMP0014,CL00471,2024-10-31,impression
TCH0003475,CMP0014,CL00343,2024-07-20,impression
TCH0003476,CMP0014,CL00109,2024-08-05,impression
TCH0003477,CMP0014,CL00403,2024-07-19,lead
TCH0003478,CMP0014,CL00168,2024-08-03,impression
TCH0003479,CMP0014,CL00369,2024-09-21,click
TCH0003480,CMP0014,CL00026,2024-08-25,click
TCH0003481,CMP0014,CL00422,2024-10-21,click
TCH0003482,CMP0014,CL00303,2024-09-07,impression
TCH0003483,CMP0014,CL00481,2024-09-27,click
TCH0003484,CMP0014,CL00497,2024-07-29,impression
TCH0003485,CMP0014,CL00049,2024-10-15,conversion
TCH0003486,CMP0014,CL00425,2024-08-24,lead
TCH0003487,CMP0014,CL00381,2024-08-14,lead
TCH0003488,CMP0014,CL00424,2024-09-11,click
TCH0003489,CMP0014,CL00195,2024-10-02,click
TCH0003490,CMP0014,CL00376,2024-08-25,click
TCH0003491,CMP0014,CL00198,2024-07-22,impression
TCH0003492,CMP0014,CL00084,2024-09-30,conversion
TCH0003493,CMP0014,CL00083,2024-07-30,impression
TCH0003494,CMP0014,CL00340,2024-09-07,impression
TCH0003495,CMP0014,CL00271,2024-09-19,impression
TCH0003496,CMP0014,CL00129,2024-10-27,impression
TCH0003497,CMP0014,CL00151,2024-09-05,conversion
TCH0003498,CMP0014,CL00071,2024-07-24,lead
TCH0003499,CMP0014,CL00092,2024-09-13,impression
TCH0003500,CMP0014,CL00353,2024-11-04,conversion
TCH0003501,CMP0014,CL00457,2024-08-07,lead
TCH0003502,CMP0015,CL00410,2024-09-23,lead
TCH0003503,CMP0015,CL00339,2024-11-02,click
TCH0003504,CMP0015,CL00432,2024-10-09,lead
TCH0003505,CMP0015,CL00310,2024-11-23,lead
TCH0003506,CMP0015,CL00236,2024-11-03,impression
TCH0003507,CMP0015,CL00472,2025-01-12,click
TCH0003508,CMP0015,CL00028,2024-11-04,impression
TCH0003509,CMP0015,CL00390,2024-10-10,click
TCH0003510,CMP0015,CL00459,2024-12-04,lead
TCH0003511,CMP0015,CL00096,2024-12-20,impression
TCH0003512,CMP0015,CL00020,2025-01-12,click
TCH0003513,CMP0015,CL00147,2025-01-01,impression
TCH0003514,CMP0015,CL00489,2025-01-14,conversion
TCH0003515,CMP0015,CL00246,2024-10-26,conversion
TCH0003516,CMP0015,CL00444,2025-01-15,lead
TCH0003517,CMP0015,CL00039,2024-11-16,impression
TCH0003518,CMP0015,CL00305,2025-01-11,impression
TCH0003519,CMP0015,CL00356,2024-10-21,click
TCH0003520,CMP0015,CL00474,2024-10-28,conversion
TCH0003521,CMP0015,CL00098,2024-12-03,conversion
TCH0003522,CMP0015,CL00105,2024-09-28,click
TCH0003523,CMP0015,CL00492,2024-10-08,lead
TCH0003524,CMP0015,CL00045,2024-12-21,lead
TCH0003525,CMP0015,CL00499,2025-01-13,impression
TCH0003526,CMP0015,CL00497,2024-12-24,click
TCH0003527,CMP0015,CL00200,2024-11-06,impression
TCH0003528,CMP0015,CL00287,2024-12-30,impression
TCH0003529,CMP0015,CL00486,2025-01-14,impression
TCH0003530,CMP0015,CL00115,2025-01-06,impression
TCH0003531,CMP0015,CL00412,2024-12-18,conversion
TCH0003532,CMP0015,CL00191,2024-10-09,click
TCH0003533,CMP0015,CL00427,2024-12-10,lead
TCH0003534,CMP0015,CL00123,2024-09-22,impression
TCH0003535,CMP0015,CL00170,2024-10-28,impression
TCH0003536,CMP0015,CL00003,2024-12-05,click
TCH0003537,CMP0015,CL00361,2024-12-09,impression
TCH0003538,CMP0015,CL00173,2024-10-05,lead
TCH0003539,CMP0015,CL00336,2024-11-14,impression
TCH0003540,CMP0015,CL00411,2025-01-16,conversion
TCH0003541,CMP0015,CL00349,2024-10-31,impression
TCH0003542,CMP0015,CL00378,2025-01-17,impression
TCH0003543,CMP0015,CL00490,2025-01-05,impression
TCH0003544,CMP0015,CL00094,2024-11-15,click
TCH0003545,CMP0015,CL00093,2025-01-04,click
TCH0003546,CMP0015,CL00164,2024-12-25,lead
TCH0003547,CMP0015,CL00448,2024-10-17,impression
TCH0003548,CMP0015,CL00316,2025-01-18,click
TCH0003549,CMP0015,CL00414,2024-12-01,impression
TCH0003550,CMP0015,CL00450,2025-01-03,click
TCH0003551,CMP0015,CL00369,2024-12-30,conversion
TCH0003552,CMP0015,CL00237,2024-11-10,click
TCH0003553,CMP0015,CL00437,2025-01-02,impression
TCH0003554,CMP0015,CL00180,2024-12-16,impression
TCH0003555,CMP0015,CL00042,2024-10-21,click
TCH0003556,CMP0015,CL00217,2024-11-10,lead
TCH0003557,CMP0015,CL00052,2025-01-16,impression
TCH0003558,CMP0015,CL00041,2024-10-03,lead
TCH0003559,CMP0015,CL00457,2024-10-20,click
TCH0003560,CMP0015,CL00470,2024-11-30,click
TCH0003561,CMP0015,CL00340,2024-10-03,lead
TCH0003562,CMP0015,CL00493,2024-12-15,click
TCH0003563,CMP0015,CL00084,2024-12-30,impression
TCH0003564,CMP0015,CL00413,2024-11-22,conversion
TCH0003565,CMP0015,CL00029,2024-11-05,click
TCH0003566,CMP0015,CL00464,2024-11-30,lead
TCH0003567,CMP0015,CL00488,2025-01-13,click
TCH0003568,CMP0015,CL00314,2024-10-05,lead
TCH0003569,CMP0015,CL00187,2024-11-03,click
TCH0003570,CMP0015,CL00312,2025-01-07,click
TCH0003571,CMP0015,CL00256,2024-11-07,lead
TCH0003572,CMP0015,CL00272,2024-11-01,lead
TCH0003573,CMP0015,CL00434,2025-01-01,click
TCH0003574,CMP0015,CL00128,2024-11-22,conversion
TCH0003575,CMP0015,CL00040,2024-12-27,click
TCH0003576,CMP0015,CL00370,2024-12-23,click
TCH0003577,CMP0015,CL00473,2024-09-24,click
TCH0003578,CMP0015,CL00018,2024-09-23,conversion
TCH0003579,CMP0015,CL00389,2024-10-02,conversion
TCH0003580,CMP0015,CL00168,2024-12-26,lead
TCH0003581,CMP0015,CL00420,2024-12-31,impression
TCH0003582,CMP0015,CL00431,2024-12-28,impression
TCH0003583,CMP0015,CL00197,2025-01-15,impression
TCH0003584,CMP0015,CL00172,2024-11-13,impression
TCH0003585,CMP0015,CL00208,2024-11-14,conversion
TCH0003586,CMP0015,CL00066,2024-10-22,lead
TCH0003587,CMP0015,CL00384,2024-10-16,lead
TCH0003588,CMP0015,CL00183,2024-11-25,impression
TCH0003589,CMP0015,CL00155,2024-11-08,impression
TCH0003590,CMP0015,CL00108,2024-12-27,lead
TCH0003591,CMP0015,CL00048,2025-01-01,impression
TCH0003592,CMP0015,CL00495,2024-12-03,lead
TCH0003593,CMP0015,CL00159,2024-12-30,impression
TCH0003594,CMP0015,CL00214,2024-12-29,impression
TCH0003595,CMP0015,CL00303,2024-12-16,click
TCH0003596,CMP0015,CL00367,2024-10-28,click
TCH0003597,CMP0015,CL00406,2024-10-13,impression
TCH0003598,CMP0015,CL00079,2024-10-22,lead
TCH0003599,CMP0015,CL00267,2024-11-02,lead
TCH0003600,CMP0015,CL00484,2025-01-06,lead
TCH0003601,CMP0015,CL00394,2025-01-14,impression
TCH0003602,CMP0015,CL00398,2024-10-04,click
TCH0003603,CMP0015,CL00119,2025-01-08,lead
TCH0003604,CMP0015,CL00090,2024-11-27,lead
TCH0003605,CMP0015,CL00185,2024-11-24,impression
TCH0003606,CMP0015,CL00068,2024-12-13,impression
TCH0003607,CMP0015,CL00404,2024-10-01,click
TCH0003608,CMP0015,CL00428,2025-01-04,click
TCH0003609,CMP0015,CL00419,2024-10-22,lead
TCH0003610,CMP0015,CL00259,2024-11-23,impression
TCH0003611,CMP0015,CL00458,2025-01-09,impression
TCH0003612,CMP0015,CL00456,2025-01-13,lead
TCH0003613,CMP0015,CL00366,2025-01-05,impression
TCH0003614,CMP0015,CL00226,2024-11-28,impression
TCH0003615,CMP0015,CL00268,2025-01-18,click
TCH0003616,CMP0015,CL00277,2024-09-25,click
TCH0003617,CMP0015,CL00296,2024-12-10,impression
TCH0003618,CMP0015,CL00402,2024-11-19,lead
TCH0003619,CMP0015,CL00401,2025-01-16,impression
TCH0003620,CMP0015,CL00083,2024-10-18,click
TCH0003621,CMP0015,CL00446,2024-10-16,impression
TCH0003622,CMP0015,CL00037,2024-10-20,impression
TCH0003623,CMP0015,CL00033,2024-12-03,lead
TCH0003624,CMP0015,CL00481,2024-11-09,click
TCH0003625,CMP0015,CL00250,2024-11-28,click
TCH0003626,CMP0015,CL00293,2024-12-31,click
TCH0003627,CMP0015,CL00047,2024-12-05,lead
TCH0003628,CMP0015,CL00198,2025-01-16,lead
TCH0003629,CMP0015,CL00403,2024-12-14,conversion
TCH0003630,CMP0015,CL00480,2024-12-26,impression
TCH0003631,CMP0015,CL00260,2024-11-04,conversion
TCH0003632,CMP0015,CL00396,2025-01-11,impression
TCH0003633,CMP0015,CL00242,2024-11-02,conversion
TCH0003634,CMP0015,CL00177,2024-10-07,lead
TCH0003635,CMP0015,CL00149,2025-01-17,impression
TCH0003636,CMP0015,CL00332,2024-11-24,impression
TCH0003637,CMP0015,CL00193,2025-01-16,lead
TCH0003638,CMP0015,CL00216,2024-11-20,click
TCH0003639,CMP0015,CL00441,2024-10-28,lead
TCH0003640,CMP0015,CL00363,2024-12-02,lead
TCH0003641,CMP0015,CL00032,2024-12-16,click
TCH0003642,CMP0015,CL00468,2024-11-26,conversion
TCH0003643,CMP0015,CL00333,2024-11-15,click
TCH0003644,CMP0015,CL00050,2024-09-27,click
TCH0003645,CMP0015,CL00252,2024-11-19,click
TCH0003646,CMP0015,CL00418,2025-01-13,impression
TCH0003647,CMP0015,CL00218,2024-11-27,click
TCH0003648,CMP0015,CL00194,2024-09-27,impression
TCH0003649,CMP0015,CL00152,2025-01-03,impression
TCH0003650,CMP0015,CL00436,2024-12-11,impression
TCH0003651,CMP0015,CL00097,2024-12-16,click
TCH0003652,CMP0015,CL00245,2025-01-12,lead
TCH0003653,CMP0015,CL00196,2024-12-15,click
TCH0003654,CMP0015,CL00072,2024-12-14,conversion
TCH0003655,CMP0015,CL00358,2025-01-17,impression
TCH0003656,CMP0015,CL00234,2024-11-14,click
TCH0003657,CMP0015,CL00345,2024-12-10,impression
TCH0003658,CMP0015,CL00375,2024-11-28,lead
TCH0003659,CMP0015,CL00192,2025-01-12,impression
TCH0003660,CMP0015,CL00400,2024-11-24,click
TCH0003661,CMP0015,CL00449,2024-10-28,impression
TCH0003662,CMP0015,CL00138,2024-12-03,lead
TCH0003663,CMP0015,CL00051,2024-11-03,impression
TCH0003664,CMP0015,CL00351,2025-01-16,click
TCH0003665,CMP0015,CL00278,2024-11-23,lead
TCH0003666,CMP0015,CL00110,2024-12-17,impression
TCH0003667,CMP0015,CL00233,2024-12-02,lead
TCH0003668,CMP0015,CL00249,2024-10-12,impression
TCH0003669,CMP0015,CL00144,2024-12-07,click
TCH0003670,CMP0015,CL00354,2024-10-05,impression
TCH0003671,CMP0015,CL00076,2025-01-12,click
TCH0003672,CMP0015,CL00001,2025-01-12,impression
TCH0003673,CMP0015,CL00151,2024-11-08,click
TCH0003674,CMP0015,CL00364,2024-10-07,impression
TCH0003675,CMP0015,CL00104,2024-10-02,impression
TCH0003676,CMP0015,CL00261,2024-12-14,lead
TCH0003677,CMP0015,CL00255,2024-11-19,impression
TCH0003678,CMP0015,CL00153,2024-11-08,impression
TCH0003679,CMP0015,CL00265,2025-01-17,click
TCH0003680,CMP0015,CL00025,2024-10-31,lead
TCH0003681,CMP0015,CL00343,2024-11-22,impression
TCH0003682,CMP0015,CL00475,2024-12-02,conversion
TCH0003683,CMP0015,CL00445,2024-09-28,impression
TCH0003684,CMP0015,CL00135,2024-10-11,conversion
TCH0003685,CMP0015,CL00150,2024-11-23,impression
TCH0003686,CMP0015,CL00127,2024-11-06,impression
TCH0003687,CMP0015,CL00213,2025-01-07,click
TCH0003688,CMP0015,CL00373,2025-01-02,conversion
TCH0003689,CMP0015,CL00154,2024-10-13,click
TCH0003690,CMP0015,CL00195,2024-10-12,impression
TCH0003691,CMP0015,CL00087,2024-11-01,lead
TCH0003692,CMP0015,CL00092,2025-01-08,click
TCH0003693,CMP0015,CL00460,2024-11-28,lead
TCH0003694,CMP0015,CL00357,2024-12-14,lead
TCH0003695,CMP0015,CL00478,2024-10-12,impression
TCH0003696,CMP0015,CL00171,2024-12-28,impression
TCH0003697,CMP0015,CL00044,2024-09-25,click
TCH0003698,CMP0015,CL00273,2025-01-13,conversion
TCH0003699,CMP0015,CL00240,2024-12-26,impression
TCH0003700,CMP0015,CL00013,2024-10-25,impression
TCH0003701,CMP0015,CL00015,2024-10-12,click
TCH0003702,CMP0015,CL00227,2025-01-07,click
TCH0003703,CMP0015,CL00325,2024-12-02,conversion
TCH0003704,CMP0015,CL00353,2025-01-09,conversion
TCH0003705,CMP0015,CL00466,2025-01-10,click
TCH0003706,CMP0015,CL00308,2024-11-06,click
TCH0003707,CMP0015,CL00161,2024-10-04,click
TCH0003708,CMP0015,CL00204,2024-10-31,impression
TCH0003709,CMP0015,CL00388,2024-10-19,lead
TCH0003710,CMP0015,CL00030,2024-10-13,click
TCH0003711,CMP0015,CL00114,2024-11-02,conversion
TCH0003712,CMP0015,CL00232,2025-01-09,lead
TCH0003713,CMP0015,CL00264,2025-01-08,lead
TCH0003714,CMP0015,CL00496,2024-12-30,impression
TCH0003715,CMP0015,CL00086,2024-11-22,click
TCH0003716,CMP0015,CL00453,2024-10-29,click
TCH0003717,CMP0015,CL00321,2024-11-29,click
TCH0003718,CMP0015,CL00422,2024-11-07,click
TCH0003719,CMP0015,CL00282,2024-10-15,impression
TCH0003720,CMP0015,CL00315,2024-11-13,impression
TCH0003721,CMP0015,CL00221,2025-01-12,click
TCH0003722,CMP0015,CL00368,2024-11-12,impression
TCH0003723,CMP0015,CL00295,2024-09-23,impression
TCH0003724,CMP0015,CL00129,2024-11-27,click
TCH0003725,CMP0015,CL00046,2024-10-27,conversion
TCH0003726,CMP0015,CL00095,2024-12-22,lead
TCH0003727,CMP0015,CL00215,2024-12-13,click
TCH0003728,CMP0015,CL00181,2024-09-25,conversion
TCH0003729,CMP0015,CL00056,2024-10-27,click
TCH0003730,CMP0015,CL00309,2025-01-07,click
TCH0003731,CMP0015,CL00381,2024-12-06,lead
TCH0003732,CMP0015,CL00393,2024-11-24,impression
TCH0003733,CMP0015,CL00111,2024-10-27,impression
TCH0003734,CMP0015,CL00433,2025-01-14,impression
TCH0003735,CMP0015,CL00360,2024-12-29,lead
TCH0003736,CMP0015,CL00103,2024-12-18,click
TCH0003737,CMP0015,CL00049,2024-10-12,impression
TCH0003738,CMP0015,CL00223,2024-12-13,conversion
TCH0003739,CMP0015,CL00085,2024-10-02,conversion
TCH0003740,CMP0015,CL00118,2025-01-06,lead
TCH0003741,CMP0015,CL00317,2024-09-29,impression
TCH0003742,CMP0015,CL00483,2024-10-15,click
TCH0003743,CMP0015,CL00476,2024-09-22,conversion
TCH0003744,CMP0015,CL00385,2024-10-15,click
TCH0003745,CMP0015,CL00408,2025-01-09,impression
TCH0003746,CMP0015,CL00139,2024-10-19,lead
TCH0003747,CMP0015,CL00186,2024-12-29,conversion
TCH0003748,CMP0015,CL00379,2025-01-17,lead
TCH0003749,CMP0015,CL00326,2024-11-04,lead
TCH0003750,CMP0015,CL00212,2024-09-26,impression
TCH0003751,CMP0015,CL00257,2024-10-20,click
TCH0003752,CMP0015,CL00102,2025-01-04,click
TCH0003753,CMP0015,CL00324,2024-11-28,lead
TCH0003754,CMP0015,CL00485,2024-12-05,impression
TCH0003755,CMP0015,CL00141,2025-01-04,lead
TCH0003756,CMP0015,CL00440,2024-10-23,click
TCH0003757,CMP0015,CL00463,2024-11-09,click
TCH0003758,CMP0015,CL00166,2024-10-24,conversion
TCH0003759,CMP0015,CL00439,2024-12-28,click
TCH0003760,CMP0015,CL00442,2024-12-02,click
TCH0003761,CMP0015,CL00203,2024-11-07,click
TCH0003762,CMP0015,CL00026,2024-11-13,click
TCH0003763,CMP0015,CL00112,2024-10-17,click
TCH0003764,CMP0015,CL00184,2024-10-04,conversion
TCH0003765,CMP0015,CL00438,2024-11-18,impression
TCH0003766,CMP0015,CL00247,2024-10-30,conversion
TCH0003767,CMP0015,CL00243,2024-10-21,click
TCH0003768,CMP0015,CL00063,2025-01-10,impression
TCH0003769,CMP0015,CL00337,2024-11-24,impression
TCH0003770,CMP0015,CL00429,2024-11-28,impression
TCH0003771,CMP0015,CL00219,2024-10-05,lead
TCH0003772,CMP0015,CL00091,2025-01-05,conversion
TCH0003773,CMP0015,CL00206,2024-11-26,click
TCH0003774,CMP0015,CL00016,2024-10-06,conversion
TCH0003775,CMP0015,CL00065,2024-11-16,impression
TCH0003776,CMP0015,CL00318,2024-10-18,lead
TCH0003777,CMP0015,CL00275,2024-10-13,lead
TCH0003778,CMP0015,CL00405,2024-12-26,impression
TCH0003779,CMP0015,CL00142,2024-12-03,click
TCH0003780,CMP0015,CL00313,2024-10-08,click
TCH0003781,CMP0015,CL00010,2024-09-25,conversion
TCH0003782,CMP0015,CL00116,2024-12-22,impression
TCH0003783,CMP0015,CL00007,2024-10-16,impression
TCH0003784,CMP0015,CL00004,2024-11-28,conversion
TCH0003785,CMP0015,CL00297,2024-10-31,conversion
TCH0003786,CMP0015,CL00298,2025-01-09,impression
TCH0003787,CMP0015,CL00266,2024-10-15,click
TCH0003788,CMP0015,CL00099,2024-11-06,impression
TCH0003789,CMP0015,CL00276,2024-10-26,impression
TCH0003790,CMP0015,CL00109,2024-10-13,impression
TCH0003791,CMP0015,CL00082,2024-12-08,click
TCH0003792,CMP0015,CL00060,2025-01-03,impression
TCH0003793,CMP0015,CL00376,2024-10-20,click
TCH0003794,CMP0015,CL00163,2024-11-26,impression
TCH0003795,CMP0015,CL00080,2025-01-14,impression
TCH0003796,CMP0015,CL00500,2024-12-12,click
TCH0003797,CMP0015,CL00022,2024-11-24,click
TCH0003798,CMP0015,CL00462,2024-10-11,conversion
TCH0003799,CMP0015,CL00211,2024-11-04,impression
TCH0003800,CMP0015,CL00070,2024-10-03,impression
TCH0003801,CMP0015,CL00329,2024-11-05,click
TCH0003802,CMP0015,CL00106,2024-12-27,lead
TCH0003803,CMP0015,CL00006,2024-10-05,impression
TCH0003804,CMP0015,CL00319,2024-12-05,click
TCH0003805,CMP0015,CL00383,2024-09-29,click
TCH0003806,CMP0015,CL00320,2025-01-08,conversion
TCH0003807,CMP0015,CL00229,2024-12-07,impression
TCH0003808,CMP0015,CL00209,2024-12-03,click
TCH0003809,CMP0015,CL00062,2024-12-19,click
TCH0003810,CMP0015,CL00073,2024-12-03,impression
TCH0003811,CMP0015,CL00248,2025-01-17,click
TCH0003812,CMP0015,CL00288,2025-01-09,impression
TCH0003813,CMP0015,CL00130,2024-11-24,impression
TCH0003814,CMP0015,CL00067,2024-10-08,click
TCH0003815,CMP0015,CL00230,2024-10-11,conversion
TCH0003816,CMP0015,CL00064,2025-01-18,lead
TCH0003817,CMP0015,CL00089,2024-11-04,impression
TCH0003818,CMP0015,CL00239,2024-12-26,impression
TCH0003819,CMP0015,CL00362,2024-11-15,lead
TCH0003820,CMP0015,CL00409,2024-11-24,impression
TCH0003821,CMP0015,CL00035,2024-11-08,lead
TCH0003822,CMP0015,CL00036,2024-11-02,conversion
TCH0003823,CMP0015,CL00263,2024-11-10,click
TCH0003824,CMP0015,CL00454,2024-12-18,click
TCH0003825,CMP0015,CL00469,2024-11-06,impression
TCH0003826,CMP0015,CL00024,2024-10-30,impression
TCH0003827,CMP0015,CL00311,2024-12-16,impression
TCH0003828,CMP0015,CL00377,2024-10-17,impression
TCH0003829,CMP0015,CL00038,2024-10-14,lead
TCH0003830,CMP0015,CL00391,2024-12-09,click
TCH0003831,CMP0015,CL00189,2025-01-07,click
TCH0003832,CMP0015,CL00120,2024-12-21,click
TCH0003833,CMP0015,CL00424,2024-12-07,impression
TCH0003834,CMP0015,CL00175,2024-10-07,impression
TCH0003835,CMP0015,CL00157,2024-12-08,impression
TCH0003836,CMP0015,CL00467,2024-12-29,lead
TCH0003837,CMP0015,CL00113,2024-12-04,impression
TCH0003838,CMP0015,CL00005,2024-10-17,click
TCH0003839,CMP0015,CL00292,2024-10-09,impression
TCH0003840,CMP0015,CL00165,2024-11-22,impression
TCH0003841,CMP0015,CL00101,2024-11-13,click
TCH0003842,CMP0015,CL00271,2024-11-06,click
TCH0003843,CMP0015,CL00301,2024-10-23,lead
TCH0003844,CMP0015,CL00126,2024-11-27,impression
TCH0003845,CMP0015,CL00207,2024-11-08,lead
TCH0003846,CMP0015,CL00258,2024-10-14,click
TCH0003847,CMP0015,CL00137,2024-11-16,lead
TCH0003848,CMP0015,CL00174,2024-10-06,conversion
TCH0003849,CMP0015,CL00077,2024-10-28,conversion
TCH0003850,CMP0015,CL00285,2024-12-03,lead
TCH0003851,CMP0015,CL00058,2025-01-04,click
TCH0003852,CMP0015,CL00290,2024-12-24,impression
TCH0003853,CMP0015,CL00300,2024-09-22,lead
TCH0003854,CMP0015,CL00359,2024-09-27,lead
TCH0003855,CMP0015,CL00447,2024-10-28,conversion
TCH0003856,CMP0015,CL00210,2024-10-15,impression
TCH0003857,CMP0015,CL00416,2024-10-16,lead
TCH0003858,CMP0015,CL00148,2024-11-03,conversion
TCH0003859,CMP0015,CL00304,2024-11-30,lead
TCH0003860,CMP0015,CL00179,2024-11-17,lead
TCH0003861,CMP0015,CL00055,2024-10-25,impression
TCH0003862,CMP0015,CL00274,2024-11-27,conversion
TCH0003863,CMP0015,CL00023,2024-10-09,click
TCH0003864,CMP0015,CL00017,2024-11-23,click
TCH0003865,CMP0015,CL00167,2024-10-09,click
TCH0003866,CMP0015,CL00426,2024-11-16,conversion
TCH0003867,CMP0015,CL00323,2024-12-12,conversion
TCH0003868,CMP0015,CL00008,2025-01-16,click
TCH0003869,CMP0015,CL00071,2024-10-08,click
TCH0003870,CMP0015,CL00043,2024-12-20,impression
TCH0003871,CMP0015,CL00201,2024-11-05,impression
TCH0003872,CMP0015,CL00299,2024-10-11,impression
TCH0003873,CMP0016,CL00318,2025-03-09,conversion
TCH0003874,CMP0016,CL00128,2025-02-27,impression
TCH0003875,CMP0016,CL00090,2025-03-13,conversion
TCH0003876,CMP0016,CL00483,2025-03-15,click
TCH0003877,CMP0016,CL00215,2025-03-12,conversion
TCH0003878,CMP0016,CL00191,2025-03-13,impression
TCH0003879,CMP0016,CL00449,2025-02-07,impression
TCH0003880,CMP0016,CL00189,2025-02-19,impression
TCH0003881,CMP0016,CL00379,2025-03-17,lead
TCH0003882,CMP0016,CL00292,2025-03-03,conversion
TCH0003883,CMP0016,CL00391,2025-02-16,lead
TCH0003884,CMP0016,CL00370,2025-03-15,impression
TCH0003885,CMP0016,CL00118,2025-02-28,lead
TCH0003886,CMP0016,CL00159,2025-02-02,lead
TCH0003887,CMP0016,CL00197,2025-02-20,impression
TCH0003888,CMP0016,CL00450,2025-03-11,impression
TCH0003889,CMP0016,CL00116,2025-02-14,click
TCH0003890,CMP0016,CL00173,2025-03-14,click
TCH0003891,CMP0016,CL00489,2025-03-13,impression
TCH0003892,CMP0016,CL00428,2025-02-12,impression
TCH0003893,CMP0016,CL00324,2025-02-21,click
TCH0003894,CMP0016,CL00044,2025-02-03,lead
TCH0003895,CMP0016,CL00179,2025-03-07,click
TCH0003896,CMP0016,CL00045,2025-02-05,click
TCH0003897,CMP0016,CL00492,2025-02-07,conversion
TCH0003898,CMP0016,CL00181,2025-03-01,lead
TCH0003899,CMP0016,CL00385,2025-02-02,impression
TCH0003900,CMP0016,CL00381,2025-03-13,impression
TCH0003901,CMP0016,CL00153,2025-02-03,click
TCH0003902,CMP0016,CL00467,2025-03-04,impression
TCH0003903,CMP0016,CL00001,2025-03-09,lead
TCH0003904,CMP0016,CL00358,2025-03-08,click
TCH0003905,CMP0016,CL00065,2025-02-17,conversion
TCH0003906,CMP0016,CL00440,2025-03-05,click
TCH0003907,CMP0016,CL00304,2025-02-23,impression
TCH0003908,CMP0016,CL00267,2025-03-14,conversion
TCH0003909,CMP0016,CL00171,2025-02-05,click
TCH0003910,CMP0016,CL00183,2025-02-16,click
TCH0003911,CMP0016,CL00480,2025-02-06,lead
TCH0003912,CMP0016,CL00018,2025-03-09,impression
TCH0003913,CMP0016,CL00233,2025-02-05,impression
TCH0003914,CMP0016,CL00141,2025-02-08,lead
TCH0003915,CMP0016,CL00460,2025-03-08,lead
TCH0003916,CMP0016,CL00111,2025-02-02,impression
TCH0003917,CMP0016,CL00414,2025-03-09,lead
TCH0003918,CMP0016,CL00091,2025-03-01,impression
TCH0003919,CMP0016,CL00457,2025-03-01,lead
TCH0003920,CMP0016,CL00287,2025-02-22,lead
TCH0003921,CMP0016,CL00139,2025-03-08,impression
TCH0003922,CMP0016,CL00242,2025-02-07,lead
TCH0003923,CMP0016,CL00101,2025-02-10,lead
TCH0003924,CMP0016,CL00466,2025-02-05,impression
TCH0003925,CMP0016,CL00032,2025-03-15,impression
TCH0003926,CMP0016,CL00028,2025-03-08,impression
TCH0003927,CMP0016,CL00016,2025-02-04,impression
TCH0003928,CMP0016,CL00051,2025-02-16,click
TCH0003929,CMP0016,CL00426,2025-02-22,impression
TCH0003930,CMP0016,CL00473,2025-03-17,click
TCH0003931,CMP0016,CL00226,2025-02-10,impression
TCH0003932,CMP0016,CL00096,2025-03-03,lead
TCH0003933,CMP0016,CL00444,2025-02-04,impression
TCH0003934,CMP0016,CL00400,2025-02-02,impression
TCH0003935,CMP0016,CL00422,2025-02-10,impression
TCH0003936,CMP0016,CL00152,2025-02-25,conversion
TCH0003937,CMP0016,CL00206,2025-03-04,lead
TCH0003938,CMP0016,CL00082,2025-02-05,impression
TCH0003939,CMP0016,CL00015,2025-02-16,conversion
TCH0003940,CMP0016,CL00493,2025-02-09,click
TCH0003941,CMP0016,CL00005,2025-02-28,click
TCH0003942,CMP0016,CL00315,2025-02-24,impression
TCH0003943,CMP0016,CL00174,2025-02-20,lead
TCH0003944,CMP0016,CL00439,2025-03-06,click
TCH0003945,CMP0016,CL00050,2025-03-02,conversion
TCH0003946,CMP0016,CL00361,2025-02-13,lead
TCH0003947,CMP0016,CL00234,2025-02-04,impression
TCH0003948,CMP0016,CL00297,2025-02-17,lead
TCH0003949,CMP0017,CL00478,2025-06-16,impression
TCH0003950,CMP0017,CL00001,2025-06-14,lead
TCH0003951,CMP0017,CL00325,2025-05-12,lead
TCH0003952,CMP0017,CL00213,2025-05-15,click
TCH0003953,CMP0017,CL00339,2025-06-21,impression
TCH0003954,CMP0017,CL00184,2025-06-10,click
TCH0003955,CMP0017,CL00043,2025-05-14,impression
TCH0003956,CMP0017,CL00152,2025-06-17,click
TCH0003957,CMP0017,CL00028,2025-06-13,click
TCH0003958,CMP0017,CL00356,2025-06-02,lead
TCH0003959,CMP0017,CL00385,2025-05-25,conversion
TCH0003960,CMP0017,CL00077,2025-05-20,click
TCH0003961,CMP0017,CL00432,2025-05-13,impression
TCH0003962,CMP0017,CL00363,2025-06-01,click
TCH0003963,CMP0017,CL00191,2025-06-21,lead
TCH0003964,CMP0017,CL00466,2025-06-23,click
TCH0003965,CMP0017,CL00120,2025-06-20,click
TCH0003966,CMP0017,CL00025,2025-05-18,lead
TCH0003967,CMP0017,CL00083,2025-05-30,impression
TCH0003968,CMP0017,CL00428,2025-05-18,impression
TCH0003969,CMP0017,CL00023,2025-06-24,click
TCH0003970,CMP0017,CL00309,2025-05-29,impression
TCH0003971,CMP0017,CL00493,2025-06-15,click
TCH0003972,CMP0017,CL00141,2025-05-19,click
TCH0003973,CMP0017,CL00500,2025-05-20,impression
TCH0003974,CMP0017,CL00400,2025-05-29,impression
TCH0003975,CMP0017,CL00458,2025-05-26,impression
TCH0003976,CMP0017,CL00267,2025-05-29,impression
TCH0003977,CMP0017,CL00252,2025-06-23,click
TCH0003978,CMP0017,CL00065,2025-05-22,click
TCH0003979,CMP0017,CL00426,2025-06-12,click
TCH0003980,CMP0017,CL00453,2025-06-22,impression
TCH0003981,CMP0017,CL00314,2025-06-23,impression
TCH0003982,CMP0017,CL00317,2025-06-23,impression
TCH0003983,CMP0017,CL00467,2025-05-26,click
TCH0003984,CMP0017,CL00437,2025-05-24,impression
TCH0003985,CMP0017,CL00265,2025-06-22,lead
TCH0003986,CMP0017,CL00367,2025-05-30,impression
TCH0003987,CMP0017,CL00308,2025-05-25,impression
TCH0003988,CMP0017,CL00064,2025-06-08,click
TCH0003989,CMP0017,CL00099,2025-05-30,impression
TCH0003990,CMP0017,CL00174,2025-05-17,impression
TCH0003991,CMP0017,CL00210,2025-06-12,lead
TCH0003992,CMP0017,CL00237,2025-06-19,impression
TCH0003993,CMP0017,CL00197,2025-06-23,impression
TCH0003994,CMP0017,CL00056,2025-05-31,click
TCH0003995,CMP0017,CL00164,2025-05-21,impression
TCH0003996,CMP0017,CL00439,2025-05-22,lead
TCH0003997,CMP0017,CL00022,2025-05-25,conversion
TCH0003998,CMP0017,CL00353,2025-06-23,lead
TCH0003999,CMP0017,CL00003,2025-06-05,click
TCH0004000,CMP0017,CL00359,2025-05-26,impression
TCH0004001,CMP0017,CL00412,2025-05-17,impression
TCH0004002,CMP0017,CL00046,2025-06-08,conversion
TCH0004003,CMP0017,CL00247,2025-05-22,click
TCH0004004,CMP0017,CL00260,2025-05-22,lead
TCH0004005,CMP0017,CL00051,2025-06-02,click
TCH0004006,CMP0017,CL00192,2025-05-12,click
TCH0004007,CMP0017,CL00485,2025-05-16,lead
TCH0004008,CMP0017,CL00489,2025-06-08,impression
TCH0004009,CMP0017,CL00006,2025-06-02,click
TCH0004010,CMP0017,CL00468,2025-06-20,conversion
TCH0004011,CMP0017,CL00118,2025-05-23,click
TCH0004012,CMP0017,CL00072,2025-06-15,lead
TCH0004013,CMP0017,CL00292,2025-05-24,impression
TCH0004014,CMP0017,CL00460,2025-06-18,impression
TCH0004015,CMP0017,CL00194,2025-05-22,click
TCH0004016,CMP0017,CL00138,2025-05-26,lead
TCH0004017,CMP0017,CL00390,2025-06-02,impression
TCH0004018,CMP0017,CL00037,2025-05-24,impression
TCH0004019,CMP0017,CL00381,2025-06-24,click
TCH0004020,CMP0017,CL00179,2025-06-04,lead
TCH0004021,CMP0017,CL00226,2025-06-09,conversion
TCH0004022,CMP0017,CL00373,2025-06-07,impression
TCH0004023,CMP0017,CL00170,2025-06-13,lead
TCH0004024,CMP0017,CL00464,2025-05-20,lead
TCH0004025,CMP0017,CL00388,2025-05-24,lead
TCH0004026,CMP0017,CL00420,2025-05-30,lead
TCH0004027,CMP0017,CL00440,2025-05-12,impression
TCH0004028,CMP0018,CL00216,2025-05-21,lead
TCH0004029,CMP0018,CL00468,2025-04-08,click
TCH0004030,CMP0018,CL00390,2025-06-10,impression
TCH0004031,CMP0018,CL00456,2025-05-19,click
TCH0004032,CMP0018,CL00127,2025-05-17,lead
TCH0004033,CMP0018,CL00379,2025-04-11,impression
TCH0004034,CMP0018,CL00152,2025-04-23,lead
TCH0004035,CMP0018,CL00217,2025-05-07,impression
TCH0004036,CMP0018,CL00400,2025-04-12,conversion
TCH0004037,CMP0018,CL00232,2025-04-12,lead
TCH0004038,CMP0018,CL00048,2025-05-14,impression
TCH0004039,CMP0018,CL00141,2025-04-26,lead
TCH0004040,CMP0018,CL00016,2025-05-14,click
TCH0004041,CMP0018,CL00177,2025-05-21,impression
TCH0004042,CMP0018,CL00333,2025-04-27,lead
TCH0004043,CMP0018,CL00192,2025-04-05,impression
TCH0004044,CMP0018,CL00001,2025-05-15,click
TCH0004045,CMP0018,CL00237,2025-06-08,impression
TCH0004046,CMP0018,CL00197,2025-05-26,impression
TCH0004047,CMP0018,CL00161,2025-04-07,impression
TCH0004048,CMP0018,CL00437,2025-04-14,click
TCH0004049,CMP0018,CL00184,2025-06-12,impression
TCH0004050,CMP0018,CL00444,2025-05-29,conversion
TCH0004051,CMP0018,CL00185,2025-04-28,click
TCH0004052,CMP0018,CL00008,2025-05-29,click
TCH0004053,CMP0018,CL00303,2025-05-13,click
TCH0004054,CMP0018,CL00315,2025-05-21,impression
TCH0004055,CMP0018,CL00384,2025-04-14,lead
TCH0004056,CMP0018,CL00292,2025-06-03,click
TCH0004057,CMP0018,CL00275,2025-04-11,conversion
TCH0004058,CMP0018,CL00064,2025-04-22,impression
TCH0004059,CMP0018,CL00483,2025-05-21,click
TCH0004060,CMP0018,CL00080,2025-04-06,lead
TCH0004061,CMP0018,CL00198,2025-04-19,impression
TCH0004062,CMP0018,CL00037,2025-04-19,impression
TCH0004063,CMP0018,CL00029,2025-04-14,lead
TCH0004064,CMP0018,CL00488,2025-05-10,impression
TCH0004065,CMP0018,CL00492,2025-05-29,click
TCH0004066,CMP0018,CL00216,2025-04-04,lead
TCH0004067,CMP0018,CL00229,2025-05-09,click
TCH0004068,CMP0018,CL00500,2025-05-25,click
TCH0004069,CMP0018,CL00189,2025-04-06,click
TCH0004070,CMP0018,CL00120,2025-04-18,click
TCH0004071,CMP0018,CL00247,2025-04-03,lead
TCH0004072,CMP0018,CL00233,2025-05-16,impression
TCH0004073,CMP0018,CL00343,2025-06-09,impression
TCH0004074,CMP0018,CL00058,2025-04-18,click
TCH0004075,CMP0018,CL00378,2025-06-10,lead
TCH0004076,CMP0018,CL00345,2025-04-24,click
TCH0004077,CMP0018,CL00489,2025-05-11,impression
TCH0004078,CMP0018,CL00419,2025-04-18,click
TCH0004079,CMP0018,CL00194,2025-04-28,impression
TCH0004080,CMP0018,CL00227,2025-04-22,impression
TCH0004081,CMP0018,CL00109,2025-04-24,impression
TCH0004082,CMP0018,CL00036,2025-05-18,click
TCH0004083,CMP0018,CL00072,2025-05-11,click
TCH0004084,CMP0018,CL00401,2025-04-16,impression
TCH0004085,CMP0018,CL00010,2025-06-02,lead
TCH0004086,CMP0018,CL00271,2025-06-07,impression
TCH0004087,CMP0018,CL00440,2025-05-15,lead
TCH0004088,CMP0018,CL00473,2025-06-04,click
TCH0004089,CMP0018,CL00388,2025-06-08,lead
TCH0004090,CMP0018,CL00413,2025-04-30,impression
TCH0004091,CMP0018,CL00453,2025-05-19,click
TCH0004092,CMP0018,CL00025,2025-06-08,impression
TCH0004093,CMP0018,CL00096,2025-05-11,impression
TCH0004094,CMP0018,CL00303,2025-04-19,impression
TCH0004095,CMP0018,CL00017,2025-04-28,click
TCH0004096,CMP0018,CL00367,2025-05-26,lead
TCH0004097,CMP0018,CL00208,2025-05-07,impression
TCH0004098,CMP0018,CL00049,2025-05-29,conversion
TCH0004099,CMP0018,CL00105,2025-05-09,click
TCH0004100,CMP0018,CL00285,2025-06-01,click
TCH0004101,CMP0018,CL00325,2025-06-12,impression
TCH0004102,CMP0018,CL00018,2025-04-11,impression
TCH0004103,CMP0018,CL00391,2025-04-05,impression
TCH0004104,CMP0018,CL00413,2025-04-03,impression
TCH0004105,CMP0018,CL00065,2025-04-03,click
TCH0004106,CMP0018,CL00287,2025-05-27,conversion
TCH0004107,CMP0018,CL00028,2025-04-10,impression
TCH0004108,CMP0018,CL00428,2025-05-21,conversion
TCH0004109,CMP0018,CL00260,2025-05-28,impression
TCH0004110,CMP0018,CL00376,2025-04-23,click
TCH0004111,CMP0018,CL00215,2025-04-25,impression
TCH0004112,CMP0018,CL00308,2025-04-12,impression
TCH0004113,CMP0018,CL00420,2025-05-07,conversion
TCH0004114,CMP0018,CL00104,2025-06-15,conversion
TCH0004115,CMP0018,CL00456,2025-04-12,click
TCH0004116,CMP0018,CL00245,2025-06-13,lead
TCH0004117,CMP0018,CL00462,2025-06-08,conversion
TCH0004118,CMP0018,CL00422,2025-04-16,impression
TCH0004119,CMP0018,CL00416,2025-05-27,click
TCH0004120,CMP0018,CL00137,2025-06-08,click
TCH0004121,CMP0018,CL00172,2025-04-23,impression
TCH0004122,CMP0018,CL00298,2025-05-15,impression
TCH0004123,CMP0018,CL00097,2025-05-24,impression
TCH0004124,CMP0018,CL00466,2025-05-02,impression
TCH0004125,CMP0018,CL00357,2025-04-05,click
TCH0004126,CMP0018,CL00138,2025-05-07,impression
TCH0004127,CMP0018,CL00312,2025-04-03,lead
TCH0004128,CMP0018,CL00076,2025-05-22,conversion
TCH0004129,CMP0018,CL00157,2025-06-07,lead
TCH0004130,CMP0018,CL00010,2025-05-26,impression
TCH0004131,CMP0018,CL00413,2025-04-23,click
TCH0004132,CMP0018,CL00077,2025-06-14,impression
TCH0004133,CMP0018,CL00026,2025-05-24,lead
TCH0004134,CMP0018,CL00412,2025-06-16,impression
TCH0004135,CMP0018,CL00166,2025-05-15,lead
TCH0004136,CMP0018,CL00495,2025-05-14,lead
TCH0004137,CMP0018,CL00045,2025-06-01,lead
TCH0004138,CMP0018,CL00324,2025-05-28,impression
TCH0004139,CMP0018,CL00258,2025-04-09,impression
TCH0004140,CMP0018,CL00375,2025-06-03,click
TCH0004141,CMP0018,CL00478,2025-04-30,conversion
TCH0004142,CMP0018,CL00216,2025-05-27,click
TCH0004143,CMP0018,CL00437,2025-04-27,click
TCH0004144,CMP0018,CL00383,2025-05-03,click
TCH0004145,CMP0018,CL00259,2025-04-30,conversion
TCH0004146,CMP0018,CL00200,2025-05-30,impression
TCH0004147,CMP0018,CL00130,2025-05-23,lead
TCH0004148,CMP0018,CL00495,2025-05-23,click
TCH0004149,CMP0018,CL00041,2025-06-14,impression
TCH0004150,CMP0018,CL00098,2025-04-21,impression
TCH0004151,CMP0018,CL00052,2025-06-11,click
TCH0004152,CMP0018,CL00248,2025-05-06,click
TCH0004153,CMP0018,CL00191,2025-05-24,lead
TCH0004154,CMP0018,CL00091,2025-04-28,conversion
TCH0004155,CMP0018,CL00055,2025-06-15,impression
TCH0004156,CMP0018,CL00118,2025-04-28,click
TCH0004157,CMP0019,CL00012,2024-08-16,conversion
TCH0004158,CMP0019,CL00177,2024-09-05,lead
TCH0004159,CMP0019,CL00441,2024-07-31,lead
TCH0004160,CMP0019,CL00493,2024-09-13,conversion
TCH0004161,CMP0019,CL00200,2024-08-13,click
TCH0004162,CMP0019,CL00066,2024-08-16,impression
TCH0004163,CMP0019,CL00440,2024-08-14,conversion
TCH0004164,CMP0019,CL00445,2024-08-31,click
TCH0004165,CMP0019,CL00141,2024-09-04,click
TCH0004166,CMP0019,CL00363,2024-07-25,lead
TCH0004167,CMP0019,CL00030,2024-07-29,conversion
TCH0004168,CMP0019,CL00365,2024-08-12,lead
TCH0004169,CMP0019,CL00488,2024-07-15,impression
TCH0004170,CMP0019,CL00211,2024-08-01,lead
TCH0004171,CMP0019,CL00376,2024-07-05,click
TCH0004172,CMP0019,CL00187,2024-08-05,lead
TCH0004173,CMP0019,CL00036,2024-09-14,impression
TCH0004174,CMP0019,CL00454,2024-06-26,lead
TCH0004175,CMP0019,CL00192,2024-08-10,impression
TCH0004176,CMP0019,CL00113,2024-07-08,impression
TCH0004177,CMP0019,CL00134,2024-09-19,impression
TCH0004178,CMP0019,CL00043,2024-08-01,lead
TCH0004179,CMP0019,CL00040,2024-08-13,impression
TCH0004180,CMP0019,CL00389,2024-09-07,impression
TCH0004181,CMP0019,CL00016,2024-06-28,impression
TCH0004182,CMP0019,CL00020,2024-07-12,lead
TCH0004183,CMP0019,CL00209,2024-07-02,impression
TCH0004184,CMP0019,CL00261,2024-09-19,click
TCH0004185,CMP0019,CL00048,2024-07-28,click
TCH0004186,CMP0019,CL00083,2024-08-27,impression
TCH0004187,CMP0019,CL00059,2024-07-30,impression
TCH0004188,CMP0019,CL00004,2024-08-03,click
TCH0004189,CMP0019,CL00142,2024-08-08,click
TCH0004190,CMP0019,CL00024,2024-06-29,click
TCH0004191,CMP0019,CL00204,2024-06-28,impression
TCH0004192,CMP0019,CL00008,2024-06-28,lead
TCH0004193,CMP0019,CL00090,2024-09-11,impression
TCH0004194,CMP0019,CL00168,2024-08-13,impression
TCH0004195,CMP0019,CL00304,2024-08-26,click
TCH0004196,CMP0019,CL00369,2024-07-27,conversion
TCH0004197,CMP0019,CL00005,2024-08-09,impression
TCH0004198,CMP0019,CL00412,2024-06-29,click
TCH0004199,CMP0019,CL00426,2024-09-15,click
TCH0004200,CMP0019,CL00114,2024-08-13,impression
TCH0004201,CMP0019,CL00025,2024-08-30,lead
TCH0004202,CMP0019,CL00143,2024-09-17,click
TCH0004203,CMP0019,CL00203,2024-09-01,impression
TCH0004204,CMP0019,CL00230,2024-09-22,impression
TCH0004205,CMP0019,CL00201,2024-07-23,lead
TCH0004206,CMP0019,CL00446,2024-09-10,impression
TCH0004207,CMP0019,CL00174,2024-08-01,impression
TCH0004208,CMP0019,CL00029,2024-07-07,lead
TCH0004209,CMP0019,CL00274,2024-09-04,conversion
TCH0004210,CMP0019,CL00499,2024-08-04,click
TCH0004211,CMP0019,CL00153,2024-08-06,click
TCH0004212,CMP0019,CL00169,2024-07-30,conversion
TCH0004213,CMP0019,CL00474,2024-08-23,impression
TCH0004214,CMP0019,CL00255,2024-08-17,click
TCH0004215,CMP0019,CL00345,2024-08-09,conversion
TCH0004216,CMP0019,CL00332,2024-07-22,impression
TCH0004217,CMP0019,CL00298,2024-07-22,impression
TCH0004218,CMP0019,CL00086,2024-07-05,impression
TCH0004219,CMP0019,CL00207,2024-09-09,impression
TCH0004220,CMP0019,CL00340,2024-08-08,impression
TCH0004221,CMP0019,CL00098,2024-09-03,lead
TCH0004222,CMP0019,CL00282,2024-09-15,lead
TCH0004223,CMP0019,CL00229,2024-06-29,impression
TCH0004224,CMP0019,CL00018,2024-07-26,click
TCH0004225,CMP0020,CL00442,2025-04-23,click
TCH0004226,CMP0020,CL00046,2025-06-05,conversion
TCH0004227,CMP0020,CL00466,2025-04-12,impression
TCH0004228,CMP0020,CL00091,2025-06-08,conversion
TCH0004229,CMP0020,CL00218,2025-05-23,click
TCH0004230,CMP0020,CL00181,2025-05-06,click
TCH0004231,CMP0020,CL00048,2025-04-04,click
TCH0004232,CMP0020,CL00207,2025-06-04,click
TCH0004233,CMP0020,CL00184,2025-04-12,click
TCH0004234,CMP0020,CL00172,2025-04-28,click
TCH0004235,CMP0020,CL00161,2025-05-11,impression
TCH0004236,CMP0020,CL00060,2025-04-26,conversion
TCH0004237,CMP0020,CL00267,2025-05-05,click
TCH0004238,CMP0020,CL00001,2025-06-24,conversion
TCH0004239,CMP0020,CL00206,2025-06-20,impression
TCH0004240,CMP0020,CL00462,2025-04-17,click
TCH0004241,CMP0020,CL00383,2025-06-01,click
TCH0004242,CMP0020,CL00097,2025-07-01,impression
TCH0004243,CMP0020,CL00041,2025-04-26,impression
TCH0004244,CMP0020,CL00093,2025-06-13,impression
TCH0004245,CMP0020,CL00345,2025-05-10,click
TCH0004246,CMP0020,CL00037,2025-04-23,impression
TCH0004247,CMP0020,CL00317,2025-04-14,lead
TCH0004248,CMP0020,CL00166,2025-04-04,impression
TCH0004249,CMP0020,CL00363,2025-06-12,impression
TCH0004250,CMP0020,CL00175,2025-06-01,click
TCH0004251,CMP0020,CL00092,2025-04-03,lead
TCH0004252,CMP0020,CL00375,2025-04-15,conversion
TCH0004253,CMP0020,CL00233,2025-06-19,lead
TCH0004254,CMP0020,CL00111,2025-04-19,click
TCH0004255,CMP0020,CL00072,2025-05-16,impression
TCH0004256,CMP0020,CL00297,2025-05-07,click
TCH0004257,CMP0020,CL00113,2025-05-21,lead
TCH0004258,CMP0020,CL00246,2025-04-16,impression
TCH0004259,CMP0020,CL00378,2025-05-18,lead
TCH0004260,CMP0020,CL00478,2025-04-09,click
TCH0004261,CMP0020,CL00432,2025-06-30,click
TCH0004262,CMP0020,CL00453,2025-04-25,lead
TCH0004263,CMP0020,CL00118,2025-06-17,impression
TCH0004264,CMP0020,CL00007,2025-04-23,impression
TCH0004265,CMP0020,CL00189,2025-04-08,click
TCH0004266,CMP0020,CL00436,2025-06-20,lead
TCH0004267,CMP0020,CL00428,2025-04-05,click
TCH0004268,CMP0020,CL00393,2025-06-25,impression
TCH0004269,CMP0020,CL00304,2025-05-27,lead
TCH0004270,CMP0020,CL00198,2025-06-09,impression
TCH0004271,CMP0020,CL00359,2025-05-28,lead
TCH0004272,CMP0020,CL00259,2025-06-21,click
TCH0004273,CMP0020,CL00056,2025-06-09,impression
TCH0004274,CMP0020,CL00116,2025-05-26,impression
TCH0004275,CMP0020,CL00058,2025-06-11,click
TCH0004276,CMP0020,CL00016,2025-04-05,impression
TCH0004277,CMP0020,CL00312,2025-04-10,lead
TCH0004278,CMP0020,CL00173,2025-04-16,click
TCH0004279,CMP0020,CL00102,2025-05-06,impression
TCH0004280,CMP0020,CL00357,2025-05-14,lead
TCH0004281,CMP0020,CL00337,2025-06-24,impression
TCH0004282,CMP0020,CL00385,2025-05-21,impression
TCH0004283,CMP0020,CL00285,2025-04-30,conversion
TCH0004284,CMP0020,CL00126,2025-05-19,impression
TCH0004285,CMP0020,CL00489,2025-06-20,click
TCH0004286,CMP0020,CL00299,2025-06-04,conversion
TCH0004287,CMP0020,CL00049,2025-05-27,click
TCH0004288,CMP0020,CL00295,2025-05-24,click
TCH0004289,CMP0020,CL00170,2025-04-11,click
TCH0004290,CMP0020,CL00500,2025-05-03,click
TCH0004291,CMP0020,CL00187,2025-05-29,impression
TCH0004292,CMP0020,CL00271,2025-04-27,impression
TCH0004293,CMP0020,CL00287,2025-04-29,click
TCH0004294,CMP0020,CL00265,2025-05-01,conversion
TCH0004295,CMP0020,CL00457,2025-06-23,click
TCH0004296,CMP0020,CL00373,2025-05-04,impression
TCH0004297,CMP0020,CL00388,2025-06-16,click
TCH0004298,CMP0020,CL00194,2025-05-10,impression
TCH0004299,CMP0020,CL00353,2025-05-11,click
TCH0004300,CMP0020,CL00128,2025-06-11,lead
TCH0004301,CMP0020,CL00308,2025-04-15,lead
TCH0004302,CMP0020,CL00032,2025-04-29,click
TCH0004303,CMP0020,CL00177,2025-05-05,click
TCH0004304,CMP0020,CL00099,2025-05-01,lead
TCH0004305,CMP0020,CL00309,2025-05-25,impression
TCH0004306,CMP0020,CL00488,2025-06-07,lead
TCH0004307,CMP0020,CL00422,2025-05-30,impression
TCH0004308,CMP0020,CL00033,2025-06-13,lead
TCH0004309,CMP0020,CL00248,2025-04-19,click
TCH0004310,CMP0020,CL00030,2025-05-17,impression
TCH0004311,CMP0020,CL00311,2025-05-16,impression
TCH0004312,CMP0020,CL00406,2025-05-24,click
TCH0004313,CMP0020,CL00191,2025-04-16,click
TCH0004314,CMP0020,CL00420,2025-04-25,conversion
TCH0004315,CMP0020,CL00400,2025-06-15,conversion
TCH0004316,CMP0020,CL00044,2025-04-03,impression
TCH0004317,CMP0020,CL00055,2025-06-26,conversion
TCH0004318,CMP0020,CL00096,2025-05-13,conversion
TCH0004319,CMP0020,CL00493,2025-05-25,impression
TCH0004320,CMP0020,CL00314,2025-05-24,impression
TCH0004321,CMP0020,CL00356,2025-04-07,click
TCH0004322,CMP0020,CL00391,2025-06-30,click
TCH0004323,CMP0020,CL00343,2025-05-15,impression
TCH0004324,CMP0020,CL00419,2025-04-13,impression
TCH0004325,CMP0020,CL00497,2025-05-05,lead
TCH0004326,CMP0020,CL00333,2025-04-07,lead
TCH0004327,CMP0020,CL00433,2025-04-27,click
TCH0004328,CMP0020,CL00043,2025-04-27,lead
TCH0004329,CMP0020,CL00418,2025-06-25,click
TCH0004330,CMP0020,CL00157,2025-04-21,lead
TCH0004331,CMP0020,CL00362,2025-05-23,impression
TCH0004332,CMP0020,CL00456,2025-05-03,click
TCH0004333,CMP0020,CL00495,2025-04-27,click
TCH0004334,CMP0020,CL00370,2025-04-23,click
TCH0004335,CMP0020,CL00052,2025-05-24,impression
TCH0004336,CMP0020,CL00381,2025-05-22,lead
TCH0004337,CMP0020,CL00273,2025-04-16,click
TCH0004338,CMP0020,CL00028,2025-05-01,impression
TCH0004339,CMP0020,CL00445,2025-06-14,lead
TCH0004340,CMP0020,CL00023,2025-04-21,click
TCH0004341,CMP0020,CL00022,2025-06-27,impression
TCH0004342,CMP0020,CL00193,2025-06-08,conversion
TCH0004343,CMP0020,CL00413,2025-04-27,click
TCH0004344,CMP0020,CL00077,2025-04-11,lead
TCH0004345,CMP0020,CL00376,2025-04-22,click
TCH0004346,CMP0020,CL00208,2025-04-17,impression
TCH0004347,CMP0020,CL00114,2025-04-22,impression
TCH0004348,CMP0020,CL00010,2025-04-24,impression
TCH0004349,CMP0020,CL00130,2025-05-25,click
TCH0004350,CMP0020,CL00153,2025-05-07,impression
TCH0004351,CMP0020,CL00245,2025-04-12,impression
TCH0004352,CMP0020,CL00042,2025-06-06,click
TCH0004353,CMP0020,CL00106,2025-06-08,impression
TCH0004354,CMP0020,CL00247,2025-05-28,impression
TCH0004355,CMP0020,CL00144,2025-05-21,impression
TCH0004356,CMP0020,CL00274,2025-06-21,click
TCH0004357,CMP0020,CL00272,2025-06-13,click
TCH0004358,CMP0020,CL00298,2025-05-01,click
TCH0004359,CMP0020,CL00437,2025-05-28,lead
TCH0004360,CMP0020,CL00412,2025-05-27,impression
TCH0004361,CMP0020,CL00174,2025-06-05,click
TCH0004362,CMP0020,CL00354,2025-06-04,impression
TCH0004363,CMP0020,CL00026,2025-06-12,impression
TCH0004364,CMP0020,CL00139,2025-05-01,click
TCH0004365,CMP0020,CL00098,2025-04-25,impression
TCH0004366,CMP0020,CL00065,2025-04-23,click
TCH0004367,CMP0020,CL00227,2025-05-15,impression
TCH0004368,CMP0020,CL00358,2025-06-26,impression
TCH0004369,CMP0020,CL00003,2025-06-04,click
TCH0004370,CMP0020,CL00115,2025-06-14,impression
TCH0004371,CMP0020,CL00473,2025-05-04,impression
TCH0004372,CMP0020,CL00258,2025-05-17,lead
TCH0004373,CMP0020,CL00288,2025-06-23,impression
TCH0004374,CMP0020,CL00167,2025-04-25,impression
TCH0004375,CMP0020,CL00460,2025-05-05,conversion
TCH0004376,CMP0020,CL00318,2025-05-16,impression
TCH0004377,CMP0020,CL00017,2025-06-18,click
TCH0004378,CMP0020,CL00083,2025-05-26,lead
TCH0004379,CMP0020,CL00326,2025-06-18,conversion
TCH0004380,CMP0020,CL00186,2025-05-05,lead
TCH0004381,CMP0020,CL00152,2025-04-11,conversion
TCH0004382,CMP0020,CL00315,2025-04-11,click
TCH0004383,CMP0020,CL00239,2025-04-07,impression
TCH0004384,CMP0020,CL00219,2025-06-25,click
TCH0004385,CMP0020,CL00444,2025-04-29,lead
TCH0004386,CMP0020,CL00105,2025-04-28,conversion
TCH0004387,CMP0020,CL00138,2025-04-23,impression
TCH0004388,CMP0020,CL00459,2025-05-19,impression
TCH0004389,CMP0020,CL00369,2025-04-11,impression
TCH0004390,CMP0020,CL00303,2025-05-31,lead
TCH0004391,CMP0020,CL00038,2025-06-27,conversion
TCH0004392,CMP0020,CL00472,2025-04-18,click
TCH0004393,CMP0020,CL00216,2025-06-26,lead
TCH0004394,CMP0020,CL00080,2025-04-24,lead
TCH0004395,CMP0020,CL00127,2025-04-20,lead
TCH0004396,CMP0020,CL00483,2025-04-09,impression
TCH0004397,CMP0020,CL00164,2025-06-15,impression
TCH0004398,CMP0020,CL00036,2025-04-14,click
TCH0004399,CMP0020,CL00137,2025-06-10,lead
TCH0004400,CMP0020,CL00210,2025-04-16,conversion
TCH0004401,CMP0020,CL00029,2025-04-25,impression
TCH0004402,CMP0020,CL00024,2025-06-18,lead
TCH0004403,CMP0020,CL00171,2025-05-19,impression
TCH0004404,CMP0020,CL00141,2025-05-18,impression
TCH0004405,CMP0020,CL00468,2025-04-15,impression
TCH0004406,CMP0020,CL00260,2025-04-17,impression
TCH0004407,CMP0020,CL00005,2025-06-19,lead
TCH0004408,CMP0020,CL00018,2025-05-24,impression
TCH0004409,CMP0020,CL00408,2025-04-25,impression
TCH0004410,CMP0020,CL00290,2025-04-12,impression
TCH0004411,CMP0020,CL00035,2025-05-30,lead
TCH0004412,CMP0020,CL00051,2025-04-09,impression
TCH0004413,CMP0020,CL00310,2025-04-03,click
TCH0004414,CMP0020,CL00250,2025-06-13,click
TCH0004415,CMP0020,CL00064,2025-05-08,click
TCH0004416,CMP0020,CL00159,2025-05-09,click
TCH0004417,CMP0020,CL00414,2025-06-28,conversion
TCH0004418,CMP0020,CL00249,2025-05-04,click
TCH0004419,CMP0020,CL00476,2025-06-06,lead
TCH0004420,CMP0020,CL00275,2025-06-09,click
TCH0004421,CMP0020,CL00066,2025-05-09,click
TCH0004422,CMP0020,CL00266,2025-05-17,lead
TCH0004423,CMP0020,CL00426,2025-04-21,click
TCH0004424,CMP0020,CL00120,2025-05-06,impression
TCH0004425,CMP0020,CL00379,2025-05-27,click
TCH0004426,CMP0020,CL00232,2025-05-06,impression
TCH0004427,CMP0020,CL00226,2025-05-01,impression
TCH0004428,CMP0020,CL00209,2025-04-04,click
TCH0004429,CMP0020,CL00429,2025-05-30,impression
TCH0004430,CMP0020,CL00470,2025-06-19,lead
TCH0004431,CMP0020,CL00401,2025-06-09,click
TCH0004432,CMP0020,CL00183,2025-04-30,impression
TCH0004433,CMP0020,CL00439,2025-04-04,impression
TCH0004434,CMP0020,CL00325,2025-05-12,click
TCH0004435,CMP0020,CL00025,2025-05-14,click
TCH0004436,CMP0020,CL00467,2025-06-21,click
TCH0004437,CMP0020,CL00197,2025-05-10,impression
TCH0004438,CMP0020,CL00047,2025-06-27,lead
TCH0004439,CMP0020,CL00008,2025-06-25,impression
TCH0004440,CMP0020,CL00448,2025-04-07,click
TCH0004441,CMP0020,CL00179,2025-05-07,click
TCH0004442,CMP0020,CL00006,2025-05-12,click
TCH0004443,CMP0020,CL00492,2025-05-04,click
TCH0004444,CMP0020,CL00229,2025-05-15,conversion
TCH0004445,CMP0020,CL00367,2025-06-20,click
TCH0004446,CMP0020,CL00252,2025-05-04,impression
TCH0004447,CMP0020,CL00180,2025-06-24,impression
TCH0004448,CMP0020,CL00485,2025-07-01,impression
TCH0004449,CMP0020,CL00292,2025-06-05,impression
TCH0004450,CMP0020,CL00339,2025-04-05,impression
TCH0004451,CMP0020,CL00237,2025-05-19,impression
TCH0004452,CMP0020,CL00336,2025-05-09,lead
TCH0004453,CMP0020,CL00185,2025-05-14,click
TCH0004454,CMP0020,CL00109,2025-04-28,impression
TCH0004455,CMP0020,CL00324,2025-05-19,impression
TCH0004456,CMP0020,CL00440,2025-05-12,click
TCH0004457,CMP0020,CL00217,2025-06-10,impression
TCH0004458,CMP0020,CL00390,2025-06-12,lead
TCH0004459,CMP0020,CL00213,2025-05-23,impression
TCH0004460,CMP0020,CL00282,2025-06-29,conversion
TCH0004461,CMP0020,CL00458,2025-05-07,click
TCH0004462,CMP0020,CL00403,2025-05-12,lead
TCH0004463,CMP0020,CL00045,2025-04-27,impression
TCH0004464,CMP0020,CL00454,2025-06-24,impression
TCH0004465,CMP0020,CL00416,2025-05-07,impression
TCH0004466,CMP0020,CL00104,2025-04-06,impression
TCH0004467,CMP0020,CL00234,2025-06-27,impression
TCH0004468,CMP0020,CL00464,2025-05-24,click
TCH0004469,CMP0020,CL00192,2025-06-16,impression
TCH0004470,CMP0020,CL00215,2025-05-22,impression
TCH0004471,CMP0020,CL00200,2025-06-24,impression
TCH0004472,CMP0020,CL00129,2025-04-08,lead
TCH0004473,CMP0020,CL00015,2025-04-26,click
TCH0004474,CMP0020,CL00384,2025-04-08,click
TCH0004475,CMP0020,CL00076,2025-06-30,conversion
TCH0004476,CMP0021,CL00109,2024-06-02,click
TCH0004477,CMP0021,CL00289,2024-08-03,click
TCH0004478,CMP0021,CL00229,2024-08-09,lead
TCH0004479,CMP0021,CL00425,2024-08-07,impression
TCH0004480,CMP0021,CL00194,2024-07-08,lead
TCH0004481,CMP0021,CL00070,2024-07-28,impression
TCH0004482,CMP0021,CL00421,2024-07-16,click
TCH0004483,CMP0021,CL00078,2024-07-17,lead
TCH0004484,CMP0021,CL00089,2024-07-11,click
TCH0004485,CMP0021,CL00228,2024-07-27,lead
TCH0004486,CMP0021,CL00418,2024-06-15,lead
TCH0004487,CMP0021,CL00031,2024-06-29,impression
TCH0004488,CMP0021,CL00499,2024-08-06,impression
TCH0004489,CMP0021,CL00004,2024-08-08,conversion
TCH0004490,CMP0021,CL00412,2024-05-31,click
TCH0004491,CMP0021,CL00273,2024-07-27,impression
TCH0004492,CMP0021,CL00071,2024-07-28,click
TCH0004493,CMP0021,CL00243,2024-07-30,impression
TCH0004494,CMP0021,CL00147,2024-08-07,click
TCH0004495,CMP0021,CL00444,2024-06-08,impression
TCH0004496,CMP0021,CL00303,2024-07-07,impression
TCH0004497,CMP0021,CL00256,2024-07-22,click
TCH0004498,CMP0021,CL00296,2024-06-21,impression
TCH0004499,CMP0021,CL00116,2024-06-09,click
TCH0004500,CMP0021,CL00026,2024-08-05,impression
TCH0004501,CMP0021,CL00189,2024-06-20,lead
TCH0004502,CMP0021,CL00012,2024-06-29,lead
TCH0004503,CMP0021,CL00094,2024-06-08,click
TCH0004504,CMP0021,CL00293,2024-05-30,conversion
TCH0004505,CMP0021,CL00046,2024-06-05,impression
TCH0004506,CMP0021,CL00063,2024-08-01,click
TCH0004507,CMP0021,CL00006,2024-08-07,click
TCH0004508,CMP0021,CL00394,2024-06-27,lead
TCH0004509,CMP0021,CL00342,2024-06-18,click
TCH0004510,CMP0021,CL00161,2024-06-09,impression
TCH0004511,CMP0021,CL00267,2024-06-21,impression
TCH0004512,CMP0021,CL00114,2024-06-03,impression
TCH0004513,CMP0021,CL00079,2024-07-26,impression
TCH0004514,CMP0021,CL00406,2024-07-07,click
TCH0004515,CMP0021,CL00456,2024-06-03,conversion
TCH0004516,CMP0021,CL00420,2024-07-27,click
TCH0004517,CMP0021,CL00428,2024-08-10,impression
TCH0004518,CMP0021,CL00064,2024-06-10,impression
TCH0004519,CMP0021,CL00007,2024-08-09,impression
TCH0004520,CMP0021,CL00051,2024-07-18,lead
TCH0004521,CMP0021,CL00332,2024-06-23,click
TCH0004522,CMP0021,CL00413,2024-05-31,lead
TCH0004523,CMP0021,CL00214,2024-06-21,impression
TCH0004524,CMP0021,CL00372,2024-07-10,conversion
TCH0004525,CMP0021,CL00259,2024-07-13,lead
TCH0004526,CMP0021,CL00466,2024-06-11,impression
TCH0004527,CMP0021,CL00450,2024-06-26,conversion
TCH0004528,CMP0021,CL00459,2024-06-05,click
TCH0004529,CMP0021,CL00403,2024-07-13,click
TCH0004530,CMP0021,CL00442,2024-07-29,impression
TCH0004531,CMP0021,CL00351,2024-06-01,click
TCH0004532,CMP0021,CL00003,2024-06-16,click
TCH0004533,CMP0021,CL00388,2024-07-19,impression
TCH0004534,CMP0021,CL00353,2024-07-12,click
TCH0004535,CMP0021,CL00340,2024-05-30,lead
TCH0004536,CMP0021,CL00240,2024-07-16,click
TCH0004537,CMP0021,CL00151,2024-07-27,impression
TCH0004538,CMP0021,CL00125,2024-07-05,impression
TCH0004539,CMP0021,CL00201,2024-07-19,click
TCH0004540,CMP0021,CL00076,2024-07-27,impression
TCH0004541,CMP0021,CL00365,2024-08-09,impression
TCH0004542,CMP0021,CL00055,2024-06-21,impression
TCH0004543,CMP0021,CL00237,2024-06-08,impression
TCH0004544,CMP0021,CL00476,2024-06-02,click
TCH0004545,CMP0021,CL00043,2024-06-05,impression
TCH0004546,CMP0021,CL00103,2024-06-30,impression
TCH0004547,CMP0021,CL00037,2024-06-02,lead
TCH0004548,CMP0021,CL00067,2024-07-18,click
TCH0004549,CMP0021,CL00464,2024-07-20,click
TCH0004550,CMP0021,CL00309,2024-06-06,click
TCH0004551,CMP0021,CL00360,2024-08-06,click
TCH0004552,CMP0021,CL00166,2024-07-11,conversion
TCH0004553,CMP0021,CL00374,2024-06-12,click
TCH0004554,CMP0021,CL00154,2024-05-30,impression
TCH0004555,CMP0021,CL00038,2024-06-11,impression
TCH0004556,CMP0021,CL00033,2024-05-30,lead
TCH0004557,CMP0021,CL00336,2024-06-15,impression
TCH0004558,CMP0021,CL00130,2024-07-04,click
TCH0004559,CMP0021,CL00385,2024-06-26,lead
TCH0004560,CMP0021,CL00357,2024-06-21,impression
TCH0004561,CMP0021,CL00030,2024-06-21,conversion
TCH0004562,CMP0021,CL00298,2024-06-28,impression
TCH0004563,CMP0021,CL00153,2024-08-04,click
TCH0004564,CMP0021,CL00496,2024-07-19,impression
TCH0004565,CMP0021,CL00278,2024-07-25,conversion
TCH0004566,CMP0021,CL00286,2024-06-28,click
TCH0004567,CMP0021,CL00080,2024-08-10,impression
TCH0004568,CMP0021,CL00203,2024-08-02,impression
TCH0004569,CMP0021,CL00268,2024-07-12,conversion
TCH0004570,CMP0021,CL00364,2024-08-04,lead
TCH0004571,CMP0021,CL00469,2024-06-28,lead
TCH0004572,CMP0021,CL00212,2024-07-14,lead
TCH0004573,CMP0021,CL00150,2024-07-27,impression
TCH0004574,CMP0021,CL00242,2024-05-28,click
TCH0004575,CMP0021,CL00040,2024-07-28,click
TCH0004576,CMP0021,CL00416,2024-06-12,impression
TCH0004577,CMP0021,CL00390,2024-07-16,lead
TCH0004578,CMP0021,CL00001,2024-07-04,click
TCH0004579,CMP0021,CL00039,2024-08-02,conversion
TCH0004580,CMP0021,CL00209,2024-07-12,click
TCH0004581,CMP0021,CL00100,2024-06-29,conversion
TCH0004582,CMP0021,CL00292,2024-07-27,click
TCH0004583,CMP0021,CL00058,2024-07-20,click
TCH0004584,CMP0021,CL00140,2024-07-07,lead
TCH0004585,CMP0021,CL00164,2024-05-31,impression
TCH0004586,CMP0021,CL00422,2024-06-27,click
TCH0004587,CMP0021,CL00083,2024-07-26,click
TCH0004588,CMP0021,CL00434,2024-08-01,conversion
TCH0004589,CMP0021,CL00219,2024-08-04,click
TCH0004590,CMP0021,CL00091,2024-06-14,impression
TCH0004591,CMP0021,CL00090,2024-07-11,click
TCH0004592,CMP0021,CL00383,2024-06-19,click
TCH0004593,CMP0021,CL00200,2024-05-30,impression
TCH0004594,CMP0021,CL00144,2024-08-03,impression
TCH0004595,CMP0021,CL00448,2024-06-16,click
TCH0004596,CMP0021,CL00361,2024-05-31,conversion
TCH0004597,CMP0021,CL00379,2024-06-30,impression
TCH0004598,CMP0021,CL00252,2024-06-29,conversion
TCH0004599,CMP0021,CL00378,2024-07-27,impression
TCH0004600,CMP0021,CL00179,2024-07-28,click
TCH0004601,CMP0021,CL00177,2024-06-28,click
TCH0004602,CMP0021,CL00072,2024-08-07,lead
TCH0004603,CMP0021,CL00458,2024-07-15,impression
TCH0004604,CMP0021,CL00490,2024-07-12,impression
TCH0004605,CMP0021,CL00485,2024-08-10,impression
TCH0004606,CMP0021,CL00483,2024-07-16,impression
TCH0004607,CMP0021,CL00171,2024-06-05,impression
TCH0004608,CMP0021,CL00088,2024-08-10,click
TCH0004609,CMP0021,CL00102,2024-06-21,click
TCH0004610,CMP0021,CL00022,2024-06-12,click
TCH0004611,CMP0021,CL00474,2024-06-02,click
TCH0004612,CMP0021,CL00460,2024-08-06,impression
TCH0004613,CMP0021,CL00041,2024-06-06,lead
TCH0004614,CMP0021,CL00447,2024-06-16,click
TCH0004615,CMP0021,CL00018,2024-07-17,click
TCH0004616,CMP0021,CL00106,2024-08-03,impression
TCH0004617,CMP0021,CL00297,2024-06-09,impression
TCH0004618,CMP0021,CL00493,2024-08-05,impression
TCH0004619,CMP0021,CL00310,2024-07-07,click
TCH0004620,CMP0021,CL00409,2024-06-02,conversion
TCH0004621,CMP0021,CL00261,2024-08-01,lead
TCH0004622,CMP0021,CL00034,2024-05-28,impression
TCH0004623,CMP0021,CL00029,2024-07-25,lead
TCH0004624,CMP0021,CL00101,2024-08-06,conversion
TCH0004625,CMP0021,CL00260,2024-06-05,click
TCH0004626,CMP0021,CL00135,2024-06-06,lead
TCH0004627,CMP0021,CL00272,2024-07-25,click
TCH0004628,CMP0021,CL00462,2024-06-06,click
TCH0004629,CMP0021,CL00056,2024-06-17,impression
TCH0004630,CMP0021,CL00313,2024-07-26,impression
TCH0004631,CMP0021,CL00438,2024-06-26,impression
TCH0004632,CMP0021,CL00431,2024-08-06,lead
TCH0004633,CMP0021,CL00304,2024-08-04,click
TCH0004634,CMP0021,CL00311,2024-08-08,lead
TCH0004635,CMP0021,CL00266,2024-08-10,impression
TCH0004636,CMP0021,CL00401,2024-06-22,click
TCH0004637,CMP0021,CL00400,2024-07-18,impression
TCH0004638,CMP0021,CL00017,2024-08-10,lead
TCH0004639,CMP0021,CL00134,2024-06-23,impression
TCH0004640,CMP0021,CL00097,2024-06-26,lead
TCH0004641,CMP0021,CL00061,2024-06-04,click
TCH0004642,CMP0021,CL00305,2024-07-27,impression
TCH0004643,CMP0021,CL00186,2024-06-11,click
TCH0004644,CMP0021,CL00128,2024-07-25,lead
TCH0004645,CMP0021,CL00059,2024-06-02,conversion
TCH0004646,CMP0021,CL00362,2024-06-14,click
TCH0004647,CMP0021,CL00419,2024-08-04,click
TCH0004648,CMP0021,CL00337,2024-07-24,impression
TCH0004649,CMP0021,CL00274,2024-07-15,impression
TCH0004650,CMP0021,CL00285,2024-05-31,click
TCH0004651,CMP0021,CL00155,2024-05-28,impression
TCH0004652,CMP0021,CL00172,2024-08-10,conversion
TCH0004653,CMP0021,CL00077,2024-07-15,click
TCH0004654,CMP0021,CL00069,2024-07-29,conversion
TCH0004655,CMP0021,CL00112,2024-07-31,impression
TCH0004656,CMP0021,CL00324,2024-07-30,click
TCH0004657,CMP0021,CL00008,2024-07-09,impression
TCH0004658,CMP0021,CL00133,2024-06-07,click
TCH0004659,CMP0021,CL00197,2024-08-10,lead
TCH0004660,CMP0021,CL00129,2024-06-22,click
TCH0004661,CMP0021,CL00263,2024-05-30,lead
TCH0004662,CMP0021,CL00368,2024-06-20,impression
TCH0004663,CMP0021,CL00318,2024-07-28,impression
TCH0004664,CMP0021,CL00308,2024-07-31,impression
TCH0004665,CMP0021,CL00073,2024-06-19,conversion
TCH0004666,CMP0021,CL00192,2024-06-07,impression
TCH0004667,CMP0021,CL00124,2024-06-25,impression
TCH0004668,CMP0021,CL00127,2024-06-22,click
TCH0004669,CMP0021,CL00196,2024-06-02,click
TCH0004670,CMP0021,CL00149,2024-06-02,impression
TCH0004671,CMP0021,CL00215,2024-06-19,impression
TCH0004672,CMP0021,CL00275,2024-08-09,impression
TCH0004673,CMP0021,CL00441,2024-07-20,lead
TCH0004674,CMP0021,CL00349,2024-08-05,click
TCH0004675,CMP0021,CL00044,2024-07-30,impression
TCH0004676,CMP0021,CL00231,2024-06-04,impression
TCH0004677,CMP0021,CL00174,2024-06-22,lead
TCH0004678,CMP0021,CL00250,2024-06-10,impression
TCH0004679,CMP0021,CL00173,2024-07-27,impression
TCH0004680,CMP0021,CL00015,2024-06-17,lead
TCH0004681,CMP0021,CL00206,2024-07-08,click
TCH0004682,CMP0021,CL00233,2024-07-31,lead
TCH0004683,CMP0021,CL00404,2024-07-08,click
TCH0004684,CMP0021,CL00373,2024-07-18,impression
TCH0004685,CMP0021,CL00417,2024-07-08,impression
TCH0004686,CMP0021,CL00207,2024-08-03,lead
TCH0004687,CMP0021,CL00338,2024-05-31,conversion
TCH0004688,CMP0021,CL00152,2024-06-28,click
TCH0004689,CMP0021,CL00402,2024-06-17,impression
TCH0004690,CMP0021,CL00086,2024-06-02,conversion
TCH0004691,CMP0021,CL00449,2024-07-11,impression
TCH0004692,CMP0021,CL00370,2024-07-02,click
TCH0004693,CMP0021,CL00032,2024-06-24,click
TCH0004694,CMP0021,CL00126,2024-06-16,click
TCH0004695,CMP0021,CL00099,2024-07-09,lead
TCH0004696,CMP0021,CL00445,2024-06-03,impression
TCH0004697,CMP0021,CL00255,2024-07-15,click
TCH0004698,CMP0021,CL00226,2024-08-01,click
TCH0004699,CMP0021,CL00238,2024-05-29,impression
TCH0004700,CMP0021,CL00339,2024-07-20,impression
TCH0004701,CMP0021,CL00265,2024-08-07,lead
TCH0004702,CMP0021,CL00443,2024-07-05,conversion
TCH0004703,CMP0021,CL00489,2024-05-28,click
TCH0004704,CMP0021,CL00301,2024-06-17,lead
TCH0004705,CMP0021,CL00060,2024-07-25,impression
TCH0004706,CMP0021,CL00249,2024-07-08,impression
TCH0004707,CMP0021,CL00095,2024-06-12,click
TCH0004708,CMP0021,CL00454,2024-06-11,click
TCH0004709,CMP0021,CL00290,2024-06-22,click
TCH0004710,CMP0021,CL00269,2024-07-11,conversion
TCH0004711,CMP0021,CL00157,2024-06-18,impression
TCH0004712,CMP0021,CL00475,2024-07-31,impression
TCH0004713,CMP0021,CL00384,2024-06-28,click
TCH0004714,CMP0021,CL00287,2024-07-04,conversion
TCH0004715,CMP0021,CL00111,2024-06-27,impression
TCH0004716,CMP0021,CL00481,2024-06-15,impression
TCH0004717,CMP0021,CL00005,2024-06-10,click
TCH0004718,CMP0021,CL00188,2024-06-05,click
TCH0004719,CMP0021,CL00437,2024-06-06,impression
TCH0004720,CMP0021,CL00453,2024-08-10,lead
TCH0004721,CMP0021,CL00345,2024-07-21,click
TCH0004722,CMP0021,CL00315,2024-06-06,impression
TCH0004723,CMP0021,CL00230,2024-08-07,click
TCH0004724,CMP0021,CL00482,2024-07-15,lead
TCH0004725,CMP0021,CL00320,2024-07-29,impression
TCH0004726,CMP0021,CL00221,2024-06-05,impression
TCH0004727,CMP0021,CL00184,2024-06-07,lead
TCH0004728,CMP0021,CL00211,2024-07-25,lead
TCH0004729,CMP0021,CL00146,2024-06-21,click
TCH0004730,CMP0021,CL00182,2024-07-16,click
TCH0004731,CMP0021,CL00202,2024-06-30,impression
TCH0004732,CMP0021,CL00123,2024-07-14,impression
TCH0004733,CMP0021,CL00035,2024-06-23,lead
TCH0004734,CMP0021,CL00010,2024-07-31,click
TCH0004735,CMP0021,CL00407,2024-07-03,conversion
TCH0004736,CMP0021,CL00316,2024-06-29,impression
TCH0004737,CMP0021,CL00120,2024-06-29,impression
TCH0004738,CMP0021,CL00066,2024-07-25,lead
TCH0004739,CMP0021,CL00216,2024-07-23,click
TCH0004740,CMP0021,CL00467,2024-06-12,impression
TCH0004741,CMP0021,CL00025,2024-06-18,impression
TCH0004742,CMP0021,CL00108,2024-06-10,lead
TCH0004743,CMP0021,CL00020,2024-07-02,lead
TCH0004744,CMP0021,CL00247,2024-06-01,click
TCH0004745,CMP0021,CL00312,2024-06-19,impression
TCH0004746,CMP0021,CL00062,2024-06-12,lead
TCH0004747,CMP0021,CL00084,2024-07-29,conversion
TCH0004748,CMP0021,CL00377,2024-06-17,click
TCH0004749,CMP0021,CL00457,2024-06-29,impression
TCH0004750,CMP0021,CL00143,2024-07-25,click
TCH0004751,CMP0021,CL00284,2024-06-25,conversion
TCH0004752,CMP0021,CL00081,2024-07-08,click
TCH0004753,CMP0021,CL00429,2024-06-07,impression
TCH0004754,CMP0021,CL00248,2024-06-24,impression
TCH0004755,CMP0021,CL00319,2024-06-04,lead
TCH0004756,CMP0021,CL00497,2024-07-05,impression
TCH0004757,CMP0021,CL00423,2024-06-27,impression
TCH0004758,CMP0021,CL00148,2024-08-07,impression
TCH0004759,CMP0021,CL00239,2024-08-03,impression
TCH0004760,CMP0021,CL00288,2024-06-15,conversion
TCH0004761,CMP0021,CL00213,2024-08-05,lead
TCH0004762,CMP0021,CL00398,2024-07-10,conversion
TCH0004763,CMP0021,CL00092,2024-08-05,click
TCH0004764,CMP0021,CL00314,2024-08-09,impression
TCH0004765,CMP0021,CL00333,2024-08-07,impression
TCH0004766,CMP0021,CL00279,2024-07-18,click
TCH0004767,CMP0021,CL00049,2024-07-09,impression
TCH0004768,CMP0021,CL00363,2024-06-11,impression
TCH0004769,CMP0021,CL00295,2024-06-19,lead
TCH0004770,CMP0021,CL00366,2024-06-15,lead
TCH0004771,CMP0021,CL00436,2024-07-10,click
TCH0004772,CMP0021,CL00118,2024-07-17,conversion
TCH0004773,CMP0021,CL00300,2024-07-09,impression
TCH0004774,CMP0021,CL00107,2024-06-25,click
TCH0004775,CMP0021,CL00354,2024-08-02,impression
TCH0004776,CMP0021,CL00191,2024-07-31,impression
TCH0004777,CMP0021,CL00050,2024-07-23,click
TCH0004778,CMP0021,CL00405,2024-07-03,click
TCH0004779,CMP0021,CL00335,2024-07-09,click
TCH0004780,CMP0021,CL00052,2024-06-04,lead
TCH0004781,CMP0021,CL00487,2024-06-14,lead
TCH0004782,CMP0021,CL00159,2024-06-12,click
TCH0004783,CMP0021,CL00096,2024-08-10,impression
TCH0004784,CMP0021,CL00223,2024-07-18,conversion
TCH0004785,CMP0021,CL00381,2024-06-30,impression
TCH0004786,CMP0021,CL00264,2024-07-22,impression
TCH0004787,CMP0021,CL00277,2024-06-04,impression
TCH0004788,CMP0021,CL00113,2024-08-04,click
TCH0004789,CMP0021,CL00168,2024-08-10,click
TCH0004790,CMP0021,CL00210,2024-08-02,lead
TCH0004791,CMP0021,CL00137,2024-06-04,conversion
TCH0004792,CMP0021,CL00170,2024-07-12,impression
TCH0004793,CMP0021,CL00471,2024-06-15,click
TCH0004794,CMP0021,CL00341,2024-07-22,conversion
TCH0004795,CMP0021,CL00023,2024-06-15,click
TCH0004796,CMP0021,CL00167,2024-06-17,impression
TCH0004797,CMP0021,CL00411,2024-07-23,lead
TCH0004798,CMP0021,CL00455,2024-08-05,click
TCH0004799,CMP0021,CL00246,2024-08-10,lead
TCH0004800,CMP0021,CL00141,2024-08-02,impression
TCH0004801,CMP0021,CL00232,2024-07-04,impression
TCH0004802,CMP0021,CL00440,2024-07-10,impression
TCH0004803,CMP0021,CL00195,2024-07-19,conversion
TCH0004804,CMP0021,CL00042,2024-07-23,click
TCH0004805,CMP0021,CL00169,2024-06-09,lead
TCH0004806,CMP0021,CL00367,2024-08-09,click
TCH0004807,CMP0021,CL00142,2024-07-17,impression
TCH0004808,CMP0021,CL00432,2024-07-28,impression
TCH0004809,CMP0021,CL00245,2024-05-31,impression
TCH0004810,CMP0021,CL00165,2024-07-29,impression
TCH0004811,CMP0021,CL00393,2024-06-19,impression
TCH0004812,CMP0021,CL00119,2024-06-30,click
TCH0004813,CMP0021,CL00484,2024-05-30,lead
TCH0004814,CMP0021,CL00139,2024-07-21,impression
TCH0004815,CMP0021,CL00175,2024-07-23,lead
TCH0004816,CMP0021,CL00110,2024-07-29,click
TCH0004817,CMP0021,CL00427,2024-07-18,lead
TCH0004818,CMP0021,CL00019,2024-06-08,impression
TCH0004819,CMP0021,CL00329,2024-06-09,impression
TCH0004820,CMP0021,CL00217,2024-06-10,lead
TCH0004821,CMP0021,CL00087,2024-06-28,impression
TCH0004822,CMP0021,CL00065,2024-06-08,impression
TCH0004823,CMP0021,CL00180,2024-06-28,click
TCH0004824,CMP0021,CL00185,2024-07-19,impression
TCH0004825,CMP0021,CL00138,2024-07-20,lead
TCH0004826,CMP0021,CL00492,2024-08-02,click
TCH0004827,CMP0021,CL00075,2024-08-03,click
TCH0004828,CMP0021,CL00068,2024-08-08,click
TCH0004829,CMP0021,CL00045,2024-06-21,click
TCH0004830,CMP0021,CL00317,2024-07-29,click
TCH0004831,CMP0021,CL00198,2024-07-16,impression
TCH0004832,CMP0021,CL00258,2024-06-30,impression
TCH0004833,CMP0021,CL00414,2024-07-29,click
TCH0004834,CMP0021,CL00013,2024-06-20,click
TCH0004835,CMP0021,CL00227,2024-08-05,lead
TCH0004836,CMP0021,CL00408,2024-07-29,impression
TCH0004837,CMP0021,CL00085,2024-06-19,lead
TCH0004838,CMP0021,CL00082,2024-07-01,impression
TCH0004839,CMP0021,CL00472,2024-07-10,lead
TCH0004840,CMP0021,CL00376,2024-06-06,impression
TCH0004841,CMP0021,CL00098,2024-07-22,click
TCH0004842,CMP0021,CL00181,2024-07-31,click
TCH0004843,CMP0021,CL00183,2024-06-26,click
TCH0004844,CMP0021,CL00396,2024-07-20,lead
TCH0004845,CMP0021,CL00047,2024-05-31,impression
TCH0004846,CMP0021,CL00470,2024-08-01,lead
TCH0004847,CMP0021,CL00426,2024-06-15,impression
TCH0004848,CMP0021,CL00276,2024-07-31,click
TCH0004849,CMP0021,CL00208,2024-06-02,click
TCH0004850,CMP0021,CL00028,2024-06-03,click
TCH0004851,CMP0021,CL00271,2024-06-04,impression
TCH0004852,CMP0021,CL00234,2024-07-08,lead
TCH0004853,CMP0021,CL00282,2024-05-31,click
TCH0004854,CMP0021,CL00356,2024-07-29,impression
TCH0004855,CMP0021,CL00048,2024-07-26,click
TCH0004856,CMP0021,CL00439,2024-06-03,impression
TCH0004857,CMP0021,CL00424,2024-06-30,click
TCH0004858,CMP0021,CL00391,2024-07-14,impression
TCH0004859,CMP0021,CL00495,2024-07-24,click
TCH0004860,CMP0021,CL00478,2024-07-18,conversion
TCH0004861,CMP0021,CL00346,2024-06-22,impression
TCH0004862,CMP0021,CL00307,2024-05-28,impression
TCH0004863,CMP0021,CL00446,2024-07-16,impression
TCH0004864,CMP0021,CL00105,2024-07-27,impression
TCH0004865,CMP0021,CL00323,2024-06-21,lead
TCH0004866,CMP0021,CL00326,2024-07-27,click
TCH0004867,CMP0021,CL00187,2024-06-03,impression
TCH0004868,CMP0021,CL00093,2024-08-07,impression
TCH0004869,CMP0021,CL00036,2024-07-25,click
TCH0004870,CMP0021,CL00468,2024-06-24,lead
TCH0004871,CMP0021,CL00369,2024-07-23,click
TCH0004872,CMP0021,CL00486,2024-07-20,conversion
TCH0004873,CMP0021,CL00163,2024-06-20,click
TCH0004874,CMP0021,CL00358,2024-07-26,click
TCH0004875,CMP0021,CL00205,2024-06-18,impression
TCH0004876,CMP0021,CL00433,2024-06-08,click
TCH0004877,CMP0021,CL00325,2024-06-08,click
TCH0004878,CMP0021,CL00473,2024-07-07,impression
TCH0004879,CMP0021,CL00016,2024-07-06,lead
TCH0004880,CMP0021,CL00218,2024-06-08,lead
TCH0004881,CMP0021,CL00389,2024-06-18,click
TCH0004882,CMP0021,CL00193,2024-05-31,impression
TCH0004883,CMP0021,CL00500,2024-05-31,click
TCH0004884,CMP0021,CL00343,2024-05-29,click
TCH0004885,CMP0021,CL00480,2024-05-28,impression
TCH0004886,CMP0021,CL00024,2024-06-15,impression
TCH0004887,CMP0021,CL00117,2024-06-22,impression
TCH0004888,CMP0021,CL00299,2024-07-05,click
TCH0004889,CMP0021,CL00321,2024-06-27,click
TCH0004890,CMP0021,CL00488,2024-06-14,impression
TCH0004891,CMP0021,CL00452,2024-06-17,impression
TCH0004892,CMP0021,CL00225,2024-06-21,click
TCH0004893,CMP0021,CL00115,2024-06-24,lead
TCH0004894,CMP0021,CL00204,2024-07-25,impression
TCH0004895,CMP0021,CL00054,2024-05-31,lead
TCH0004896,CMP0021,CL00375,2024-07-13,impression
TCH0004897,CMP0021,CL00410,2024-06-12,click
TCH0004898,CMP0021,CL00257,2024-07-31,click
TCH0004899,CMP0021,CL00236,2024-07-13,lead
TCH0004900,CMP0021,CL00104,2024-05-29,click
TCH0004901,CMP0021,CL00463,2024-07-14,conversion
TCH0004902,CMP0021,CL00359,2024-08-05,impression
TCH0004903,CMP0022,CL00470,2024-10-09,impression
TCH0004904,CMP0022,CL00164,2024-09-30,impression
TCH0004905,CMP0022,CL00467,2024-11-12,impression
TCH0004906,CMP0022,CL00083,2024-10-26,click
TCH0004907,CMP0022,CL00259,2024-09-23,click
TCH0004908,CMP0022,CL00101,2024-10-08,lead
TCH0004909,CMP0022,CL00250,2024-10-03,conversion
TCH0004910,CMP0022,CL00326,2024-10-22,conversion
TCH0004911,CMP0022,CL00042,2024-10-23,impression
TCH0004912,CMP0022,CL00287,2024-11-07,click
TCH0004913,CMP0022,CL00499,2024-09-26,impression
TCH0004914,CMP0022,CL00079,2024-10-02,impression
TCH0004915,CMP0022,CL00189,2024-11-03,click
TCH0004916,CMP0022,CL00325,2024-10-10,impression
TCH0004917,CMP0022,CL00106,2024-10-27,click
TCH0004918,CMP0022,CL00008,2024-11-05,click
TCH0004919,CMP0022,CL00359,2024-10-02,impression
TCH0004920,CMP0022,CL00209,2024-10-18,lead
TCH0004921,CMP0022,CL00370,2024-10-15,lead
TCH0004922,CMP0022,CL00064,2024-10-24,impression
TCH0004923,CMP0022,CL00390,2024-10-11,lead
TCH0004924,CMP0022,CL00438,2024-09-27,lead
TCH0004925,CMP0022,CL00337,2024-11-11,impression
TCH0004926,CMP0022,CL00110,2024-11-20,impression
TCH0004927,CMP0022,CL00204,2024-10-14,lead
TCH0004928,CMP0022,CL00368,2024-11-07,lead
TCH0004929,CMP0022,CL00033,2024-09-25,click
TCH0004930,CMP0022,CL00381,2024-10-06,click
TCH0004931,CMP0022,CL00393,2024-10-13,click
TCH0004932,CMP0022,CL00175,2024-10-10,conversion
TCH0004933,CMP0022,CL00463,2024-11-16,impression
TCH0004934,CMP0022,CL00037,2024-09-28,impression
TCH0004935,CMP0022,CL00493,2024-10-17,impression
TCH0004936,CMP0022,CL00398,2024-10-10,click
TCH0004937,CMP0022,CL00296,2024-11-10,click
TCH0004938,CMP0022,CL00210,2024-11-17,lead
TCH0004939,CMP0022,CL00130,2024-11-05,impression
TCH0004940,CMP0022,CL00215,2024-10-26,click
TCH0004941,CMP0022,CL00408,2024-10-03,conversion
TCH0004942,CMP0022,CL00218,2024-10-12,conversion
TCH0004943,CMP0022,CL00187,2024-10-20,lead
TCH0004944,CMP0022,CL00179,2024-09-26,click
TCH0004945,CMP0022,CL00213,2024-09-25,click
TCH0004946,CMP0022,CL00282,2024-09-26,lead
TCH0004947,CMP0022,CL00221,2024-10-07,conversion
TCH0004948,CMP0022,CL00303,2024-10-05,lead
TCH0004949,CMP0022,CL00321,2024-10-14,lead
TCH0004950,CMP0022,CL00313,2024-10-08,impression
TCH0004951,CMP0022,CL00024,2024-11-04,impression
TCH0004952,CMP0022,CL00056,2024-10-06,impression
TCH0004953,CMP0022,CL00414,2024-09-29,impression
TCH0004954,CMP0022,CL00245,2024-10-28,click
TCH0004955,CMP0022,CL00168,2024-11-05,lead
TCH0004956,CMP0022,CL00375,2024-10-25,click
TCH0004957,CMP0022,CL00324,2024-10-04,click
TCH0004958,CMP0022,CL00485,2024-10-30,impression
TCH0004959,CMP0022,CL00234,2024-10-06,click
TCH0004960,CMP0022,CL00356,2024-10-12,impression
TCH0004961,CMP0022,CL00433,2024-11-14,lead
TCH0004962,CMP0022,CL00361,2024-11-05,conversion
TCH0004963,CMP0022,CL00458,2024-11-17,click
TCH0004964,CMP0022,CL00345,2024-10-23,lead
TCH0004965,CMP0022,CL00173,2024-10-12,impression
TCH0004966,CMP0022,CL00377,2024-10-20,click
TCH0004967,CMP0022,CL00275,2024-10-17,click
TCH0004968,CMP0022,CL00165,2024-11-13,lead
TCH0004969,CMP0022,CL00032,2024-09-23,impression
TCH0004970,CMP0022,CL00488,2024-11-11,conversion
TCH0004971,CMP0022,CL00401,2024-09-24,impression
TCH0004972,CMP0022,CL00362,2024-11-08,impression
TCH0004973,CMP0022,CL00093,2024-09-30,click
TCH0004974,CMP0022,CL00127,2024-11-17,impression
TCH0004975,CMP0022,CL00424,2024-10-15,click
TCH0004976,CMP0022,CL00219,2024-11-04,impression
TCH0004977,CMP0022,CL00317,2024-10-10,conversion
TCH0004978,CMP0022,CL00419,2024-09-30,lead
TCH0004979,CMP0022,CL00495,2024-10-17,impression
TCH0004980,CMP0022,CL00046,2024-10-30,impression
TCH0004981,CMP0022,CL00351,2024-10-15,lead
TCH0004982,CMP0022,CL00431,2024-10-01,impression
TCH0004983,CMP0022,CL00016,2024-10-11,impression
TCH0004984,CMP0022,CL00357,2024-09-30,click
TCH0004985,CMP0022,CL00483,2024-11-08,impression
TCH0004986,CMP0022,CL00448,2024-10-25,impression
TCH0004987,CMP0022,CL00447,2024-10-16,click
TCH0004988,CMP0022,CL00082,2024-11-12,click
TCH0004989,CMP0022,CL00096,2024-11-07,click
TCH0004990,CMP0022,CL00180,2024-10-03,lead
TCH0004991,CMP0022,CL00298,2024-11-18,click
TCH0004992,CMP0022,CL00018,2024-10-23,impression
TCH0004993,CMP0022,CL00003,2024-10-20,impression
TCH0004994,CMP0022,CL00429,2024-10-18,impression
TCH0004995,CMP0022,CL00102,2024-11-18,click
TCH0004996,CMP0022,CL00028,2024-11-13,impression
TCH0004997,CMP0022,CL00006,2024-10-24,click
TCH0004998,CMP0022,CL00091,2024-11-06,lead
TCH0004999,CMP0022,CL00067,2024-10-30,lead
TCH0005000,CMP0022,CL00147,2024-10-13,click
TCH0005001,CMP0022,CL00440,2024-10-16,click
TCH0005002,CMP0022,CL00104,2024-11-09,impression
TCH0005003,CMP0022,CL00353,2024-11-03,impression
TCH0005004,CMP0022,CL00288,2024-09-30,lead
TCH0005005,CMP0022,CL00177,2024-09-24,impression
TCH0005006,CMP0022,CL00437,2024-10-04,conversion
TCH0005007,CMP0022,CL00227,2024-10-24,impression
TCH0005008,CMP0022,CL00084,2024-10-16,lead
TCH0005009,CMP0022,CL00005,2024-09-28,lead
TCH0005010,CMP0022,CL00436,2024-09-24,impression
TCH0005011,CMP0022,CL00120,2024-10-20,impression
TCH0005012,CMP0022,CL00246,2024-11-06,impression
TCH0005013,CMP0022,CL00301,2024-10-03,impression
TCH0005014,CMP0022,CL00080,2024-11-15,impression
TCH0005015,CMP0022,CL00410,2024-11-11,click
TCH0005016,CMP0022,CL00040,2024-10-04,click
TCH0005017,CMP0022,CL00015,2024-10-22,lead
TCH0005018,CMP0022,CL00142,2024-10-18,click
TCH0005019,CMP0022,CL00256,2024-11-16,click
TCH0005020,CMP0022,CL00049,2024-11-21,lead
TCH0005021,CMP0022,CL00272,2024-10-10,conversion
TCH0005022,CMP0022,CL00063,2024-09-29,impression
TCH0005023,CMP0022,CL00141,2024-10-26,lead
TCH0005024,CMP0022,CL00422,2024-11-21,lead
TCH0005025,CMP0022,CL00092,2024-10-13,impression
TCH0005026,CMP0022,CL00446,2024-11-13,conversion
TCH0005027,CMP0022,CL00367,2024-11-06,click
TCH0005028,CMP0022,CL00388,2024-10-17,impression
TCH0005029,CMP0022,CL00480,2024-10-31,click
TCH0005030,CMP0022,CL00193,2024-09-30,impression
TCH0005031,CMP0022,CL00186,2024-10-15,click
TCH0005032,CMP0022,CL00044,2024-09-24,lead
TCH0005033,CMP0022,CL00139,2024-10-23,conversion
TCH0005034,CMP0022,CL00310,2024-10-27,impression
TCH0005035,CMP0022,CL00468,2024-10-10,click
TCH0005036,CMP0022,CL00174,2024-11-18,lead
TCH0005037,CMP0022,CL00095,2024-10-20,impression
TCH0005038,CMP0022,CL00300,2024-11-10,click
TCH0005039,CMP0022,CL00267,2024-10-28,click
TCH0005040,CMP0022,CL00113,2024-11-18,click
TCH0005041,CMP0022,CL00305,2024-10-30,lead
TCH0005042,CMP0022,CL00428,2024-11-14,click
TCH0005043,CMP0022,CL00473,2024-11-11,click
TCH0005044,CMP0022,CL00297,2024-11-07,lead
TCH0005045,CMP0022,CL00170,2024-11-02,lead
TCH0005046,CMP0022,CL00157,2024-11-13,impression
TCH0005047,CMP0022,CL00340,2024-10-24,impression
TCH0005048,CMP0022,CL00358,2024-11-09,click
TCH0005049,CMP0022,CL00216,2024-10-31,click
TCH0005050,CMP0022,CL00004,2024-10-01,click
TCH0005051,CMP0022,CL00376,2024-10-10,lead
TCH0005052,CMP0022,CL00192,2024-11-15,click
TCH0005053,CMP0022,CL00316,2024-11-09,lead
TCH0005054,CMP0022,CL00400,2024-11-19,lead
TCH0005055,CMP0022,CL00312,2024-09-29,lead
TCH0005056,CMP0022,CL00097,2024-11-10,impression
TCH0005057,CMP0022,CL00318,2024-11-08,lead
TCH0005058,CMP0022,CL00051,2024-10-18,click
TCH0005059,CMP0022,CL00077,2024-11-19,impression
TCH0005060,CMP0022,CL00379,2024-10-30,impression
TCH0005061,CMP0022,CL00464,2024-10-26,impression
TCH0005062,CMP0022,CL00195,2024-10-31,click
TCH0005063,CMP0022,CL00332,2024-10-18,lead
TCH0005064,CMP0022,CL00159,2024-10-31,impression
TCH0005065,CMP0022,CL00135,2024-10-05,click
TCH0005066,CMP0022,CL00378,2024-11-21,impression
TCH0005067,CMP0022,CL00497,2024-10-29,impression
TCH0005068,CMP0022,CL00266,2024-11-01,conversion
TCH0005069,CMP0022,CL00409,2024-11-01,lead
TCH0005070,CMP0022,CL00152,2024-10-24,click
TCH0005071,CMP0022,CL00050,2024-10-26,impression
TCH0005072,CMP0022,CL00114,2024-11-11,impression
TCH0005073,CMP0022,CL00029,2024-09-23,impression
TCH0005074,CMP0022,CL00041,2024-10-17,click
TCH0005075,CMP0022,CL00261,2024-11-20,conversion
TCH0005076,CMP0022,CL00148,2024-10-26,click
TCH0005077,CMP0022,CL00394,2024-09-24,lead
TCH0005078,CMP0022,CL00240,2024-11-09,click
TCH0005079,CMP0022,CL00426,2024-11-07,click
TCH0005080,CMP0022,CL00258,2024-10-01,click
TCH0005081,CMP0022,CL00108,2024-09-28,click
TCH0005082,CMP0022,CL00237,2024-10-27,impression
TCH0005083,CMP0022,CL00065,2024-10-30,conversion
TCH0005084,CMP0022,CL00183,2024-10-05,click
TCH0005085,CMP0022,CL00229,2024-11-10,impression
TCH0005086,CMP0022,CL00402,2024-11-11,lead
TCH0005087,CMP0022,CL00311,2024-11-07,lead
TCH0005088,CMP0022,CL00062,2024-10-11,impression
TCH0005089,CMP0022,CL00276,2024-11-17,impression
TCH0005090,CMP0022,CL00112,2024-11-12,lead
TCH0005091,CMP0022,CL00492,2024-10-16,impression
TCH0005092,CMP0022,CL00360,2024-10-28,lead
TCH0005093,CMP0022,CL00115,2024-11-12,impression
TCH0005094,CMP0022,CL00271,2024-11-15,lead
TCH0005095,CMP0022,CL00138,2024-11-11,impression
TCH0005096,CMP0022,CL00076,2024-11-07,impression
TCH0005097,CMP0022,CL00200,2024-11-02,click
TCH0005098,CMP0022,CL00274,2024-10-29,conversion
TCH0005099,CMP0022,CL00404,2024-10-16,conversion
TCH0005100,CMP0022,CL00432,2024-09-30,conversion
TCH0005101,CMP0022,CL00211,2024-10-16,impression
TCH0005102,CMP0022,CL00126,2024-09-27,impression
TCH0005103,CMP0022,CL00277,2024-10-29,lead
TCH0005104,CMP0022,CL00144,2024-11-11,impression
TCH0005105,CMP0022,CL00354,2024-11-18,impression
TCH0005106,CMP0022,CL00481,2024-09-26,click
TCH0005107,CMP0022,CL00085,2024-09-27,click
TCH0005108,CMP0022,CL00155,2024-09-27,lead
TCH0005109,CMP0022,CL00349,2024-09-26,click
TCH0005110,CMP0022,CL00412,2024-10-03,click
TCH0005111,CMP0022,CL00086,2024-10-04,click
TCH0005112,CMP0022,CL00206,2024-10-19,click
TCH0005113,CMP0022,CL00290,2024-10-01,lead
TCH0005114,CMP0022,CL00363,2024-10-06,impression
TCH0005115,CMP0022,CL00442,2024-09-24,click
TCH0005116,CMP0022,CL00336,2024-10-19,impression
TCH0005117,CMP0022,CL00094,2024-10-02,lead
TCH0005118,CMP0022,CL00060,2024-10-19,impression
TCH0005119,CMP0022,CL00233,2024-10-17,lead
TCH0005120,CMP0022,CL00329,2024-11-02,click
TCH0005121,CMP0022,CL00217,2024-10-13,click
TCH0005122,CMP0022,CL00323,2024-09-28,lead
TCH0005123,CMP0022,CL00439,2024-11-05,lead
TCH0005124,CMP0022,CL00472,2024-11-17,conversion
TCH0005125,CMP0022,CL00071,2024-11-20,click
TCH0005126,CMP0022,CL00111,2024-11-17,impression
TCH0005127,CMP0022,CL00319,2024-11-08,impression
TCH0005128,CMP0022,CL00466,2024-11-18,click
TCH0005129,CMP0022,CL00048,2024-10-08,conversion
TCH0005130,CMP0022,CL00103,2024-10-04,click
TCH0005131,CMP0022,CL00226,2024-09-28,impression
TCH0005132,CMP0022,CL00309,2024-11-17,impression
TCH0005133,CMP0022,CL00172,2024-11-17,impression
TCH0005134,CMP0022,CL00496,2024-11-16,click
TCH0005135,CMP0022,CL00129,2024-10-21,conversion
TCH0005136,CMP0022,CL00416,2024-10-20,impression
TCH0005137,CMP0022,CL00047,2024-11-21,conversion
TCH0005138,CMP0022,CL00239,2024-11-02,impression
TCH0005139,CMP0022,CL00171,2024-10-02,impression
TCH0005140,CMP0022,CL00243,2024-10-06,click
TCH0005141,CMP0022,CL00460,2024-11-11,conversion
TCH0005142,CMP0022,CL00038,2024-10-12,click
TCH0005143,CMP0022,CL00427,2024-10-25,conversion
TCH0005144,CMP0022,CL00043,2024-10-15,impression
TCH0005145,CMP0022,CL00252,2024-10-19,lead
TCH0005146,CMP0022,CL00418,2024-10-25,impression
TCH0005147,CMP0022,CL00403,2024-10-28,lead
TCH0005148,CMP0022,CL00453,2024-10-03,click
TCH0005149,CMP0022,CL00247,2024-09-25,lead
TCH0005150,CMP0022,CL00462,2024-10-10,impression
TCH0005151,CMP0022,CL00105,2024-11-11,click
TCH0005152,CMP0022,CL00026,2024-10-10,impression
TCH0005153,CMP0022,CL00333,2024-10-20,click
TCH0005154,CMP0022,CL00248,2024-11-11,impression
TCH0005155,CMP0022,CL00203,2024-10-25,conversion
TCH0005156,CMP0022,CL00292,2024-11-16,lead
TCH0005157,CMP0022,CL00474,2024-10-22,click
TCH0005158,CMP0022,CL00413,2024-11-16,impression
TCH0005159,CMP0022,CL00066,2024-11-12,click
TCH0005160,CMP0022,CL00260,2024-11-14,lead
TCH0005161,CMP0022,CL00315,2024-10-28,lead
TCH0005162,CMP0022,CL00295,2024-09-29,impression
TCH0005163,CMP0022,CL00441,2024-10-24,conversion
TCH0005164,CMP0022,CL00020,2024-10-03,click
TCH0005165,CMP0022,CL00320,2024-11-06,click
TCH0005166,CMP0022,CL00036,2024-11-05,click
TCH0005167,CMP0022,CL00457,2024-10-07,click
TCH0005168,CMP0022,CL00449,2024-11-11,lead
TCH0005169,CMP0022,CL00273,2024-10-25,lead
TCH0005170,CMP0022,CL00389,2024-11-12,impression
TCH0005171,CMP0022,CL00396,2024-11-02,impression
TCH0005172,CMP0022,CL00154,2024-09-24,impression
TCH0005173,CMP0022,CL00098,2024-11-07,conversion
TCH0005174,CMP0022,CL00445,2024-09-24,lead
TCH0005175,CMP0022,CL00087,2024-10-28,lead
TCH0005176,CMP0022,CL00161,2024-10-18,click
TCH0005177,CMP0022,CL00198,2024-11-21,click
TCH0005178,CMP0022,CL00411,2024-11-04,click
TCH0005179,CMP0022,CL00469,2024-11-18,impression
TCH0005180,CMP0022,CL00369,2024-10-17,lead
TCH0005181,CMP0022,CL00119,2024-10-01,lead
TCH0005182,CMP0022,CL00385,2024-10-14,impression
TCH0005183,CMP0022,CL00456,2024-10-25,impression
TCH0005184,CMP0022,CL00339,2024-11-12,impression
TCH0005185,CMP0022,CL00500,2024-10-30,impression
TCH0005186,CMP0022,CL00476,2024-10-02,conversion
TCH0005187,CMP0022,CL00314,2024-11-02,click
TCH0005188,CMP0022,CL00185,2024-09-23,impression
TCH0005189,CMP0022,CL00454,2024-11-21,conversion
TCH0005190,CMP0022,CL00214,2024-11-03,click
TCH0005191,CMP0022,CL00208,2024-10-02,impression
TCH0005192,CMP0022,CL00073,2024-11-01,conversion
TCH0005193,CMP0022,CL00444,2024-09-27,click
TCH0005194,CMP0022,CL00116,2024-10-12,impression
TCH0005195,CMP0022,CL00196,2024-10-20,click
TCH0005196,CMP0022,CL00391,2024-09-25,click
TCH0005197,CMP0022,CL00055,2024-11-08,impression
TCH0005198,CMP0022,CL00191,2024-10-18,click
TCH0005199,CMP0022,CL00257,2024-10-10,click
TCH0005200,CMP0022,CL00025,2024-09-23,impression
TCH0005201,CMP0022,CL00489,2024-11-15,impression
TCH0005202,CMP0022,CL00490,2024-10-12,impression
TCH0005203,CMP0022,CL00230,2024-10-29,lead
TCH0005204,CMP0022,CL00384,2024-11-01,click
TCH0005205,CMP0022,CL00207,2024-11-20,click
TCH0005206,CMP0022,CL00255,2024-11-03,click
TCH0005207,CMP0022,CL00017,2024-10-10,impression
TCH0005208,CMP0022,CL00420,2024-11-14,impression
TCH0005209,CMP0022,CL00268,2024-11-06,click
TCH0005210,CMP0022,CL00149,2024-10-30,click
TCH0005211,CMP0022,CL00278,2024-10-10,click
TCH0005212,CMP0022,CL00459,2024-10-25,click
TCH0005213,CMP0022,CL00001,2024-11-10,conversion
TCH0005214,CMP0022,CL00153,2024-11-03,click
TCH0005215,CMP0022,CL00383,2024-10-14,impression
TCH0005216,CMP0022,CL00308,2024-11-15,click
TCH0005217,CMP0022,CL00137,2024-10-16,impression
TCH0005218,CMP0022,CL00022,2024-11-08,click
TCH0005219,CMP0022,CL00434,2024-09-24,click
TCH0005220,CMP0022,CL00013,2024-10-09,lead
TCH0005221,CMP0022,CL00263,2024-11-19,impression
TCH0005222,CMP0022,CL00023,2024-10-30,conversion
TCH0005223,CMP0022,CL00184,2024-10-22,click
TCH0005224,CMP0022,CL00058,2024-10-16,impression
TCH0005225,CMP0022,CL00486,2024-10-30,conversion
TCH0005226,CMP0022,CL00475,2024-10-23,lead
TCH0005227,CMP0022,CL00236,2024-10-02,lead
TCH0005228,CMP0022,CL00166,2024-10-12,click
TCH0005229,CMP0022,CL00010,2024-10-22,lead
TCH0005230,CMP0022,CL00089,2024-11-09,click
TCH0005231,CMP0022,CL00197,2024-11-02,impression
TCH0005232,CMP0022,CL00099,2024-10-31,click
TCH0005233,CMP0022,CL00405,2024-11-09,impression
TCH0005234,CMP0022,CL00150,2024-11-03,lead
TCH0005235,CMP0022,CL00007,2024-11-01,lead
TCH0005236,CMP0022,CL00045,2024-11-07,impression
TCH0005237,CMP0022,CL00039,2024-11-05,impression
TCH0005238,CMP0022,CL00366,2024-10-20,impression
TCH0005239,CMP0022,CL00167,2024-11-02,impression
TCH0005240,CMP0022,CL00373,2024-11-15,impression
TCH0005241,CMP0022,CL00406,2024-11-06,lead
TCH0005242,CMP0022,CL00484,2024-10-09,impression
TCH0005243,CMP0022,CL00450,2024-10-24,click
TCH0005244,CMP0022,CL00068,2024-10-16,impression
TCH0005245,CMP0022,CL00052,2024-11-11,click
TCH0005246,CMP0022,CL00265,2024-10-04,impression
TCH0005247,CMP0022,CL00293,2024-11-19,click
TCH0005248,CMP0022,CL00201,2024-11-06,lead
TCH0005249,CMP0022,CL00364,2024-11-09,lead
TCH0005250,CMP0022,CL00163,2024-10-06,conversion
TCH0005251,CMP0022,CL00242,2024-10-25,conversion
TCH0005252,CMP0022,CL00299,2024-10-27,impression
TCH0005253,CMP0022,CL00304,2024-10-17,impression
TCH0005254,CMP0022,CL00223,2024-11-03,conversion
TCH0005255,CMP0022,CL00478,2024-10-04,lead
TCH0005256,CMP0022,CL00194,2024-11-05,conversion
TCH0005257,CMP0022,CL00343,2024-10-03,conversion
TCH0005258,CMP0022,CL00072,2024-10-16,conversion
TCH0005259,CMP0022,CL00109,2024-10-03,conversion
TCH0005260,CMP0022,CL00249,2024-10-06,click
TCH0005261,CMP0022,CL00035,2024-10-13,click
TCH0005262,CMP0022,CL00181,2024-11-03,impression
TCH0005263,CMP0022,CL00232,2024-11-13,conversion
TCH0005264,CMP0022,CL00030,2024-09-29,lead
TCH0005265,CMP0022,CL00118,2024-10-15,impression
TCH0005266,CMP0022,CL00128,2024-10-31,click
TCH0005267,CMP0022,CL00264,2024-11-19,conversion
TCH0005268,CMP0022,CL00285,2024-10-26,impression
TCH0005269,CMP0022,CL00090,2024-10-12,click
TCH0005270,CMP0023,CL00272,2026-03-20,impression
TCH0005271,CMP0023,CL00118,2026-02-10,click
TCH0005272,CMP0023,CL00209,2026-02-06,click
TCH0005273,CMP0023,CL00413,2026-03-01,click
TCH0005274,CMP0023,CL00457,2026-03-26,impression
TCH0005275,CMP0023,CL00412,2026-02-27,click
TCH0005276,CMP0023,CL00023,2026-02-01,click
TCH0005277,CMP0023,CL00077,2026-03-13,click
TCH0005278,CMP0023,CL00028,2026-02-15,impression
TCH0005279,CMP0023,CL00311,2026-03-21,impression
TCH0005280,CMP0023,CL00056,2026-02-17,impression
TCH0005281,CMP0023,CL00357,2026-02-26,impression
TCH0005282,CMP0023,CL00381,2026-02-18,impression
TCH0005283,CMP0023,CL00208,2026-03-14,impression
TCH0005284,CMP0023,CL00248,2026-03-24,lead
TCH0005285,CMP0023,CL00287,2026-02-27,lead
TCH0005286,CMP0023,CL00378,2026-03-02,impression
TCH0005287,CMP0023,CL00369,2026-02-24,lead
TCH0005288,CMP0023,CL00232,2026-02-01,conversion
TCH0005289,CMP0023,CL00437,2026-02-14,lead
TCH0005290,CMP0023,CL00310,2026-03-12,click
TCH0005291,CMP0023,CL00026,2026-02-05,conversion
TCH0005292,CMP0023,CL00207,2026-03-18,impression
TCH0005293,CMP0023,CL00354,2026-02-20,click
TCH0005294,CMP0023,CL00312,2026-03-07,conversion
TCH0005295,CMP0023,CL00007,2026-02-06,click
TCH0005296,CMP0023,CL00488,2026-02-27,impression
TCH0005297,CMP0023,CL00041,2026-03-14,impression
TCH0005298,CMP0023,CL00478,2026-02-27,impression
TCH0005299,CMP0023,CL00460,2026-02-06,lead
TCH0005300,CMP0023,CL00137,2026-03-02,lead
TCH0005301,CMP0023,CL00099,2026-02-19,impression
TCH0005302,CMP0023,CL00127,2026-02-07,impression
TCH0005303,CMP0023,CL00036,2026-03-19,lead
TCH0005304,CMP0023,CL00206,2026-02-24,impression
TCH0005305,CMP0023,CL00129,2026-02-18,lead
TCH0005306,CMP0023,CL00315,2026-03-01,lead
TCH0005307,CMP0023,CL00076,2026-02-25,click
TCH0005308,CMP0023,CL00259,2026-02-16,impression
TCH0005309,CMP0023,CL00495,2026-02-28,impression
TCH0005310,CMP0023,CL00025,2026-02-19,lead
TCH0005311,CMP0023,CL00198,2026-03-11,click
TCH0005312,CMP0023,CL00453,2026-02-19,click
TCH0005313,CMP0023,CL00194,2026-03-28,lead
TCH0005314,CMP0023,CL00048,2026-02-18,lead
TCH0005315,CMP0023,CL00426,2026-03-07,impression
TCH0005316,CMP0023,CL00353,2026-02-06,conversion
TCH0005317,CMP0023,CL00113,2026-03-25,conversion
TCH0005318,CMP0023,CL00432,2026-03-19,click
TCH0005319,CMP0023,CL00200,2026-02-18,impression
TCH0005320,CMP0023,CL00429,2026-03-22,lead
TCH0005321,CMP0023,CL00157,2026-02-01,lead
TCH0005322,CMP0023,CL00114,2026-02-21,impression
TCH0005323,CMP0023,CL00179,2026-03-09,impression
TCH0005324,CMP0023,CL00032,2026-03-28,impression
TCH0005325,CMP0023,CL00184,2026-03-23,lead
TCH0005326,CMP0023,CL00245,2026-03-20,lead
TCH0005327,CMP0023,CL00216,2026-03-23,impression
TCH0005328,CMP0023,CL00042,2026-01-30,impression
TCH0005329,CMP0023,CL00197,2026-02-01,impression
TCH0005330,CMP0023,CL00035,2026-03-08,click
TCH0005331,CMP0023,CL00058,2026-02-09,impression
TCH0005332,CMP0023,CL00339,2026-02-17,lead
TCH0005333,CMP0023,CL00492,2026-03-02,impression
TCH0005334,CMP0024,CL00026,2026-05-24,click
TCH0005335,CMP0024,CL00312,2026-04-24,lead
TCH0005336,CMP0024,CL00129,2026-05-24,impression
TCH0005337,CMP0024,CL00429,2026-04-21,click
TCH0005338,CMP0024,CL00369,2026-04-21,conversion
TCH0005339,CMP0024,CL00137,2026-05-03,impression
TCH0005340,CMP0024,CL00353,2026-03-26,impression
TCH0005341,CMP0024,CL00197,2026-04-25,lead
TCH0005342,CMP0024,CL00157,2026-04-05,impression
TCH0005343,CMP0024,CL00076,2026-04-07,conversion
TCH0005344,CMP0024,CL00259,2026-04-26,lead
TCH0005345,CMP0024,CL00035,2026-04-05,click
TCH0005346,CMP0024,CL00113,2026-05-13,lead
TCH0005347,CMP0024,CL00042,2026-04-06,impression
TCH0005348,CMP0024,CL00118,2026-04-07,impression
TCH0005349,CMP0024,CL00179,2026-05-15,impression
TCH0005350,CMP0024,CL00495,2026-04-13,impression
TCH0005351,CMP0024,CL00426,2026-04-17,impression
TCH0005352,CMP0024,CL00198,2026-03-31,impression
TCH0005353,CMP0024,CL00413,2026-04-10,impression
TCH0005354,CMP0024,CL00216,2026-05-08,click
TCH0005355,CMP0024,CL00339,2026-03-27,impression
TCH0005356,CMP0024,CL00453,2026-04-23,click
TCH0005357,CMP0024,CL00437,2026-03-31,click
TCH0005358,CMP0024,CL00048,2026-05-12,lead
TCH0005359,CMP0024,CL00232,2026-04-23,impression
TCH0005360,CMP0024,CL00041,2026-05-09,impression
TCH0005361,CMP0024,CL00245,2026-05-02,click
TCH0005362,CMP0025,CL00208,2025-05-11,conversion
TCH0005363,CMP0025,CL00237,2025-03-24,click
TCH0005364,CMP0025,CL00164,2025-04-09,lead
TCH0005365,CMP0025,CL00388,2025-04-24,click
TCH0005366,CMP0025,CL00206,2025-05-14,click
TCH0005367,CMP0025,CL00485,2025-04-29,impression
TCH0005368,CMP0025,CL00015,2025-04-13,impression
TCH0005369,CMP0025,CL00037,2025-04-03,impression
TCH0005370,CMP0025,CL00193,2025-04-06,impression
TCH0005371,CMP0025,CL00409,2025-04-25,impression
TCH0005372,CMP0025,CL00239,2025-05-04,lead
TCH0005373,CMP0025,CL00167,2025-05-17,click
TCH0005374,CMP0025,CL00359,2025-05-20,conversion
TCH0005375,CMP0025,CL00080,2025-05-17,impression
TCH0005376,CMP0025,CL00245,2025-03-10,click
TCH0005377,CMP0025,CL00385,2025-04-15,click
TCH0005378,CMP0025,CL00172,2025-04-30,lead
TCH0005379,CMP0025,CL00018,2025-05-19,lead
TCH0005380,CMP0025,CL00095,2025-05-05,click
TCH0005381,CMP0025,CL00390,2025-04-16,click
TCH0005382,CMP0025,CL00234,2025-03-16,click
TCH0005383,CMP0025,CL00227,2025-03-16,impression
TCH0005384,CMP0025,CL00408,2025-04-22,lead
TCH0005385,CMP0025,CL00416,2025-03-17,click
TCH0005386,CMP0025,CL00381,2025-05-14,impression
TCH0005387,CMP0025,CL00258,2025-04-14,impression
TCH0005388,CMP0025,CL00391,2025-04-01,click
TCH0005389,CMP0025,CL00183,2025-04-22,lead
TCH0005390,CMP0025,CL00005,2025-05-13,impression
TCH0005391,CMP0025,CL00454,2025-05-06,impression
TCH0005392,CMP0025,CL00420,2025-05-18,click
TCH0005393,CMP0025,CL00211,2025-03-18,impression
TCH0005394,CMP0025,CL00278,2025-05-06,lead
TCH0005395,CMP0025,CL00463,2025-04-19,lead
TCH0005396,CMP0025,CL00126,2025-03-11,click
TCH0005397,CMP0025,CL00427,2025-05-08,lead
TCH0005398,CMP0025,CL00488,2025-04-03,impression
TCH0005399,CMP0025,CL00007,2025-03-10,impression
TCH0005400,CMP0025,CL00343,2025-02-27,impression
TCH0005401,CMP0025,CL00051,2025-05-15,click
TCH0005402,CMP0025,CL00128,2025-04-11,click
TCH0005403,CMP0025,CL00184,2025-03-05,click
TCH0005404,CMP0025,CL00271,2025-05-14,impression
TCH0005405,CMP0025,CL00493,2025-04-16,click
TCH0005406,CMP0025,CL00200,2025-05-16,impression
TCH0005407,CMP0025,CL00024,2025-03-08,lead
TCH0005408,CMP0025,CL00161,2025-05-01,impression
TCH0005409,CMP0025,CL00304,2025-05-05,impression
TCH0005410,CMP0025,CL00203,2025-05-05,lead
TCH0005411,CMP0025,CL00266,2025-04-13,impression
TCH0005412,CMP0025,CL00414,2025-05-13,impression
TCH0005413,CMP0025,CL00047,2025-04-13,click
TCH0005414,CMP0025,CL00072,2025-05-18,lead
TCH0005415,CMP0025,CL00191,2025-04-10,click
TCH0005416,CMP0025,CL00213,2025-04-15,impression
TCH0005417,CMP0025,CL00248,2025-03-13,lead
TCH0005418,CMP0025,CL00008,2025-04-27,impression
TCH0005419,CMP0025,CL00288,2025-04-10,impression
TCH0005420,CMP0025,CL00264,2025-04-21,impression
TCH0005421,CMP0025,CL00492,2025-02-28,lead
TCH0005422,CMP0025,CL00173,2025-05-01,conversion
TCH0005423,CMP0025,CL00357,2025-05-03,impression
TCH0005424,CMP0025,CL00249,2025-03-20,impression
TCH0005425,CMP0025,CL00060,2025-05-17,click
TCH0005426,CMP0025,CL00333,2025-05-07,lead
TCH0005427,CMP0025,CL00246,2025-04-15,impression
TCH0005428,CMP0025,CL00020,2025-02-28,lead
TCH0005429,CMP0025,CL00440,2025-03-09,impression
TCH0005430,CMP0025,CL00017,2025-04-29,lead
TCH0005431,CMP0025,CL00003,2025-05-12,impression
TCH0005432,CMP0025,CL00198,2025-03-08,click
TCH0005433,CMP0025,CL00130,2025-05-04,lead
TCH0005434,CMP0025,CL00181,2025-04-16,impression
TCH0005435,CMP0025,CL00272,2025-02-25,impression
TCH0005436,CMP0025,CL00076,2025-04-07,click
TCH0005437,CMP0025,CL00314,2025-04-30,impression
TCH0005438,CMP0025,CL00460,2025-04-19,impression
TCH0005439,CMP0025,CL00444,2025-02-23,click
TCH0005440,CMP0025,CL00189,2025-04-06,impression
TCH0005441,CMP0025,CL00275,2025-04-17,impression
TCH0005442,CMP0025,CL00035,2025-05-21,impression
TCH0005443,CMP0025,CL00336,2025-02-27,impression
TCH0005444,CMP0025,CL00209,2025-03-08,impression
TCH0005445,CMP0025,CL00065,2025-03-05,click
TCH0005446,CMP0025,CL00378,2025-04-27,click
TCH0005447,CMP0025,CL00127,2025-04-05,click
TCH0005448,CMP0025,CL00233,2025-02-27,click
TCH0005449,CMP0025,CL00497,2025-05-01,impression
TCH0005450,CMP0025,CL00038,2025-03-05,click
TCH0005451,CMP0025,CL00274,2025-03-06,impression
TCH0005452,CMP0025,CL00093,2025-03-05,lead
TCH0005453,CMP0025,CL00104,2025-04-04,lead
TCH0005454,CMP0025,CL00403,2025-04-23,conversion
TCH0005455,CMP0025,CL00092,2025-05-02,conversion
TCH0005456,CMP0025,CL00032,2025-03-12,click
TCH0005457,CMP0025,CL00166,2025-04-29,impression
TCH0005458,CMP0025,CL00373,2025-04-15,click
TCH0005459,CMP0025,CL00402,2025-03-25,click
TCH0005460,CMP0025,CL00242,2025-04-23,click
TCH0005461,CMP0025,CL00052,2025-05-12,lead
TCH0005462,CMP0025,CL00370,2025-05-03,impression
TCH0005463,CMP0025,CL00456,2025-05-02,impression
TCH0005464,CMP0025,CL00422,2025-03-04,impression
TCH0005465,CMP0025,CL00268,2025-05-05,click
TCH0005466,CMP0025,CL00356,2025-04-20,impression
TCH0005467,CMP0025,CL00500,2025-03-25,impression
TCH0005468,CMP0025,CL00219,2025-04-23,conversion
TCH0005469,CMP0025,CL00066,2025-03-08,impression
TCH0005470,CMP0025,CL00097,2025-03-06,lead
TCH0005471,CMP0025,CL00029,2025-04-17,lead
TCH0005472,CMP0025,CL00267,2025-03-28,conversion
TCH0005473,CMP0025,CL00287,2025-04-28,lead
TCH0005474,CMP0025,CL00354,2025-02-28,lead
TCH0005475,CMP0025,CL00309,2025-04-22,lead
TCH0005476,CMP0025,CL00367,2025-03-14,click
TCH0005477,CMP0025,CL00297,2025-04-17,impression
TCH0005478,CMP0025,CL00459,2025-04-26,click
TCH0005479,CMP0025,CL00312,2025-02-24,impression
TCH0005480,CMP0025,CL00464,2025-05-21,impression
TCH0005481,CMP0025,CL00466,2025-03-19,click
TCH0005482,CMP0025,CL00432,2025-03-27,impression
TCH0005483,CMP0025,CL00483,2025-03-28,impression
TCH0005484,CMP0025,CL00207,2025-05-17,impression
TCH0005485,CMP0025,CL00303,2025-02-25,conversion
TCH0005486,CMP0025,CL00194,2025-05-13,lead
TCH0005487,CMP0025,CL00230,2025-02-25,conversion
TCH0005488,CMP0025,CL00045,2025-05-17,click
TCH0005489,CMP0025,CL00247,2025-03-27,impression
TCH0005490,CMP0025,CL00400,2025-03-15,click
TCH0005491,CMP0025,CL00428,2025-02-28,click
TCH0005492,CMP0025,CL00216,2025-02-28,lead
TCH0005493,CMP0025,CL00376,2025-05-20,click
TCH0005494,CMP0025,CL00369,2025-05-11,impression
TCH0005495,CMP0025,CL00315,2025-03-15,impression
TCH0005496,CMP0025,CL00177,2025-03-20,click
TCH0005497,CMP0025,CL00102,2025-05-15,impression
TCH0005498,CMP0025,CL00106,2025-03-18,lead
TCH0005499,CMP0025,CL00144,2025-05-08,click
TCH0005500,CMP0025,CL00250,2025-04-21,impression
TCH0005501,CMP0025,CL00036,2025-04-27,impression
TCH0005502,CMP0025,CL00300,2025-03-17,impression
TCH0005503,CMP0025,CL00109,2025-04-19,conversion
TCH0005504,CMP0025,CL00120,2025-03-31,click
TCH0005505,CMP0025,CL00030,2025-05-16,click
TCH0005506,CMP0025,CL00437,2025-03-28,lead
TCH0005507,CMP0025,CL00064,2025-03-22,impression
TCH0005508,CMP0025,CL00129,2025-04-03,click
TCH0005509,CMP0025,CL00384,2025-05-23,impression
TCH0005510,CMP0025,CL00135,2025-04-02,impression
TCH0005511,CMP0025,CL00260,2025-03-17,click
TCH0005512,CMP0025,CL00043,2025-03-04,lead
TCH0005513,CMP0025,CL00383,2025-03-17,click
TCH0005514,CMP0025,CL00311,2025-03-04,click
TCH0005515,CMP0025,CL00091,2025-05-03,lead
TCH0005516,CMP0025,CL00082,2025-04-10,impression
TCH0005517,CMP0025,CL00114,2025-02-25,conversion
TCH0005518,CMP0025,CL00317,2025-05-05,click
TCH0005519,CMP0025,CL00058,2025-03-04,impression
TCH0005520,CMP0025,CL00010,2025-05-02,impression
TCH0005521,CMP0025,CL00310,2025-03-09,click
TCH0005522,CMP0025,CL00295,2025-04-12,click
TCH0005523,CMP0025,CL00361,2025-05-07,click
TCH0005524,CMP0025,CL00113,2025-04-04,impression
TCH0005525,CMP0025,CL00098,2025-02-25,lead
TCH0005526,CMP0025,CL00472,2025-05-21,lead
TCH0005527,CMP0025,CL00044,2025-04-05,impression
TCH0005528,CMP0025,CL00265,2025-02-26,click
TCH0005529,CMP0025,CL00252,2025-03-17,click
TCH0005530,CMP0025,CL00475,2025-03-15,impression
TCH0005531,CMP0025,CL00056,2025-02-27,lead
TCH0005532,CMP0025,CL00450,2025-03-27,click
TCH0005533,CMP0025,CL00308,2025-03-19,impression
TCH0005534,CMP0025,CL00362,2025-05-06,impression
TCH0005535,CMP0025,CL00022,2025-04-27,impression
TCH0005536,CMP0025,CL00436,2025-04-14,impression
TCH0005537,CMP0025,CL00467,2025-04-11,click
TCH0005538,CMP0025,CL00324,2025-03-26,click
TCH0005539,CMP0025,CL00197,2025-04-02,impression
TCH0005540,CMP0025,CL00159,2025-02-25,impression
TCH0005541,CMP0025,CL00476,2025-02-23,impression
TCH0005542,CMP0025,CL00105,2025-04-24,lead
TCH0005543,CMP0025,CL00116,2025-03-13,click
TCH0005544,CMP0025,CL00401,2025-05-08,conversion
TCH0005545,CMP0025,CL00186,2025-04-03,impression
TCH0005546,CMP0025,CL00042,2025-04-03,impression
TCH0005547,CMP0025,CL00282,2025-05-08,impression
TCH0005548,CMP0025,CL00046,2025-04-16,click
TCH0005549,CMP0025,CL00099,2025-05-08,click
TCH0005550,CMP0025,CL00433,2025-04-06,impression
TCH0005551,CMP0025,CL00041,2025-05-22,click
TCH0005552,CMP0025,CL00470,2025-04-02,impression
TCH0005553,CMP0025,CL00215,2025-03-24,click
TCH0005554,CMP0025,CL00006,2025-05-01,lead
TCH0005555,CMP0025,CL00426,2025-02-27,click
TCH0005556,CMP0025,CL00478,2025-04-23,impression
TCH0005557,CMP0025,CL00419,2025-03-17,impression
TCH0005558,CMP0025,CL00217,2025-04-22,click
TCH0005559,CMP0025,CL00353,2025-04-12,conversion
TCH0005560,CMP0025,CL00118,2025-03-01,lead
TCH0005561,CMP0025,CL00028,2025-05-02,lead
TCH0005562,CMP0025,CL00174,2025-04-20,impression
TCH0005563,CMP0025,CL00192,2025-02-23,impression
TCH0005564,CMP0025,CL00292,2025-05-23,impression
TCH0005565,CMP0025,CL00273,2025-05-04,impression
TCH0005566,CMP0025,CL00318,2025-04-18,click
TCH0005567,CMP0025,CL00285,2025-05-06,impression
TCH0005568,CMP0025,CL00448,2025-05-08,lead
TCH0005569,CMP0025,CL00108,2025-05-17,impression
TCH0005570,CMP0025,CL00157,2025-04-18,conversion
TCH0005571,CMP0025,CL00179,2025-04-21,click
TCH0005572,CMP0025,CL00187,2025-03-12,click
TCH0005573,CMP0025,CL00016,2025-04-25,lead
TCH0005574,CMP0025,CL00111,2025-03-29,click
TCH0005575,CMP0025,CL00325,2025-03-21,click
TCH0005576,CMP0025,CL00298,2025-03-29,impression
TCH0005577,CMP0025,CL00358,2025-03-14,impression
TCH0005578,CMP0025,CL00363,2025-02-27,click
TCH0005579,CMP0025,CL00290,2025-03-18,impression
TCH0005580,CMP0025,CL00185,2025-03-10,impression
TCH0005581,CMP0025,CL00090,2025-03-11,lead
TCH0005582,CMP0025,CL00442,2025-05-21,click
TCH0005583,CMP0025,CL00468,2025-04-17,click
TCH0005584,CMP0025,CL00259,2025-05-16,conversion
TCH0005585,CMP0025,CL00412,2025-04-04,impression
TCH0005586,CMP0025,CL00115,2025-04-28,conversion
TCH0005587,CMP0025,CL00393,2025-03-09,click
TCH0005588,CMP0025,CL00139,2025-05-22,click
TCH0005589,CMP0025,CL00232,2025-02-25,click
TCH0005590,CMP0025,CL00457,2025-04-10,lead
TCH0005591,CMP0025,CL00413,2025-04-12,impression
TCH0005592,CMP0025,CL00293,2025-03-03,impression
TCH0005593,CMP0025,CL00453,2025-03-09,click
TCH0005594,CMP0025,CL00229,2025-02-25,lead
TCH0005595,CMP0025,CL00226,2025-04-20,impression
TCH0005596,CMP0025,CL00326,2025-05-17,conversion
TCH0005597,CMP0025,CL00138,2025-05-18,lead
TCH0005598,CMP0025,CL00026,2025-03-16,click
TCH0005599,CMP0025,CL00299,2025-05-01,click
TCH0005600,CMP0025,CL00195,2025-04-17,lead
TCH0005601,CMP0025,CL00218,2025-05-04,click
TCH0005602,CMP0025,CL00210,2025-03-08,impression
TCH0005603,CMP0025,CL00083,2025-05-21,conversion
TCH0005604,CMP0025,CL00025,2025-04-29,click
TCH0005605,CMP0025,CL00418,2025-04-20,conversion
TCH0005606,CMP0025,CL00049,2025-05-17,click
TCH0005607,CMP0025,CL00033,2025-05-07,lead
TCH0005608,CMP0025,CL00445,2025-05-21,conversion
TCH0005609,CMP0025,CL00489,2025-05-14,impression
TCH0005610,CMP0025,CL00153,2025-03-07,lead
TCH0005611,CMP0025,CL00152,2025-04-04,lead
TCH0005612,CMP0025,CL00170,2025-03-27,click
TCH0005613,CMP0025,CL00171,2025-05-17,click
TCH0005614,CMP0025,CL00096,2025-04-03,click
TCH0005615,CMP0025,CL00163,2025-04-03,impression
TCH0005616,CMP0025,CL00375,2025-03-10,lead
TCH0005617,CMP0025,CL00180,2025-03-18,impression
TCH0005618,CMP0025,CL00379,2025-04-06,click
TCH0005619,CMP0025,CL00023,2025-03-03,lead
TCH0005620,CMP0025,CL00055,2025-05-09,impression
TCH0005621,CMP0025,CL00458,2025-03-02,click
TCH0005622,CMP0025,CL00345,2025-03-03,click
TCH0005623,CMP0025,CL00141,2025-03-02,impression
TCH0005624,CMP0025,CL00175,2025-05-14,click
TCH0005625,CMP0025,CL00429,2025-04-17,lead
TCH0005626,CMP0025,CL00495,2025-04-17,click
TCH0005627,CMP0025,CL00048,2025-05-15,impression
TCH0005628,CMP0025,CL00001,2025-04-29,impression
TCH0005629,CMP0025,CL00439,2025-05-18,click
TCH0005630,CMP0025,CL00406,2025-05-10,click
TCH0005631,CMP0025,CL00462,2025-02-27,impression
TCH0005632,CMP0025,CL00337,2025-03-26,lead
TCH0005633,CMP0025,CL00077,2025-03-18,lead
TCH0005634,CMP0025,CL00339,2025-05-05,click
TCH0005635,CMP0025,CL00137,2025-03-26,impression
TCH0005636,CMP0025,CL00473,2025-05-14,click
TCH0005637,CMP0025,CL00449,2025-03-10,impression
TCH0005638,CMP0026,CL00234,2024-09-08,click
TCH0005639,CMP0026,CL00384,2024-08-17,impression
TCH0005640,CMP0026,CL00128,2024-08-04,conversion
TCH0005641,CMP0026,CL00358,2024-09-01,lead
TCH0005642,CMP0026,CL00051,2024-09-06,click
TCH0005643,CMP0026,CL00466,2024-08-08,click
TCH0005644,CMP0026,CL00127,2024-09-20,conversion
TCH0005645,CMP0026,CL00141,2024-09-09,impression
TCH0005646,CMP0026,CL00084,2024-09-03,impression
TCH0005647,CMP0026,CL00195,2024-08-12,impression
TCH0005648,CMP0026,CL00036,2024-09-03,impression
TCH0005649,CMP0026,CL00367,2024-08-25,impression
TCH0005650,CMP0026,CL00082,2024-08-01,impression
TCH0005651,CMP0026,CL00155,2024-08-31,impression
TCH0005652,CMP0026,CL00413,2024-08-06,conversion
TCH0005653,CMP0026,CL00243,2024-08-19,lead
TCH0005654,CMP0026,CL00298,2024-09-16,click
TCH0005655,CMP0026,CL00285,2024-08-30,impression
TCH0005656,CMP0026,CL00189,2024-08-28,click
TCH0005657,CMP0026,CL00115,2024-09-14,impression
TCH0005658,CMP0026,CL00436,2024-08-30,click
TCH0005659,CMP0026,CL00341,2024-08-28,click
TCH0005660,CMP0026,CL00214,2024-09-19,impression
TCH0005661,CMP0026,CL00075,2024-08-13,click
TCH0005662,CMP0026,CL00454,2024-09-26,lead
TCH0005663,CMP0026,CL00315,2024-08-24,click
TCH0005664,CMP0026,CL00464,2024-08-23,click
TCH0005665,CMP0026,CL00137,2024-08-01,impression
TCH0005666,CMP0026,CL00094,2024-08-10,lead
TCH0005667,CMP0026,CL00004,2024-09-02,lead
TCH0005668,CMP0026,CL00037,2024-09-10,impression
TCH0005669,CMP0026,CL00420,2024-09-12,click
TCH0005670,CMP0026,CL00067,2024-09-15,conversion
TCH0005671,CMP0026,CL00304,2024-09-19,lead
TCH0005672,CMP0026,CL00187,2024-08-04,impression
TCH0005673,CMP0026,CL00006,2024-09-10,lead
TCH0005674,CMP0026,CL00114,2024-08-18,conversion
TCH0005675,CMP0026,CL00260,2024-07-31,impression
TCH0005676,CMP0026,CL00393,2024-08-31,impression
TCH0005677,CMP0026,CL00135,2024-08-17,lead
TCH0005678,CMP0026,CL00238,2024-07-30,impression
TCH0005679,CMP0026,CL00362,2024-09-21,impression
TCH0005680,CMP0026,CL00321,2024-08-16,impression
TCH0005681,CMP0026,CL00296,2024-08-05,impression
TCH0005682,CMP0026,CL00471,2024-08-17,impression
TCH0005683,CMP0026,CL00403,2024-08-09,impression
TCH0005684,CMP0026,CL00351,2024-07-30,click
TCH0005685,CMP0026,CL00249,2024-08-22,impression
TCH0005686,CMP0026,CL00193,2024-09-12,click
TCH0005687,CMP0026,CL00212,2024-09-21,lead
TCH0005688,CMP0026,CL00202,2024-09-13,impression
TCH0005689,CMP0026,CL00324,2024-08-13,click
TCH0005690,CMP0026,CL00299,2024-09-12,click
TCH0005691,CMP0026,CL00469,2024-08-30,conversion
TCH0005692,CMP0026,CL00256,2024-09-10,lead
TCH0005693,CMP0026,CL00166,2024-08-25,click
TCH0005694,CMP0026,CL00289,2024-08-03,impression
TCH0005695,CMP0026,CL00203,2024-08-14,click
TCH0005696,CMP0026,CL00072,2024-09-26,lead
TCH0005697,CMP0026,CL00293,2024-09-17,click
TCH0005698,CMP0026,CL00181,2024-09-22,click
TCH0005699,CMP0026,CL00333,2024-09-23,click
TCH0005700,CMP0026,CL00097,2024-09-03,click
TCH0005701,CMP0026,CL00480,2024-09-15,impression
TCH0005702,CMP0026,CL00264,2024-09-25,impression
TCH0005703,CMP0026,CL00171,2024-09-04,click
TCH0005704,CMP0026,CL00144,2024-09-22,impression
TCH0005705,CMP0026,CL00038,2024-08-16,lead
TCH0005706,CMP0026,CL00467,2024-08-03,impression
TCH0005707,CMP0026,CL00458,2024-08-13,impression
TCH0005708,CMP0026,CL00301,2024-09-06,impression
TCH0005709,CMP0026,CL00240,2024-09-03,lead
TCH0005710,CMP0026,CL00440,2024-09-07,impression
TCH0005711,CMP0026,CL00449,2024-09-08,click
TCH0005712,CMP0026,CL00175,2024-08-19,click
TCH0005713,CMP0026,CL00119,2024-08-20,click
TCH0005714,CMP0026,CL00273,2024-08-19,impression
TCH0005715,CMP0026,CL00080,2024-08-02,click
TCH0005716,CMP0026,CL00039,2024-08-01,lead
TCH0005717,CMP0026,CL00446,2024-08-30,lead
TCH0005718,CMP0026,CL00453,2024-09-15,impression
TCH0005719,CMP0026,CL00317,2024-08-16,click
TCH0005720,CMP0026,CL00092,2024-09-09,impression
TCH0005721,CMP0026,CL00365,2024-08-28,impression
TCH0005722,CMP0026,CL00277,2024-08-20,impression
TCH0005723,CMP0026,CL00485,2024-08-27,impression
TCH0005724,CMP0026,CL00110,2024-09-02,click
TCH0005725,CMP0026,CL00065,2024-08-16,impression
TCH0005726,CMP0026,CL00433,2024-08-29,click
TCH0005727,CMP0026,CL00035,2024-08-08,impression
TCH0005728,CMP0026,CL00424,2024-08-20,impression
TCH0005729,CMP0026,CL00261,2024-09-18,lead
TCH0005730,CMP0026,CL00383,2024-09-11,click
TCH0005731,CMP0026,CL00125,2024-08-24,click
TCH0005732,CMP0026,CL00391,2024-08-01,lead
TCH0005733,CMP0026,CL00489,2024-08-13,impression
TCH0005734,CMP0026,CL00284,2024-09-14,impression
TCH0005735,CMP0026,CL00073,2024-08-23,impression
TCH0005736,CMP0026,CL00041,2024-09-12,impression
TCH0005737,CMP0026,CL00159,2024-09-20,click
TCH0005738,CMP0026,CL00047,2024-09-13,impression
TCH0005739,CMP0026,CL00071,2024-08-17,impression
TCH0005740,CMP0026,CL00197,2024-09-13,lead
TCH0005741,CMP0026,CL00087,2024-07-30,impression
TCH0005742,CMP0026,CL00028,2024-09-18,impression
TCH0005743,CMP0026,CL00229,2024-09-14,lead
TCH0005744,CMP0026,CL00441,2024-09-13,lead
TCH0005745,CMP0026,CL00138,2024-08-09,click
TCH0005746,CMP0026,CL00032,2024-09-09,impression
TCH0005747,CMP0026,CL00196,2024-08-21,impression
TCH0005748,CMP0026,CL00183,2024-09-03,impression
TCH0005749,CMP0026,CL00239,2024-08-01,click
TCH0005750,CMP0026,CL00186,2024-09-07,impression
TCH0005751,CMP0026,CL00483,2024-08-09,impression
TCH0005752,CMP0026,CL00427,2024-08-15,conversion
TCH0005753,CMP0026,CL00450,2024-09-14,click
TCH0005754,CMP0026,CL00242,2024-09-19,click
TCH0005755,CMP0026,CL00356,2024-08-26,click
TCH0005756,CMP0026,CL00076,2024-09-12,click
TCH0005757,CMP0026,CL00363,2024-08-21,impression
TCH0005758,CMP0026,CL00210,2024-08-08,lead
TCH0005759,CMP0026,CL00381,2024-08-03,impression
TCH0005760,CMP0026,CL00385,2024-09-25,click
TCH0005761,CMP0026,CL00206,2024-09-24,click
TCH0005762,CMP0026,CL00245,2024-08-29,impression
TCH0005763,CMP0026,CL00008,2024-08-01,lead
TCH0005764,CMP0026,CL00316,2024-09-25,impression
TCH0005765,CMP0026,CL00106,2024-08-26,click
TCH0005766,CMP0026,CL00307,2024-08-21,lead
TCH0005767,CMP0026,CL00063,2024-09-26,impression
TCH0005768,CMP0026,CL00104,2024-09-19,impression
TCH0005769,CMP0026,CL00278,2024-09-02,conversion
TCH0005770,CMP0026,CL00349,2024-08-24,lead
TCH0005771,CMP0026,CL00044,2024-07-29,lead
TCH0005772,CMP0026,CL00201,2024-08-24,conversion
TCH0005773,CMP0026,CL00139,2024-08-22,impression
TCH0005774,CMP0026,CL00211,2024-08-07,lead
TCH0005775,CMP0026,CL00265,2024-08-02,lead
TCH0005776,CMP0026,CL00310,2024-09-22,impression
TCH0005777,CMP0026,CL00172,2024-08-29,impression
TCH0005778,CMP0026,CL00010,2024-09-12,click
TCH0005779,CMP0026,CL00337,2024-08-11,impression
TCH0005780,CMP0026,CL00417,2024-09-02,impression
TCH0005781,CMP0026,CL00217,2024-09-12,impression
TCH0005782,CMP0026,CL00473,2024-08-31,conversion
TCH0005783,CMP0026,CL00232,2024-09-05,impression
TCH0005784,CMP0026,CL00274,2024-08-13,click
TCH0005785,CMP0026,CL00379,2024-08-16,impression
TCH0005786,CMP0026,CL00169,2024-08-31,lead
TCH0005787,CMP0026,CL00445,2024-08-28,lead
TCH0005788,CMP0026,CL00318,2024-08-19,lead
TCH0005789,CMP0026,CL00439,2024-09-24,impression
TCH0005790,CMP0026,CL00312,2024-09-07,click
TCH0005791,CMP0026,CL00478,2024-08-16,impression
TCH0005792,CMP0026,CL00309,2024-09-06,impression
TCH0005793,CMP0026,CL00408,2024-08-06,impression
TCH0005794,CMP0026,CL00419,2024-09-19,impression
TCH0005795,CMP0026,CL00412,2024-09-23,impression
TCH0005796,CMP0026,CL00472,2024-09-09,click
TCH0005797,CMP0026,CL00103,2024-09-13,click
TCH0005798,CMP0026,CL00228,2024-09-11,conversion
TCH0005799,CMP0026,CL00323,2024-09-07,click
TCH0005800,CMP0026,CL00174,2024-09-15,impression
TCH0005801,CMP0026,CL00005,2024-08-24,lead
TCH0005802,CMP0026,CL00126,2024-09-12,impression
TCH0005803,CMP0026,CL00282,2024-08-15,click
TCH0005804,CMP0026,CL00001,2024-09-11,click
TCH0005805,CMP0026,CL00496,2024-07-30,lead
TCH0005806,CMP0026,CL00493,2024-08-31,impression
TCH0005807,CMP0026,CL00448,2024-08-08,impression
TCH0005808,CMP0026,CL00432,2024-08-26,lead
TCH0005809,CMP0026,CL00218,2024-09-06,impression
TCH0005810,CMP0026,CL00208,2024-09-17,click
TCH0005811,CMP0026,CL00042,2024-08-21,impression
TCH0005812,CMP0026,CL00223,2024-07-31,impression
TCH0005813,CMP0026,CL00336,2024-09-05,impression
TCH0005814,CMP0026,CL00046,2024-09-03,lead
TCH0005815,CMP0026,CL00364,2024-08-11,lead
TCH0005816,CMP0026,CL00013,2024-08-28,impression
TCH0005817,CMP0026,CL00361,2024-09-04,impression
TCH0005818,CMP0026,CL00416,2024-09-17,lead
TCH0005819,CMP0026,CL00148,2024-07-29,lead
TCH0005820,CMP0026,CL00043,2024-09-18,lead
TCH0005821,CMP0026,CL00154,2024-09-11,click
TCH0005822,CMP0026,CL00129,2024-09-09,impression
TCH0005823,CMP0026,CL00495,2024-08-26,impression
TCH0005824,CMP0026,CL00456,2024-09-21,lead
TCH0005825,CMP0026,CL00257,2024-08-18,impression
TCH0005826,CMP0026,CL00425,2024-08-13,conversion
TCH0005827,CMP0026,CL00288,2024-09-24,impression
TCH0005828,CMP0026,CL00089,2024-08-23,lead
TCH0005829,CMP0026,CL00320,2024-08-10,click
TCH0005830,CMP0026,CL00354,2024-08-19,impression
TCH0005831,CMP0026,CL00418,2024-09-03,impression
TCH0005832,CMP0026,CL00112,2024-09-09,click
TCH0005833,CMP0026,CL00490,2024-07-29,click
TCH0005834,CMP0026,CL00484,2024-09-12,lead
TCH0005835,CMP0026,CL00012,2024-09-07,impression
TCH0005836,CMP0026,CL00045,2024-09-02,impression
TCH0005837,CMP0026,CL00390,2024-08-25,click
TCH0005838,CMP0026,CL00313,2024-09-06,lead
TCH0005839,CMP0026,CL00488,2024-09-11,lead
TCH0005840,CMP0026,CL00151,2024-09-01,click
TCH0005841,CMP0026,CL00303,2024-09-02,click
TCH0005842,CMP0026,CL00287,2024-08-07,lead
TCH0005843,CMP0026,CL00177,2024-09-08,impression
TCH0005844,CMP0026,CL00015,2024-09-26,impression
TCH0005845,CMP0026,CL00086,2024-09-01,impression
TCH0005846,CMP0026,CL00305,2024-08-26,impression
TCH0005847,CMP0026,CL00168,2024-08-24,impression
TCH0005848,CMP0026,CL00272,2024-08-20,impression
TCH0005849,CMP0026,CL00421,2024-08-03,lead
TCH0005850,CMP0026,CL00410,2024-09-02,lead
TCH0005851,CMP0026,CL00066,2024-08-20,impression
TCH0005852,CMP0026,CL00442,2024-08-14,conversion
TCH0005853,CMP0026,CL00402,2024-09-16,click
TCH0005854,CMP0026,CL00007,2024-09-02,impression
TCH0005855,CMP0026,CL00401,2024-08-12,click
TCH0005856,CMP0026,CL00311,2024-08-04,conversion
TCH0005857,CMP0026,CL00357,2024-09-26,click
TCH0005858,CMP0026,CL00064,2024-08-27,impression
TCH0005859,CMP0026,CL00437,2024-09-16,conversion
TCH0005860,CMP0026,CL00275,2024-08-31,conversion
TCH0005861,CMP0026,CL00152,2024-08-29,click
TCH0005862,CMP0026,CL00219,2024-07-31,click
TCH0005863,CMP0026,CL00300,2024-09-22,impression
TCH0005864,CMP0026,CL00024,2024-08-05,lead
TCH0005865,CMP0026,CL00029,2024-07-29,impression
TCH0005866,CMP0026,CL00297,2024-09-20,impression
TCH0005867,CMP0026,CL00237,2024-09-08,impression
TCH0005868,CMP0026,CL00339,2024-08-24,impression
TCH0005869,CMP0026,CL00359,2024-09-21,click
TCH0005870,CMP0026,CL00326,2024-09-04,click
TCH0005871,CMP0026,CL00200,2024-08-31,lead
TCH0005872,CMP0026,CL00101,2024-08-26,impression
TCH0005873,CMP0026,CL00022,2024-07-29,impression
TCH0005874,CMP0026,CL00370,2024-08-15,impression
TCH0005875,CMP0026,CL00120,2024-09-14,impression
TCH0005876,CMP0026,CL00319,2024-09-22,impression
TCH0005877,CMP0026,CL00048,2024-08-31,conversion
TCH0005878,CMP0026,CL00016,2024-09-05,click
TCH0005879,CMP0026,CL00428,2024-08-03,click
TCH0005880,CMP0026,CL00378,2024-07-31,click
TCH0005881,CMP0026,CL00369,2024-08-23,lead
TCH0005882,CMP0026,CL00475,2024-09-18,click
TCH0005883,CMP0026,CL00026,2024-08-09,impression
TCH0005884,CMP0026,CL00102,2024-09-18,click
TCH0005885,CMP0026,CL00444,2024-09-16,lead
TCH0005886,CMP0026,CL00153,2024-07-31,impression
TCH0005887,CMP0026,CL00060,2024-09-13,impression
TCH0005888,CMP0026,CL00098,2024-09-17,click
TCH0005889,CMP0026,CL00030,2024-08-08,impression
TCH0005890,CMP0026,CL00476,2024-09-15,conversion
TCH0005891,CMP0026,CL00405,2024-09-24,click
TCH0005892,CMP0026,CL00105,2024-08-24,impression
TCH0005893,CMP0026,CL00248,2024-07-30,click
TCH0005894,CMP0026,CL00292,2024-08-24,conversion
TCH0005895,CMP0026,CL00083,2024-09-07,click
TCH0005896,CMP0026,CL00429,2024-08-03,impression
TCH0005897,CMP0026,CL00295,2024-09-05,conversion
TCH0005898,CMP0026,CL00118,2024-08-15,impression
TCH0005899,CMP0026,CL00447,2024-08-03,lead
TCH0005900,CMP0026,CL00095,2024-09-26,impression
TCH0005901,CMP0026,CL00052,2024-08-14,lead
TCH0005902,CMP0026,CL00271,2024-08-30,impression
TCH0005903,CMP0026,CL00173,2024-09-03,conversion
TCH0005904,CMP0026,CL00366,2024-09-02,lead
TCH0005905,CMP0026,CL00409,2024-08-26,click
TCH0005906,CMP0026,CL00003,2024-07-29,lead
TCH0005907,CMP0026,CL00314,2024-09-12,click
TCH0005908,CMP0026,CL00085,2024-08-30,impression
TCH0005909,CMP0026,CL00079,2024-08-06,click
TCH0005910,CMP0026,CL00422,2024-09-01,click
TCH0005911,CMP0026,CL00150,2024-08-07,click
TCH0005912,CMP0026,CL00400,2024-09-14,click
TCH0005913,CMP0026,CL00198,2024-08-30,click
TCH0005914,CMP0026,CL00470,2024-08-29,click
TCH0005915,CMP0026,CL00109,2024-08-05,click
TCH0005916,CMP0026,CL00375,2024-09-07,click
TCH0005917,CMP0026,CL00290,2024-09-13,impression
TCH0005918,CMP0026,CL00088,2024-07-30,lead
TCH0005919,CMP0026,CL00184,2024-08-23,impression
TCH0005920,CMP0026,CL00167,2024-09-17,click
TCH0005921,CMP0026,CL00414,2024-09-20,impression
TCH0005922,CMP0026,CL00373,2024-09-02,impression
TCH0005923,CMP0026,CL00179,2024-09-23,impression
TCH0005924,CMP0026,CL00372,2024-09-19,lead
TCH0005925,CMP0026,CL00332,2024-08-19,lead
TCH0005926,CMP0026,CL00460,2024-09-04,click
TCH0005927,CMP0026,CL00377,2024-09-16,impression
TCH0005928,CMP0026,CL00161,2024-07-29,conversion
TCH0005929,CMP0026,CL00233,2024-08-31,impression
TCH0005930,CMP0026,CL00056,2024-09-23,lead
TCH0005931,CMP0026,CL00325,2024-08-20,impression
TCH0005932,CMP0026,CL00147,2024-08-02,click
TCH0005933,CMP0026,CL00247,2024-08-18,impression
TCH0005934,CMP0026,CL00394,2024-09-24,click
TCH0005935,CMP0026,CL00068,2024-08-25,lead
TCH0005936,CMP0026,CL00062,2024-09-07,impression
TCH0005937,CMP0026,CL00492,2024-08-15,click
TCH0005938,CMP0026,CL00227,2024-09-14,impression
TCH0005939,CMP0026,CL00216,2024-09-07,lead
TCH0005940,CMP0026,CL00093,2024-08-31,impression
TCH0005941,CMP0026,CL00438,2024-09-03,click
TCH0005942,CMP0026,CL00346,2024-09-23,click
TCH0005943,CMP0026,CL00376,2024-08-08,impression
TCH0005944,CMP0026,CL00164,2024-09-23,impression
TCH0005945,CMP0026,CL00221,2024-09-02,click
TCH0005946,CMP0026,CL00111,2024-09-15,lead
TCH0005947,CMP0026,CL00213,2024-09-21,impression
TCH0005948,CMP0026,CL00396,2024-09-10,impression
TCH0005949,CMP0026,CL00191,2024-08-05,lead
TCH0005950,CMP0026,CL00268,2024-08-18,impression
TCH0005951,CMP0026,CL00034,2024-08-27,lead
TCH0005952,CMP0026,CL00025,2024-08-17,lead
TCH0005953,CMP0026,CL00308,2024-08-05,lead
TCH0005954,CMP0026,CL00468,2024-08-06,lead
TCH0005955,CMP0026,CL00481,2024-08-20,lead
TCH0005956,CMP0026,CL00096,2024-09-09,impression
TCH0005957,CMP0026,CL00255,2024-09-11,impression
TCH0005958,CMP0026,CL00329,2024-08-21,conversion
TCH0005959,CMP0026,CL00133,2024-09-20,click
TCH0005960,CMP0026,CL00130,2024-09-24,click
TCH0005961,CMP0026,CL00058,2024-08-10,impression
TCH0005962,CMP0026,CL00165,2024-09-17,click
TCH0005963,CMP0026,CL00276,2024-08-08,impression
TCH0005964,CMP0026,CL00194,2024-08-31,impression
TCH0005965,CMP0026,CL00018,2024-09-10,lead
TCH0005966,CMP0026,CL00090,2024-07-29,impression
TCH0005967,CMP0026,CL00023,2024-08-29,conversion
TCH0005968,CMP0026,CL00099,2024-09-16,impression
TCH0005969,CMP0026,CL00055,2024-09-08,lead
TCH0005970,CMP0026,CL00459,2024-08-12,impression
TCH0005971,CMP0026,CL00263,2024-08-23,impression
TCH0005972,CMP0026,CL00050,2024-09-23,conversion
TCH0005973,CMP0026,CL00345,2024-09-14,impression
TCH0005974,CMP0026,CL00462,2024-08-26,impression
TCH0005975,CMP0026,CL00188,2024-08-19,click
TCH0005976,CMP0026,CL00226,2024-09-08,conversion
TCH0005977,CMP0026,CL00185,2024-08-03,click
TCH0005978,CMP0026,CL00431,2024-09-25,click
TCH0005979,CMP0026,CL00463,2024-09-17,lead
TCH0005980,CMP0026,CL00207,2024-08-04,lead
TCH0005981,CMP0026,CL00113,2024-08-03,impression
TCH0005982,CMP0026,CL00388,2024-08-02,lead
TCH0005983,CMP0026,CL00457,2024-09-11,impression
TCH0005984,CMP0026,CL00343,2024-09-16,lead
TCH0005985,CMP0026,CL00426,2024-08-01,click
TCH0005986,CMP0026,CL00411,2024-08-09,impression
TCH0005987,CMP0026,CL00170,2024-08-02,click
TCH0005988,CMP0026,CL00404,2024-08-16,impression
TCH0005989,CMP0026,CL00474,2024-09-24,impression
TCH0005990,CMP0026,CL00398,2024-09-09,conversion
TCH0005991,CMP0026,CL00286,2024-08-03,click
TCH0005992,CMP0026,CL00267,2024-09-14,click
TCH0005993,CMP0026,CL00180,2024-08-17,impression
TCH0005994,CMP0026,CL00499,2024-09-15,impression
TCH0005995,CMP0026,CL00149,2024-09-01,click
TCH0005996,CMP0026,CL00434,2024-09-02,click
TCH0005997,CMP0026,CL00486,2024-09-18,click
TCH0005998,CMP0026,CL00204,2024-08-05,impression
TCH0005999,CMP0026,CL00146,2024-09-24,lead
TCH0006000,CMP0026,CL00215,2024-08-22,lead
TCH0006001,CMP0026,CL00123,2024-09-24,lead
TCH0006002,CMP0026,CL00033,2024-08-28,impression
TCH0006003,CMP0026,CL00497,2024-08-26,lead
TCH0006004,CMP0026,CL00250,2024-09-15,impression
TCH0006005,CMP0026,CL00353,2024-09-21,lead
TCH0006006,CMP0026,CL00266,2024-08-02,impression
TCH0006007,CMP0026,CL00108,2024-07-31,impression
TCH0006008,CMP0026,CL00340,2024-08-31,click
TCH0006009,CMP0026,CL00017,2024-08-11,impression
TCH0006010,CMP0027,CL00096,2026-02-12,conversion
TCH0006011,CMP0027,CL00245,2026-04-12,lead
TCH0006012,CMP0027,CL00097,2026-03-01,click
TCH0006013,CMP0027,CL00353,2026-04-23,impression
TCH0006014,CMP0027,CL00077,2026-04-22,impression
TCH0006015,CMP0027,CL00488,2026-03-12,click
TCH0006016,CMP0027,CL00118,2026-02-09,click
TCH0006017,CMP0027,CL00206,2026-01-12,click
TCH0006018,CMP0027,CL00436,2026-01-31,click
TCH0006019,CMP0027,CL00376,2026-05-06,conversion
TCH0006020,CMP0027,CL00076,2026-04-24,conversion
TCH0006021,CMP0027,CL00311,2026-03-09,click
TCH0006022,CMP0027,CL00113,2026-05-04,impression
TCH0006023,CMP0027,CL00023,2026-02-04,conversion
TCH0006024,CMP0027,CL00336,2026-04-13,click
TCH0006025,CMP0027,CL00035,2026-04-19,click
TCH0006026,CMP0027,CL00282,2026-01-24,impression
TCH0006027,CMP0027,CL00198,2026-02-17,click
TCH0006028,CMP0027,CL00006,2026-03-02,impression
TCH0006029,CMP0027,CL00369,2026-01-14,impression
TCH0006030,CMP0027,CL00028,2026-03-23,impression
TCH0006031,CMP0027,CL00339,2026-02-20,impression
TCH0006032,CMP0027,CL00426,2026-02-01,impression
TCH0006033,CMP0027,CL00354,2026-04-16,click
TCH0006034,CMP0027,CL00272,2026-03-13,impression
TCH0006035,CMP0027,CL00412,2026-04-09,impression
TCH0006036,CMP0027,CL00037,2026-03-08,click
TCH0006037,CMP0027,CL00456,2026-04-05,click
TCH0006038,CMP0027,CL00492,2026-03-21,lead
TCH0006039,CMP0027,CL00437,2026-01-19,impression
TCH0006040,CMP0027,CL00052,2026-01-20,lead
TCH0006041,CMP0027,CL00007,2026-04-30,impression
TCH0006042,CMP0027,CL00200,2026-05-06,impression
TCH0006043,CMP0027,CL00208,2026-02-16,impression
TCH0006044,CMP0027,CL00026,2026-05-01,click
TCH0006045,CMP0027,CL00248,2026-01-14,lead
TCH0006046,CMP0027,CL00036,2026-01-28,impression
TCH0006047,CMP0027,CL00453,2026-04-04,impression
TCH0006048,CMP0027,CL00197,2026-02-05,lead
TCH0006049,CMP0027,CL00400,2026-04-29,click
TCH0006050,CMP0027,CL00432,2026-01-17,impression
TCH0006051,CMP0027,CL00042,2026-01-08,impression
TCH0006052,CMP0027,CL00127,2026-01-24,click
TCH0006053,CMP0027,CL00232,2026-02-14,lead
TCH0006054,CMP0027,CL00187,2026-03-16,lead
TCH0006055,CMP0027,CL00460,2026-01-15,impression
TCH0006056,CMP0027,CL00473,2026-02-27,lead
TCH0006057,CMP0027,CL00429,2026-04-28,impression
TCH0006058,CMP0027,CL00184,2026-01-21,impression
TCH0006059,CMP0027,CL00058,2026-04-04,impression
TCH0006060,CMP0027,CL00381,2026-04-23,conversion
TCH0006061,CMP0027,CL00048,2026-03-27,click
TCH0006062,CMP0027,CL00454,2026-02-08,click
TCH0006063,CMP0027,CL00209,2026-03-23,impression
TCH0006064,CMP0027,CL00137,2026-02-10,conversion
TCH0006065,CMP0027,CL00287,2026-03-08,lead
TCH0006066,CMP0027,CL00357,2026-04-02,lead
TCH0006067,CMP0027,CL00259,2026-03-04,click
TCH0006068,CMP0027,CL00285,2026-04-29,lead
TCH0006069,CMP0027,CL00099,2026-03-19,impression
TCH0006070,CMP0027,CL00179,2026-01-11,impression
TCH0006071,CMP0027,CL00114,2026-04-08,impression
TCH0006072,CMP0027,CL00207,2026-01-09,impression
TCH0006073,CMP0027,CL00378,2026-05-02,click
TCH0006074,CMP0027,CL00129,2026-05-04,lead
TCH0006075,CMP0027,CL00041,2026-01-09,click
TCH0006076,CMP0027,CL00025,2026-03-18,impression
TCH0006077,CMP0027,CL00413,2026-02-18,conversion
TCH0006078,CMP0027,CL00495,2026-04-23,click
TCH0006079,CMP0027,CL00194,2026-03-09,click
TCH0006080,CMP0027,CL00157,2026-04-09,impression
TCH0006081,CMP0027,CL00216,2026-03-14,click
TCH0006082,CMP0027,CL00032,2026-04-27,conversion
TCH0006083,CMP0027,CL00056,2026-05-06,impression
TCH0006084,CMP0027,CL00310,2026-03-22,lead
TCH0006085,CMP0027,CL00315,2026-05-03,impression
TCH0006086,CMP0027,CL00227,2026-04-09,impression
TCH0006087,CMP0027,CL00478,2026-02-21,click
TCH0006088,CMP0027,CL00312,2026-01-25,impression
TCH0006089,CMP0027,CL00457,2026-01-16,impression
TCH0006090,CMP0028,CL00259,2026-03-01,click
TCH0006091,CMP0028,CL00042,2026-03-05,impression
TCH0006092,CMP0028,CL00118,2026-02-20,conversion
TCH0006093,CMP0028,CL00488,2026-03-16,impression
TCH0006094,CMP0028,CL00200,2026-02-27,lead
TCH0006095,CMP0028,CL00114,2026-02-23,impression
TCH0006096,CMP0028,CL00412,2026-03-08,impression
TCH0006097,CMP0028,CL00339,2026-02-23,impression
TCH0006098,CMP0028,CL00056,2026-03-07,lead
TCH0006099,CMP0028,CL00127,2026-03-24,click
TCH0006100,CMP0028,CL00437,2026-03-01,impression
TCH0006101,CMP0028,CL00206,2026-03-01,conversion
TCH0006102,CMP0028,CL00413,2026-02-17,impression
TCH0006103,CMP0028,CL00315,2026-01-26,click
TCH0006104,CMP0028,CL00036,2026-02-17,lead
TCH0006105,CMP0028,CL00245,2026-02-04,impression
TCH0006106,CMP0028,CL00023,2026-02-08,click
TCH0006107,CMP0028,CL00311,2026-03-16,impression
TCH0006108,CMP0028,CL00208,2026-02-07,impression
TCH0006109,CMP0028,CL00429,2026-02-10,lead
TCH0006110,CMP0028,CL00248,2026-02-06,impression
TCH0006111,CMP0028,CL00354,2026-02-27,impression
TCH0006112,CMP0028,CL00353,2026-01-29,impression
TCH0006113,CMP0028,CL00478,2026-03-23,lead
TCH0006114,CMP0028,CL00032,2026-02-03,lead
TCH0006115,CMP0028,CL00426,2026-02-13,lead
TCH0006116,CMP0028,CL00453,2026-01-30,lead
TCH0006117,CMP0028,CL00035,2026-01-27,impression
TCH0006118,CMP0028,CL00129,2026-03-20,click
TCH0006119,CMP0028,CL00041,2026-03-07,impression
TCH0006120,CMP0028,CL00357,2026-01-26,lead
TCH0006121,CMP0028,CL00432,2026-02-27,conversion
TCH0006122,CMP0028,CL00157,2026-02-25,impression
TCH0006123,CMP0028,CL00194,2026-02-04,conversion
TCH0006124,CMP0028,CL00099,2026-01-31,impression
TCH0006125,CMP0028,CL00184,2026-02-08,impression
TCH0006126,CMP0028,CL00207,2026-03-22,impression
TCH0006127,CMP0028,CL00007,2026-03-07,conversion
TCH0006128,CMP0028,CL00378,2026-03-22,click
TCH0006129,CMP0028,CL00028,2026-03-12,conversion
TCH0006130,CMP0028,CL00460,2026-02-28,conversion
TCH0006131,CMP0028,CL00077,2026-02-22,lead
TCH0006132,CMP0028,CL00287,2026-03-18,impression
TCH0006133,CMP0028,CL00197,2026-03-02,click
TCH0006134,CMP0028,CL00076,2026-02-20,impression
TCH0006135,CMP0028,CL00312,2026-01-28,conversion
TCH0006136,CMP0028,CL00369,2026-02-09,click
TCH0006137,CMP0028,CL00198,2026-03-19,lead
TCH0006138,CMP0028,CL00026,2026-03-20,impression
TCH0006139,CMP0028,CL00058,2026-02-17,click
TCH0006140,CMP0028,CL00272,2026-01-30,click
TCH0006141,CMP0028,CL00457,2026-02-22,impression
TCH0006142,CMP0028,CL00216,2026-03-02,impression
TCH0006143,CMP0028,CL00310,2026-02-21,impression
TCH0006144,CMP0028,CL00495,2026-02-15,impression
TCH0006145,CMP0028,CL00381,2026-03-09,click
TCH0006146,CMP0028,CL00037,2026-02-05,click
TCH0006147,CMP0028,CL00025,2026-03-24,impression
TCH0006148,CMP0028,CL00232,2026-03-14,lead
TCH0006149,CMP0028,CL00492,2026-02-05,impression
TCH0006150,CMP0028,CL00209,2026-03-21,lead
TCH0006151,CMP0028,CL00048,2026-02-26,conversion
TCH0006152,CMP0028,CL00137,2026-03-10,click
TCH0006153,CMP0028,CL00179,2026-02-28,click
TCH0006154,CMP0028,CL00227,2026-03-13,click
TCH0006155,CMP0028,CL00113,2026-02-07,impression
TCH0006156,CMP0029,CL00032,2026-02-10,click
TCH0006157,CMP0029,CL00007,2026-03-10,lead
TCH0006158,CMP0029,CL00048,2026-04-24,click
TCH0006159,CMP0029,CL00200,2026-04-25,impression
TCH0006160,CMP0029,CL00426,2026-04-08,impression
TCH0006161,CMP0029,CL00272,2026-02-06,conversion
TCH0006162,CMP0029,CL00036,2026-03-13,impression
TCH0006163,CMP0029,CL00248,2026-04-05,lead
TCH0006164,CMP0029,CL00232,2026-04-13,impression
TCH0006165,CMP0029,CL00259,2026-04-07,impression
TCH0006166,CMP0029,CL00041,2026-05-24,click
TCH0006167,CMP0029,CL00381,2026-04-11,lead
TCH0006168,CMP0029,CL00042,2026-05-07,impression
TCH0006169,CMP0029,CL00179,2026-05-26,impression
TCH0006170,CMP0029,CL00028,2026-02-07,impression
TCH0006171,CMP0029,CL00216,2026-04-03,impression
TCH0006172,CMP0029,CL00023,2026-05-01,impression
TCH0006173,CMP0029,CL00194,2026-02-07,click
TCH0006174,CMP0029,CL00429,2026-04-15,click
TCH0006175,CMP0029,CL00035,2026-04-16,lead
TCH0006176,CMP0029,CL00378,2026-02-28,click
TCH0006177,CMP0029,CL00339,2026-02-19,impression
TCH0006178,CMP0029,CL00208,2026-03-06,click
TCH0006179,CMP0029,CL00184,2026-03-06,impression
TCH0006180,CMP0029,CL00311,2026-02-16,lead
TCH0006181,CMP0029,CL00488,2026-04-04,impression
TCH0006182,CMP0029,CL00354,2026-03-23,conversion
TCH0006183,CMP0029,CL00076,2026-03-15,click
TCH0006184,CMP0029,CL00114,2026-02-24,impression
TCH0006185,CMP0029,CL00209,2026-02-16,click
TCH0006186,CMP0029,CL00432,2026-02-02,impression
TCH0006187,CMP0029,CL00118,2026-02-25,impression
TCH0006188,CMP0029,CL00495,2026-05-23,click
TCH0006189,CMP0029,CL00113,2026-02-27,impression
TCH0006190,CMP0029,CL00310,2026-04-27,click
TCH0006191,CMP0029,CL00369,2026-05-13,impression
TCH0006192,CMP0029,CL00460,2026-05-16,impression
TCH0006193,CMP0029,CL00198,2026-04-27,impression
TCH0006194,CMP0029,CL00312,2026-05-04,impression
TCH0006195,CMP0029,CL00492,2026-02-12,impression
TCH0006196,CMP0029,CL00127,2026-02-06,impression
TCH0006197,CMP0029,CL00157,2026-02-24,click
TCH0006198,CMP0029,CL00437,2026-05-10,impression
TCH0006199,CMP0029,CL00207,2026-05-06,impression
TCH0006200,CMP0029,CL00478,2026-05-10,click
TCH0006201,CMP0029,CL00129,2026-03-15,conversion
TCH0006202,CMP0029,CL00056,2026-02-12,click
TCH0006203,CMP0029,CL00413,2026-02-16,impression
TCH0006204,CMP0029,CL00412,2026-02-03,impression
TCH0006205,CMP0029,CL00137,2026-04-13,click
TCH0006206,CMP0029,CL00025,2026-05-17,click
TCH0006207,CMP0029,CL00245,2026-04-30,click
TCH0006208,CMP0029,CL00453,2026-03-17,click
TCH0006209,CMP0029,CL00353,2026-05-14,impression
TCH0006210,CMP0029,CL00206,2026-05-01,click
TCH0006211,CMP0029,CL00099,2026-02-15,lead
TCH0006212,CMP0029,CL00026,2026-03-04,lead
TCH0006213,CMP0029,CL00197,2026-04-30,lead
TCH0006214,CMP0029,CL00077,2026-02-08,impression
TCH0006215,CMP0029,CL00058,2026-02-20,click
TCH0006216,CMP0030,CL00205,2024-05-29,impression
TCH0006217,CMP0030,CL00010,2024-07-02,click
TCH0006218,CMP0030,CL00373,2024-06-18,click
TCH0006219,CMP0030,CL00468,2024-06-18,lead
TCH0006220,CMP0030,CL00377,2024-08-13,conversion
TCH0006221,CMP0030,CL00424,2024-06-29,lead
TCH0006222,CMP0030,CL00337,2024-08-19,impression
TCH0006223,CMP0030,CL00040,2024-07-28,conversion
TCH0006224,CMP0030,CL00099,2024-05-15,click
TCH0006225,CMP0030,CL00340,2024-06-21,impression
TCH0006226,CMP0030,CL00211,2024-06-10,impression
TCH0006227,CMP0030,CL00307,2024-08-04,impression
TCH0006228,CMP0030,CL00038,2024-07-22,click
TCH0006229,CMP0030,CL00282,2024-06-25,conversion
TCH0006230,CMP0030,CL00092,2024-07-26,click
TCH0006231,CMP0030,CL00276,2024-05-27,impression
TCH0006232,CMP0030,CL00029,2024-06-24,impression
TCH0006233,CMP0030,CL00490,2024-07-21,impression
TCH0006234,CMP0030,CL00496,2024-06-28,impression
TCH0006235,CMP0030,CL00297,2024-05-25,impression
TCH0006236,CMP0030,CL00229,2024-08-18,impression
TCH0006237,CMP0030,CL00123,2024-06-09,impression
TCH0006238,CMP0030,CL00500,2024-05-30,click
TCH0006239,CMP0030,CL00472,2024-05-21,lead
TCH0006240,CMP0030,CL00353,2024-06-15,click
TCH0006241,CMP0030,CL00467,2024-07-27,impression
TCH0006242,CMP0030,CL00208,2024-05-23,click
TCH0006243,CMP0030,CL00175,2024-08-15,click
TCH0006244,CMP0030,CL00137,2024-08-27,click
TCH0006245,CMP0030,CL00418,2024-07-03,conversion
TCH0006246,CMP0030,CL00444,2024-08-27,click
TCH0006247,CMP0030,CL00445,2024-08-01,conversion
TCH0006248,CMP0030,CL00203,2024-05-22,impression
TCH0006249,CMP0030,CL00275,2024-06-11,lead
TCH0006250,CMP0030,CL00492,2024-05-15,click
TCH0006251,CMP0030,CL00195,2024-07-25,impression
TCH0006252,CMP0030,CL00160,2024-05-29,impression
TCH0006253,CMP0030,CL00462,2024-06-02,impression
TCH0006254,CMP0030,CL00341,2024-08-28,conversion
TCH0006255,CMP0030,CL00058,2024-08-26,conversion
TCH0006256,CMP0030,CL00414,2024-05-27,impression
TCH0006257,CMP0030,CL00159,2024-05-11,click
TCH0006258,CMP0030,CL00196,2024-05-31,impression
TCH0006259,CMP0030,CL00068,2024-05-29,lead
TCH0006260,CMP0030,CL00189,2024-08-10,impression
TCH0006261,CMP0030,CL00252,2024-05-14,lead
TCH0006262,CMP0030,CL00405,2024-08-14,click
TCH0006263,CMP0030,CL00400,2024-06-22,impression
TCH0006264,CMP0030,CL00286,2024-07-30,impression
TCH0006265,CMP0030,CL00161,2024-06-30,lead
TCH0006266,CMP0030,CL00082,2024-08-22,click
TCH0006267,CMP0030,CL00125,2024-06-06,impression
TCH0006268,CMP0030,CL00343,2024-06-28,click
TCH0006269,CMP0030,CL00126,2024-08-20,lead
TCH0006270,CMP0030,CL00073,2024-06-06,lead
TCH0006271,CMP0030,CL00214,2024-08-21,click
TCH0006272,CMP0030,CL00169,2024-08-26,impression
TCH0006273,CMP0030,CL00308,2024-06-02,impression
TCH0006274,CMP0030,CL00294,2024-06-30,lead
TCH0006275,CMP0030,CL00278,2024-06-21,conversion
TCH0006276,CMP0030,CL00202,2024-07-15,click
TCH0006277,CMP0030,CL00107,2024-08-28,impression
TCH0006278,CMP0030,CL00114,2024-05-30,impression
TCH0006279,CMP0030,CL00035,2024-05-14,impression
TCH0006280,CMP0030,CL00113,2024-06-18,click
TCH0006281,CMP0030,CL00012,2024-08-21,click
TCH0006282,CMP0030,CL00396,2024-08-24,conversion
TCH0006283,CMP0030,CL00398,2024-08-23,impression
TCH0006284,CMP0030,CL00111,2024-05-15,impression
TCH0006285,CMP0030,CL00264,2024-08-04,click
TCH0006286,CMP0030,CL00154,2024-06-12,conversion
TCH0006287,CMP0030,CL00361,2024-07-13,impression
TCH0006288,CMP0030,CL00409,2024-08-14,impression
TCH0006289,CMP0030,CL00473,2024-08-15,impression
TCH0006290,CMP0030,CL00138,2024-06-28,conversion
TCH0006291,CMP0030,CL00338,2024-05-21,impression
TCH0006292,CMP0030,CL00384,2024-07-30,conversion
TCH0006293,CMP0030,CL00300,2024-06-05,impression
TCH0006294,CMP0030,CL00032,2024-08-24,impression
TCH0006295,CMP0030,CL00333,2024-09-01,conversion
TCH0006296,CMP0030,CL00269,2024-07-22,click
TCH0006297,CMP0030,CL00069,2024-06-03,lead
TCH0006298,CMP0030,CL00363,2024-08-25,lead
TCH0006299,CMP0030,CL00232,2024-06-10,impression
TCH0006300,CMP0030,CL00147,2024-06-11,lead
TCH0006301,CMP0030,CL00061,2024-05-11,click
TCH0006302,CMP0030,CL00390,2024-05-31,lead
TCH0006303,CMP0030,CL00067,2024-06-01,conversion
TCH0006304,CMP0030,CL00172,2024-07-25,impression
TCH0006305,CMP0030,CL00356,2024-07-08,click
TCH0006306,CMP0030,CL00258,2024-05-19,conversion
TCH0006307,CMP0030,CL00144,2024-08-11,conversion
TCH0006308,CMP0030,CL00034,2024-05-22,impression
TCH0006309,CMP0030,CL00364,2024-06-18,click
TCH0006310,CMP0030,CL00412,2024-05-16,conversion
TCH0006311,CMP0030,CL00020,2024-06-07,impression
TCH0006312,CMP0030,CL00416,2024-06-17,conversion
TCH0006313,CMP0030,CL00316,2024-06-07,lead
TCH0006314,CMP0030,CL00309,2024-06-25,conversion
TCH0006315,CMP0030,CL00055,2024-08-08,impression
TCH0006316,CMP0030,CL00419,2024-08-14,click
TCH0006317,CMP0030,CL00134,2024-07-25,impression
TCH0006318,CMP0030,CL00339,2024-07-03,click
TCH0006319,CMP0030,CL00072,2024-05-24,click
TCH0006320,CMP0030,CL00460,2024-08-10,impression
TCH0006321,CMP0030,CL00103,2024-07-07,lead
TCH0006322,CMP0030,CL00245,2024-08-18,lead
TCH0006323,CMP0030,CL00474,2024-05-31,click
TCH0006324,CMP0030,CL00329,2024-06-28,click
TCH0006325,CMP0030,CL00304,2024-06-22,impression
TCH0006326,CMP0030,CL00167,2024-05-27,click
TCH0006327,CMP0030,CL00421,2024-05-18,conversion
TCH0006328,CMP0030,CL00194,2024-07-21,impression
TCH0006329,CMP0030,CL00039,2024-08-04,lead
TCH0006330,CMP0030,CL00257,2024-08-10,lead
TCH0006331,CMP0030,CL00488,2024-08-24,impression
TCH0006332,CMP0030,CL00043,2024-08-24,impression
TCH0006333,CMP0030,CL00326,2024-07-21,click
TCH0006334,CMP0030,CL00315,2024-05-10,impression
TCH0006335,CMP0030,CL00124,2024-05-23,lead
TCH0006336,CMP0030,CL00088,2024-05-26,impression
TCH0006337,CMP0030,CL00098,2024-06-11,impression
TCH0006338,CMP0030,CL00431,2024-07-23,conversion
TCH0006339,CMP0030,CL00254,2024-05-19,impression
TCH0006340,CMP0030,CL00448,2024-06-10,conversion
TCH0006341,CMP0030,CL00323,2024-07-27,impression
TCH0006342,CMP0030,CL00146,2024-08-23,lead
TCH0006343,CMP0030,CL00119,2024-07-07,click
TCH0006344,CMP0030,CL00100,2024-05-15,conversion
TCH0006345,CMP0030,CL00139,2024-08-22,impression
TCH0006346,CMP0030,CL00151,2024-05-28,click
TCH0006347,CMP0030,CL00271,2024-06-16,impression
TCH0006348,CMP0030,CL00185,2024-08-06,impression
TCH0006349,CMP0030,CL00025,2024-07-30,click
TCH0006350,CMP0030,CL00183,2024-05-27,lead
TCH0006351,CMP0030,CL00261,2024-08-15,lead
TCH0006352,CMP0030,CL00198,2024-06-15,lead
TCH0006353,CMP0030,CL00401,2024-08-28,impression
TCH0006354,CMP0030,CL00084,2024-08-20,click
TCH0006355,CMP0030,CL00037,2024-05-30,impression
TCH0006356,CMP0030,CL00191,2024-05-25,click
TCH0006357,CMP0030,CL00127,2024-08-05,click
TCH0006358,CMP0030,CL00459,2024-07-27,impression
TCH0006359,CMP0030,CL00237,2024-07-06,click
TCH0006360,CMP0030,CL00128,2024-05-05,impression
TCH0006361,CMP0030,CL00283,2024-06-30,click
TCH0006362,CMP0030,CL00423,2024-08-20,lead
TCH0006363,CMP0030,CL00015,2024-08-06,impression
TCH0006364,CMP0030,CL00443,2024-06-01,click
TCH0006365,CMP0030,CL00354,2024-07-04,conversion
TCH0006366,CMP0030,CL00222,2024-06-30,impression
TCH0006367,CMP0030,CL00433,2024-05-10,conversion
TCH0006368,CMP0030,CL00142,2024-05-10,impression
TCH0006369,CMP0030,CL00450,2024-07-16,lead
TCH0006370,CMP0030,CL00410,2024-05-19,click
TCH0006371,CMP0030,CL00212,2024-05-24,lead
TCH0006372,CMP0030,CL00266,2024-06-19,impression
TCH0006373,CMP0030,CL00469,2024-07-02,impression
TCH0006374,CMP0030,CL00240,2024-05-16,click
TCH0006375,CMP0030,CL00446,2024-08-27,conversion
TCH0006376,CMP0030,CL00016,2024-05-31,conversion
TCH0006377,CMP0030,CL00369,2024-07-25,click
TCH0006378,CMP0030,CL00279,2024-05-26,impression
TCH0006379,CMP0030,CL00378,2024-08-16,click
TCH0006380,CMP0030,CL00388,2024-08-14,click
TCH0006381,CMP0030,CL00336,2024-07-28,impression
TCH0006382,CMP0030,CL00093,2024-08-16,lead
TCH0006383,CMP0030,CL00289,2024-07-01,impression
TCH0006384,CMP0030,CL00296,2024-08-03,impression
TCH0006385,CMP0030,CL00319,2024-05-30,conversion
TCH0006386,CMP0030,CL00116,2024-05-31,click
TCH0006387,CMP0030,CL00120,2024-05-23,conversion
TCH0006388,CMP0030,CL00028,2024-08-23,click
TCH0006389,CMP0030,CL00476,2024-07-20,lead
TCH0006390,CMP0030,CL00453,2024-06-09,conversion
TCH0006391,CMP0030,CL00434,2024-06-15,conversion
TCH0006392,CMP0030,CL00255,2024-08-15,click
TCH0006393,CMP0030,CL00086,2024-07-30,click
TCH0006394,CMP0030,CL00003,2024-07-26,lead
TCH0006395,CMP0030,CL00389,2024-05-26,conversion
TCH0006396,CMP0030,CL00362,2024-06-22,impression
TCH0006397,CMP0030,CL00184,2024-08-11,click
TCH0006398,CMP0030,CL00366,2024-09-01,impression
TCH0006399,CMP0030,CL00007,2024-07-22,conversion
TCH0006400,CMP0030,CL00173,2024-06-03,lead
TCH0006401,CMP0030,CL00471,2024-08-07,click
TCH0006402,CMP0030,CL00428,2024-08-08,impression
TCH0006403,CMP0030,CL00052,2024-07-21,click
TCH0006404,CMP0030,CL00273,2024-06-06,click
TCH0006405,CMP0030,CL00427,2024-07-03,impression
TCH0006406,CMP0030,CL00325,2024-06-02,click
TCH0006407,CMP0030,CL00064,2024-06-11,lead
TCH0006408,CMP0030,CL00317,2024-08-26,lead
TCH0006409,CMP0030,CL00062,2024-07-22,impression
TCH0006410,CMP0030,CL00455,2024-05-06,click
TCH0006411,CMP0030,CL00188,2024-05-31,impression
TCH0006412,CMP0030,CL00272,2024-06-22,impression
TCH0006413,CMP0030,CL00303,2024-08-07,click
TCH0006414,CMP0030,CL00429,2024-06-01,lead
TCH0006415,CMP0030,CL00209,2024-06-30,impression
TCH0006416,CMP0030,CL00374,2024-05-12,lead
TCH0006417,CMP0030,CL00342,2024-08-07,impression
TCH0006418,CMP0030,CL00030,2024-06-12,click
TCH0006419,CMP0030,CL00454,2024-08-08,conversion
TCH0006420,CMP0030,CL00152,2024-07-23,impression
TCH0006421,CMP0030,CL00226,2024-06-25,lead
TCH0006422,CMP0030,CL00485,2024-05-13,click
TCH0006423,CMP0030,CL00149,2024-08-23,impression
TCH0006424,CMP0030,CL00060,2024-06-25,impression
TCH0006425,CMP0030,CL00449,2024-08-25,impression
TCH0006426,CMP0030,CL00413,2024-07-30,click
TCH0006427,CMP0030,CL00153,2024-05-30,impression
TCH0006428,CMP0030,CL00313,2024-07-09,impression
TCH0006429,CMP0030,CL00075,2024-05-27,click
TCH0006430,CMP0030,CL00442,2024-05-05,impression
TCH0006431,CMP0030,CL00017,2024-06-04,click
TCH0006432,CMP0030,CL00008,2024-05-23,impression
TCH0006433,CMP0030,CL00486,2024-07-18,click
TCH0006434,CMP0030,CL00197,2024-05-16,lead
TCH0006435,CMP0030,CL00437,2024-05-15,impression
TCH0006436,CMP0030,CL00345,2024-08-25,click
TCH0006437,CMP0030,CL00076,2024-08-03,click
TCH0006438,CMP0030,CL00059,2024-08-26,click
TCH0006439,CMP0030,CL00290,2024-07-07,click
TCH0006440,CMP0030,CL00095,2024-06-22,click
TCH0006441,CMP0030,CL00481,2024-07-06,impression
TCH0006442,CMP0030,CL00004,2024-05-24,click
TCH0006443,CMP0030,CL00217,2024-07-02,impression
TCH0006444,CMP0030,CL00180,2024-07-16,lead
TCH0006445,CMP0030,CL00110,2024-05-20,click
TCH0006446,CMP0030,CL00292,2024-07-24,impression
TCH0006447,CMP0030,CL00079,2024-08-28,click
TCH0006448,CMP0030,CL00493,2024-08-28,click
TCH0006449,CMP0030,CL00019,2024-07-01,click
TCH0006450,CMP0030,CL00050,2024-06-16,lead
TCH0006451,CMP0030,CL00391,2024-08-25,conversion
TCH0006452,CMP0030,CL00140,2024-07-26,conversion
TCH0006453,CMP0030,CL00404,2024-07-27,impression
TCH0006454,CMP0030,CL00484,2024-05-18,impression
TCH0006455,CMP0030,CL00051,2024-08-05,impression
TCH0006456,CMP0030,CL00259,2024-05-27,conversion
TCH0006457,CMP0030,CL00417,2024-07-24,lead
TCH0006458,CMP0030,CL00458,2024-07-20,impression
TCH0006459,CMP0030,CL00130,2024-05-19,impression
TCH0006460,CMP0030,CL00495,2024-05-19,impression
TCH0006461,CMP0030,CL00274,2024-08-14,lead
TCH0006462,CMP0030,CL00250,2024-07-02,impression
TCH0006463,CMP0030,CL00047,2024-09-01,click
TCH0006464,CMP0030,CL00399,2024-06-28,conversion
TCH0006465,CMP0030,CL00456,2024-07-01,lead
TCH0006466,CMP0030,CL00376,2024-05-05,click
TCH0006467,CMP0030,CL00365,2024-07-11,impression
TCH0006468,CMP0030,CL00135,2024-06-11,click
TCH0006469,CMP0030,CL00293,2024-06-26,click
TCH0006470,CMP0030,CL00249,2024-07-12,click
TCH0006471,CMP0030,CL00231,2024-08-23,lead
TCH0006472,CMP0030,CL00083,2024-05-15,lead
TCH0006473,CMP0030,CL00480,2024-06-20,impression
TCH0006474,CMP0030,CL00200,2024-07-26,impression
TCH0006475,CMP0030,CL00463,2024-08-15,impression
TCH0006476,CMP0030,CL00148,2024-06-22,impression
TCH0006477,CMP0030,CL00115,2024-07-27,click
TCH0006478,CMP0030,CL00155,2024-05-09,lead
TCH0006479,CMP0030,CL00483,2024-08-30,click
TCH0006480,CMP0030,CL00150,2024-07-17,conversion
TCH0006481,CMP0030,CL00001,2024-06-26,impression
TCH0006482,CMP0030,CL00243,2024-07-20,click
TCH0006483,CMP0030,CL00097,2024-05-21,click
TCH0006484,CMP0030,CL00077,2024-05-31,impression
TCH0006485,CMP0030,CL00478,2024-07-27,click
TCH0006486,CMP0030,CL00179,2024-07-30,impression
TCH0006487,CMP0030,CL00168,2024-06-15,impression
TCH0006488,CMP0030,CL00230,2024-05-24,click
TCH0006489,CMP0030,CL00265,2024-05-29,impression
TCH0006490,CMP0030,CL00216,2024-08-31,lead
TCH0006491,CMP0030,CL00470,2024-07-17,conversion
TCH0006492,CMP0030,CL00466,2024-07-18,click
TCH0006493,CMP0030,CL00005,2024-07-12,impression
TCH0006494,CMP0030,CL00383,2024-06-21,conversion
TCH0006495,CMP0030,CL00332,2024-06-23,click
TCH0006496,CMP0030,CL00327,2024-06-09,impression
TCH0006497,CMP0030,CL00041,2024-06-05,conversion
TCH0006498,CMP0030,CL00201,2024-08-23,lead
TCH0006499,CMP0030,CL00288,2024-06-10,impression
TCH0006500,CMP0030,CL00223,2024-05-13,lead
TCH0006501,CMP0030,CL00415,2024-07-17,impression
TCH0006502,CMP0030,CL00044,2024-08-24,click
TCH0006503,CMP0030,CL00182,2024-08-03,impression
TCH0006504,CMP0030,CL00287,2024-07-28,lead
TCH0006505,CMP0030,CL00081,2024-06-07,click
TCH0006506,CMP0030,CL00091,2024-06-01,lead
TCH0006507,CMP0030,CL00187,2024-08-18,impression
TCH0006508,CMP0030,CL00457,2024-07-07,click
TCH0006509,CMP0030,CL00247,2024-07-22,click
TCH0006510,CMP0030,CL00033,2024-05-22,impression
TCH0006511,CMP0030,CL00372,2024-06-13,click
TCH0006512,CMP0030,CL00112,2024-07-16,click
TCH0006513,CMP0030,CL00105,2024-08-25,conversion
TCH0006514,CMP0030,CL00054,2024-07-24,click
TCH0006515,CMP0030,CL00013,2024-08-05,click
TCH0006516,CMP0030,CL00359,2024-08-15,impression
TCH0006517,CMP0030,CL00420,2024-06-03,impression
TCH0006518,CMP0030,CL00489,2024-05-05,lead
TCH0006519,CMP0030,CL00166,2024-07-12,impression
TCH0006520,CMP0030,CL00085,2024-07-26,impression
TCH0006521,CMP0030,CL00426,2024-07-01,impression
TCH0006522,CMP0030,CL00402,2024-06-13,lead
TCH0006523,CMP0030,CL00239,2024-07-06,impression
TCH0006524,CMP0030,CL00210,2024-07-19,lead
TCH0006525,CMP0030,CL00305,2024-06-18,click
TCH0006526,CMP0030,CL00487,2024-07-14,lead
TCH0006527,CMP0030,CL00285,2024-05-20,impression
TCH0006528,CMP0030,CL00324,2024-05-10,impression
TCH0006529,CMP0030,CL00143,2024-06-25,impression
TCH0006530,CMP0030,CL00233,2024-08-24,impression
TCH0006531,CMP0030,CL00314,2024-07-17,click
TCH0006532,CMP0030,CL00108,2024-08-11,impression
TCH0006533,CMP0030,CL00227,2024-08-01,impression
TCH0006534,CMP0030,CL00321,2024-05-21,impression
TCH0006535,CMP0030,CL00394,2024-08-01,click
TCH0006536,CMP0030,CL00234,2024-08-16,lead
TCH0006537,CMP0030,CL00301,2024-07-07,click
TCH0006538,CMP0030,CL00411,2024-05-27,click
TCH0006539,CMP0030,CL00438,2024-07-19,lead
TCH0006540,CMP0030,CL00164,2024-08-28,click
TCH0006541,CMP0030,CL00393,2024-06-25,lead
TCH0006542,CMP0030,CL00018,2024-08-23,click
TCH0006543,CMP0030,CL00170,2024-08-26,impression
TCH0006544,CMP0030,CL00349,2024-06-17,impression
TCH0006545,CMP0030,CL00379,2024-06-05,impression
TCH0006546,CMP0030,CL00320,2024-06-20,impression
TCH0006547,CMP0030,CL00242,2024-05-31,click
TCH0006548,CMP0030,CL00218,2024-06-18,lead
TCH0006549,CMP0030,CL00228,2024-06-09,impression
TCH0006550,CMP0030,CL00177,2024-08-12,impression
TCH0006551,CMP0030,CL00219,2024-07-24,impression
TCH0006552,CMP0030,CL00042,2024-08-15,impression
TCH0006553,CMP0030,CL00045,2024-06-28,impression
TCH0006554,CMP0030,CL00090,2024-06-22,click
TCH0006555,CMP0030,CL00284,2024-05-07,impression
TCH0006556,CMP0030,CL00277,2024-06-28,click
TCH0006557,CMP0030,CL00370,2024-07-04,click
TCH0006558,CMP0030,CL00403,2024-08-09,impression
TCH0006559,CMP0030,CL00436,2024-08-11,lead
TCH0006560,CMP0030,CL00109,2024-05-08,lead
TCH0006561,CMP0030,CL00482,2024-08-31,click
TCH0006562,CMP0030,CL00475,2024-07-29,lead
TCH0006563,CMP0030,CL00291,2024-07-12,impression
TCH0006564,CMP0030,CL00318,2024-08-03,conversion
TCH0006565,CMP0030,CL00022,2024-05-23,lead
TCH0006566,CMP0030,CL00375,2024-05-15,click
TCH0006567,CMP0030,CL00311,2024-07-02,lead
TCH0006568,CMP0030,CL00360,2024-05-12,impression
TCH0006569,CMP0030,CL00408,2024-09-01,impression
TCH0006570,CMP0030,CL00048,2024-08-13,impression
TCH0006571,CMP0030,CL00213,2024-06-01,lead
TCH0006572,CMP0030,CL00129,2024-08-13,conversion
TCH0006573,CMP0030,CL00236,2024-05-24,lead
TCH0006574,CMP0030,CL00310,2024-07-17,impression
TCH0006575,CMP0030,CL00367,2024-06-20,impression
TCH0006576,CMP0030,CL00385,2024-08-03,lead
TCH0006577,CMP0030,CL00225,2024-08-03,lead
TCH0006578,CMP0030,CL00096,2024-05-28,impression
TCH0006579,CMP0030,CL00439,2024-09-01,click
TCH0006580,CMP0030,CL00206,2024-06-02,impression
TCH0006581,CMP0030,CL00407,2024-05-21,click
TCH0006582,CMP0030,CL00118,2024-08-31,impression
TCH0006583,CMP0030,CL00193,2024-08-18,impression
TCH0006584,CMP0030,CL00063,2024-05-31,impression
TCH0006585,CMP0030,CL00464,2024-06-30,impression
TCH0006586,CMP0030,CL00452,2024-07-27,click
TCH0006587,CMP0030,CL00171,2024-06-25,click
TCH0006588,CMP0030,CL00368,2024-08-24,impression
TCH0006589,CMP0030,CL00046,2024-08-15,impression
TCH0006590,CMP0030,CL00263,2024-07-01,click
TCH0006591,CMP0030,CL00256,2024-08-03,impression
TCH0006592,CMP0030,CL00441,2024-08-20,impression
TCH0006593,CMP0030,CL00267,2024-06-07,impression
TCH0006594,CMP0030,CL00499,2024-05-11,conversion
TCH0006595,CMP0030,CL00406,2024-05-25,impression
TCH0006596,CMP0030,CL00024,2024-07-13,lead
TCH0006597,CMP0030,CL00102,2024-08-10,impression
TCH0006598,CMP0030,CL00065,2024-05-08,impression
TCH0006599,CMP0030,CL00221,2024-08-23,lead
TCH0006600,CMP0030,CL00023,2024-05-10,click
TCH0006601,CMP0030,CL00312,2024-06-29,conversion
TCH0006602,CMP0030,CL00133,2024-08-08,lead
TCH0006603,CMP0030,CL00006,2024-08-08,conversion
TCH0006604,CMP0030,CL00174,2024-05-06,click
TCH0006605,CMP0030,CL00031,2024-05-24,impression
TCH0006606,CMP0030,CL00204,2024-08-08,impression
TCH0006607,CMP0030,CL00425,2024-08-18,impression
TCH0006608,CMP0030,CL00268,2024-08-10,lead
TCH0006609,CMP0030,CL00357,2024-08-22,impression
TCH0006610,CMP0030,CL00089,2024-08-18,click
TCH0006611,CMP0030,CL00141,2024-08-06,impression
TCH0006612,CMP0030,CL00497,2024-08-23,click
TCH0006613,CMP0030,CL00026,2024-07-26,impression
TCH0006614,CMP0030,CL00246,2024-06-05,impression
TCH0006615,CMP0030,CL00080,2024-08-07,click
TCH0006616,CMP0030,CL00440,2024-08-16,conversion
TCH0006617,CMP0030,CL00358,2024-05-11,impression
TCH0006618,CMP0030,CL00295,2024-07-08,click
TCH0006619,CMP0030,CL00104,2024-08-23,impression
TCH0006620,CMP0030,CL00299,2024-07-25,click
TCH0006621,CMP0030,CL00117,2024-06-14,lead
TCH0006622,CMP0030,CL00432,2024-05-12,impression
TCH0006623,CMP0030,CL00328,2024-07-15,lead
TCH0006624,CMP0030,CL00049,2024-07-14,click
TCH0006625,CMP0030,CL00248,2024-06-20,lead
TCH0006626,CMP0030,CL00106,2024-06-07,impression
TCH0006627,CMP0030,CL00381,2024-07-04,lead
TCH0006628,CMP0030,CL00157,2024-08-26,click
TCH0006629,CMP0030,CL00181,2024-07-19,click
TCH0006630,CMP0030,CL00346,2024-08-05,impression
TCH0006631,CMP0030,CL00165,2024-05-27,impression
TCH0006632,CMP0030,CL00071,2024-05-15,impression
TCH0006633,CMP0030,CL00192,2024-07-07,conversion
TCH0006634,CMP0030,CL00186,2024-05-10,click
TCH0006635,CMP0030,CL00335,2024-08-30,click
TCH0006636,CMP0030,CL00351,2024-08-09,lead
TCH0006637,CMP0030,CL00070,2024-05-10,conversion
TCH0006638,CMP0030,CL00207,2024-08-30,impression
TCH0006639,CMP0030,CL00066,2024-08-15,lead
TCH0006640,CMP0030,CL00078,2024-07-02,click
TCH0006641,CMP0030,CL00163,2024-08-08,conversion
TCH0006642,CMP0030,CL00298,2024-07-15,impression
TCH0006643,CMP0030,CL00056,2024-07-14,click
TCH0006644,CMP0030,CL00238,2024-06-04,impression
TCH0006645,CMP0030,CL00036,2024-07-15,lead
TCH0006646,CMP0030,CL00094,2024-08-20,impression
TCH0006647,CMP0030,CL00087,2024-05-17,impression
TCH0006648,CMP0030,CL00260,2024-08-21,conversion
TCH0006649,CMP0030,CL00422,2024-08-02,impression
TCH0006650,CMP0030,CL00101,2024-07-10,impression
TCH0006651,CMP0030,CL00215,2024-05-07,lead
TCH0006652,CMP0030,CL00447,2024-05-22,impression
TCH0006653,CMP0031,CL00247,2024-06-10,click
TCH0006654,CMP0031,CL00204,2024-05-16,lead
TCH0006655,CMP0031,CL00140,2024-05-23,conversion
TCH0006656,CMP0031,CL00165,2024-06-24,lead
TCH0006657,CMP0031,CL00243,2024-05-01,click
TCH0006658,CMP0031,CL00405,2024-05-12,conversion
TCH0006659,CMP0031,CL00271,2024-05-18,click
TCH0006660,CMP0031,CL00059,2024-06-24,impression
TCH0006661,CMP0031,CL00307,2024-05-31,click
TCH0006662,CMP0031,CL00424,2024-05-31,click
TCH0006663,CMP0031,CL00345,2024-05-20,impression
TCH0006664,CMP0031,CL00044,2024-05-02,impression
TCH0006665,CMP0031,CL00500,2024-06-21,click
TCH0006666,CMP0031,CL00294,2024-05-23,click
TCH0006667,CMP0031,CL00436,2024-05-21,click
TCH0006668,CMP0031,CL00287,2024-06-22,impression
TCH0006669,CMP0031,CL00119,2024-06-10,click
TCH0006670,CMP0031,CL00340,2024-06-07,conversion
TCH0006671,CMP0031,CL00071,2024-05-24,click
TCH0006672,CMP0031,CL00086,2024-05-13,conversion
TCH0006673,CMP0031,CL00069,2024-06-05,impression
TCH0006674,CMP0031,CL00123,2024-05-14,impression
TCH0006675,CMP0031,CL00274,2024-06-25,click
TCH0006676,CMP0031,CL00341,2024-06-17,impression
TCH0006677,CMP0031,CL00349,2024-05-22,impression
TCH0006678,CMP0031,CL00218,2024-05-26,lead
TCH0006679,CMP0031,CL00175,2024-05-21,impression
TCH0006680,CMP0031,CL00116,2024-06-18,impression
TCH0006681,CMP0031,CL00013,2024-06-09,click
TCH0006682,CMP0031,CL00181,2024-06-25,impression
TCH0006683,CMP0031,CL00094,2024-05-18,impression
TCH0006684,CMP0031,CL00332,2024-06-25,conversion
TCH0006685,CMP0031,CL00389,2024-06-16,impression
TCH0006686,CMP0031,CL00421,2024-05-10,impression
TCH0006687,CMP0031,CL00312,2024-06-15,lead
TCH0006688,CMP0031,CL00458,2024-05-25,click
TCH0006689,CMP0031,CL00472,2024-05-28,lead
TCH0006690,CMP0031,CL00055,2024-05-10,click
TCH0006691,CMP0031,CL00301,2024-06-19,lead
TCH0006692,CMP0031,CL00441,2024-06-09,conversion
TCH0006693,CMP0031,CL00096,2024-05-03,impression
TCH0006694,CMP0031,CL00219,2024-05-21,impression
TCH0006695,CMP0031,CL00205,2024-05-31,click
TCH0006696,CMP0031,CL00210,2024-06-03,impression
TCH0006697,CMP0031,CL00364,2024-05-13,impression
TCH0006698,CMP0031,CL00236,2024-06-09,lead
TCH0006699,CMP0031,CL00134,2024-05-03,impression
TCH0006700,CMP0031,CL00187,2024-06-02,lead
TCH0006701,CMP0031,CL00019,2024-06-12,impression
TCH0006702,CMP0031,CL00418,2024-06-19,impression
TCH0006703,CMP0031,CL00452,2024-06-21,impression
TCH0006704,CMP0031,CL00103,2024-06-19,lead
TCH0006705,CMP0031,CL00492,2024-05-23,impression
TCH0006706,CMP0031,CL00256,2024-06-09,lead
TCH0006707,CMP0031,CL00184,2024-06-12,click
TCH0006708,CMP0031,CL00313,2024-06-22,click
TCH0006709,CMP0031,CL00366,2024-06-02,conversion
TCH0006710,CMP0031,CL00267,2024-05-18,impression
TCH0006711,CMP0031,CL00379,2024-06-15,impression
TCH0006712,CMP0031,CL00237,2024-05-20,click
TCH0006713,CMP0031,CL00212,2024-05-04,impression
TCH0006714,CMP0031,CL00273,2024-05-19,impression
TCH0006715,CMP0031,CL00325,2024-06-20,impression
TCH0006716,CMP0031,CL00029,2024-06-17,impression
TCH0006717,CMP0031,CL00468,2024-06-25,conversion
TCH0006718,CMP0031,CL00169,2024-05-30,click
TCH0006719,CMP0031,CL00434,2024-05-29,lead
TCH0006720,CMP0031,CL00112,2024-06-01,lead
TCH0006721,CMP0031,CL00279,2024-06-27,click
TCH0006722,CMP0031,CL00164,2024-05-17,lead
TCH0006723,CMP0031,CL00255,2024-06-14,lead
TCH0006724,CMP0031,CL00058,2024-05-08,click
TCH0006725,CMP0031,CL00261,2024-05-08,impression
TCH0006726,CMP0031,CL00399,2024-05-11,click
TCH0006727,CMP0031,CL00490,2024-06-12,click
TCH0006728,CMP0031,CL00046,2024-05-09,impression
TCH0006729,CMP0031,CL00033,2024-05-11,impression
TCH0006730,CMP0031,CL00493,2024-05-04,impression
TCH0006731,CMP0031,CL00216,2024-06-06,click
TCH0006732,CMP0031,CL00254,2024-06-17,impression
TCH0006733,CMP0031,CL00006,2024-06-13,conversion
TCH0006734,CMP0031,CL00024,2024-06-25,click
TCH0006735,CMP0031,CL00153,2024-06-21,lead
TCH0006736,CMP0031,CL00208,2024-05-06,lead
TCH0006737,CMP0031,CL00269,2024-05-27,lead
TCH0006738,CMP0031,CL00443,2024-05-25,click
TCH0006739,CMP0031,CL00455,2024-06-28,impression
TCH0006740,CMP0031,CL00315,2024-06-11,impression
TCH0006741,CMP0031,CL00260,2024-05-10,click
TCH0006742,CMP0031,CL00297,2024-05-07,click
TCH0006743,CMP0031,CL00289,2024-05-04,lead
TCH0006744,CMP0031,CL00137,2024-05-26,impression
TCH0006745,CMP0031,CL00362,2024-06-11,impression
TCH0006746,CMP0031,CL00182,2024-05-01,impression
TCH0006747,CMP0031,CL00275,2024-06-26,lead
TCH0006748,CMP0031,CL00023,2024-06-02,impression
TCH0006749,CMP0031,CL00276,2024-05-24,lead
TCH0006750,CMP0031,CL00015,2024-05-01,click
TCH0006751,CMP0031,CL00486,2024-05-20,impression
TCH0006752,CMP0031,CL00084,2024-05-15,click
TCH0006753,CMP0031,CL00467,2024-05-15,lead
TCH0006754,CMP0031,CL00266,2024-06-26,click
TCH0006755,CMP0031,CL00168,2024-05-10,click
TCH0006756,CMP0031,CL00068,2024-06-18,impression
TCH0006757,CMP0031,CL00133,2024-06-16,lead
TCH0006758,CMP0031,CL00403,2024-05-04,click
TCH0006759,CMP0031,CL00383,2024-06-02,click
TCH0006760,CMP0031,CL00356,2024-06-19,lead
TCH0006761,CMP0031,CL00186,2024-06-26,lead
TCH0006762,CMP0031,CL00323,2024-05-11,click
TCH0006763,CMP0031,CL00155,2024-06-23,lead
TCH0006764,CMP0031,CL00480,2024-05-31,lead
TCH0006765,CMP0031,CL00376,2024-06-10,lead
TCH0006766,CMP0031,CL00413,2024-05-13,lead
TCH0006767,CMP0031,CL00078,2024-05-25,lead
TCH0006768,CMP0031,CL00079,2024-05-31,click
TCH0006769,CMP0031,CL00161,2024-06-22,conversion
TCH0006770,CMP0031,CL00402,2024-06-24,lead
TCH0006771,CMP0031,CL00040,2024-06-16,impression
TCH0006772,CMP0031,CL00097,2024-05-28,impression
TCH0006773,CMP0031,CL00049,2024-06-03,conversion
TCH0006774,CMP0031,CL00310,2024-05-07,conversion
TCH0006775,CMP0031,CL00478,2024-05-12,click
TCH0006776,CMP0031,CL00152,2024-06-17,impression
TCH0006777,CMP0031,CL00346,2024-05-14,click
TCH0006778,CMP0031,CL00375,2024-05-06,click
TCH0006779,CMP0031,CL00173,2024-05-31,conversion
TCH0006780,CMP0031,CL00118,2024-05-21,impression
TCH0006781,CMP0031,CL00085,2024-06-14,lead
TCH0006782,CMP0031,CL00104,2024-05-04,click
TCH0006783,CMP0031,CL00150,2024-06-12,lead
TCH0006784,CMP0031,CL00368,2024-06-26,impression
TCH0006785,CMP0031,CL00463,2024-06-27,click
TCH0006786,CMP0031,CL00193,2024-05-24,click
TCH0006787,CMP0031,CL00249,2024-05-26,click
TCH0006788,CMP0031,CL00211,2024-05-23,click
TCH0006789,CMP0031,CL00063,2024-05-01,lead
TCH0006790,CMP0031,CL00179,2024-06-02,impression
TCH0006791,CMP0031,CL00401,2024-06-09,impression
TCH0006792,CMP0031,CL00293,2024-06-16,click
TCH0006793,CMP0031,CL00004,2024-05-29,click
TCH0006794,CMP0031,CL00195,2024-05-25,click
TCH0006795,CMP0031,CL00143,2024-05-31,impression
TCH0006796,CMP0031,CL00440,2024-06-28,click
TCH0006797,CMP0031,CL00474,2024-06-21,click
TCH0006798,CMP0031,CL00291,2024-06-02,impression
TCH0006799,CMP0031,CL00215,2024-06-09,impression
TCH0006800,CMP0031,CL00484,2024-06-10,conversion
TCH0006801,CMP0031,CL00036,2024-06-19,impression
TCH0006802,CMP0031,CL00390,2024-05-24,impression
TCH0006803,CMP0031,CL00139,2024-06-27,impression
TCH0006804,CMP0031,CL00039,2024-05-24,impression
TCH0006805,CMP0031,CL00384,2024-06-22,click
TCH0006806,CMP0031,CL00224,2024-05-06,impression
TCH0006807,CMP0031,CL00437,2024-05-13,click
TCH0006808,CMP0031,CL00227,2024-06-05,lead
TCH0006809,CMP0031,CL00128,2024-05-10,impression
TCH0006810,CMP0031,CL00252,2024-06-06,click
TCH0006811,CMP0031,CL00106,2024-06-07,impression
TCH0006812,CMP0031,CL00284,2024-05-27,impression
TCH0006813,CMP0031,CL00010,2024-05-09,lead
TCH0006814,CMP0031,CL00432,2024-05-02,impression
TCH0006815,CMP0031,CL00060,2024-05-29,lead
TCH0006816,CMP0031,CL00100,2024-05-25,click
TCH0006817,CMP0031,CL00428,2024-06-29,impression
TCH0006818,CMP0031,CL00129,2024-05-27,click
TCH0006819,CMP0031,CL00065,2024-05-30,click
TCH0006820,CMP0031,CL00308,2024-06-03,click
TCH0006821,CMP0031,CL00404,2024-05-19,click
TCH0006822,CMP0031,CL00025,2024-05-16,impression
TCH0006823,CMP0031,CL00466,2024-06-07,click
TCH0006824,CMP0031,CL00479,2024-05-25,impression
TCH0006825,CMP0031,CL00072,2024-05-31,lead
TCH0006826,CMP0031,CL00225,2024-06-18,lead
TCH0006827,CMP0031,CL00217,2024-05-07,click
TCH0006828,CMP0031,CL00213,2024-05-18,click
TCH0006829,CMP0031,CL00144,2024-06-26,impression
TCH0006830,CMP0031,CL00329,2024-05-24,click
TCH0006831,CMP0031,CL00337,2024-06-18,impression
TCH0006832,CMP0031,CL00192,2024-05-23,lead
TCH0006833,CMP0031,CL00223,2024-06-02,impression
TCH0006834,CMP0031,CL00410,2024-05-19,lead
TCH0006835,CMP0031,CL00005,2024-05-10,click
TCH0006836,CMP0031,CL00427,2024-06-18,lead
TCH0006837,CMP0031,CL00319,2024-05-20,impression
TCH0006838,CMP0031,CL00174,2024-06-20,conversion
TCH0006839,CMP0031,CL00189,2024-05-10,impression
TCH0006840,CMP0031,CL00130,2024-05-28,impression
TCH0006841,CMP0031,CL00148,2024-05-18,click
TCH0006842,CMP0031,CL00159,2024-05-04,lead
TCH0006843,CMP0031,CL00394,2024-05-11,click
TCH0006844,CMP0031,CL00124,2024-05-16,click
TCH0006845,CMP0031,CL00431,2024-06-16,impression
TCH0006846,CMP0031,CL00305,2024-06-22,click
TCH0006847,CMP0031,CL00206,2024-05-12,click
TCH0006848,CMP0031,CL00070,2024-05-03,click
TCH0006849,CMP0031,CL00012,2024-06-10,click
TCH0006850,CMP0031,CL00163,2024-05-15,click
TCH0006851,CMP0031,CL00497,2024-05-29,lead
TCH0006852,CMP0031,CL00321,2024-06-14,impression
TCH0006853,CMP0031,CL00197,2024-05-21,conversion
TCH0006854,CMP0031,CL00151,2024-05-15,impression
TCH0006855,CMP0031,CL00232,2024-06-27,lead
TCH0006856,CMP0031,CL00051,2024-06-24,impression
TCH0006857,CMP0031,CL00077,2024-05-13,click
TCH0006858,CMP0031,CL00268,2024-06-13,lead
TCH0006859,CMP0031,CL00191,2024-05-25,click
TCH0006860,CMP0031,CL00082,2024-06-22,click
TCH0006861,CMP0031,CL00038,2024-06-08,impression
TCH0006862,CMP0031,CL00114,2024-06-28,impression
TCH0006863,CMP0031,CL00089,2024-05-18,click
TCH0006864,CMP0031,CL00147,2024-06-16,impression
TCH0006865,CMP0031,CL00258,2024-05-27,click
TCH0006866,CMP0031,CL00016,2024-06-20,conversion
TCH0006867,CMP0031,CL00422,2024-05-26,click
TCH0006868,CMP0031,CL00408,2024-05-31,click
TCH0006869,CMP0031,CL00343,2024-06-13,impression
TCH0006870,CMP0031,CL00154,2024-05-08,click
TCH0006871,CMP0032,CL00266,2024-04-23,impression
TCH0006872,CMP0032,CL00254,2024-06-26,click
TCH0006873,CMP0032,CL00203,2024-07-08,impression
TCH0006874,CMP0032,CL00238,2024-05-10,conversion
TCH0006875,CMP0032,CL00260,2024-05-17,conversion
TCH0006876,CMP0032,CL00363,2024-05-01,click
TCH0006877,CMP0032,CL00207,2024-04-23,click
TCH0006878,CMP0032,CL00463,2024-06-18,conversion
TCH0006879,CMP0032,CL00445,2024-06-09,conversion
TCH0006880,CMP0032,CL00267,2024-07-02,impression
TCH0006881,CMP0032,CL00318,2024-05-17,impression
TCH0006882,CMP0032,CL00349,2024-05-02,lead
TCH0006883,CMP0032,CL00278,2024-04-30,conversion
TCH0006884,CMP0032,CL00213,2024-06-14,click
TCH0006885,CMP0032,CL00214,2024-06-01,impression
TCH0006886,CMP0032,CL00411,2024-05-28,impression
TCH0006887,CMP0032,CL00323,2024-07-13,impression
TCH0006888,CMP0032,CL00268,2024-06-13,impression
TCH0006889,CMP0032,CL00227,2024-05-09,click
TCH0006890,CMP0032,CL00171,2024-06-18,click
TCH0006891,CMP0032,CL00343,2024-04-22,click
TCH0006892,CMP0032,CL00420,2024-06-02,impression
TCH0006893,CMP0032,CL00492,2024-06-07,click
TCH0006894,CMP0032,CL00120,2024-05-19,click
TCH0006895,CMP0032,CL00161,2024-06-13,impression
TCH0006896,CMP0032,CL00141,2024-04-28,lead
TCH0006897,CMP0032,CL00285,2024-05-10,impression
TCH0006898,CMP0032,CL00419,2024-04-20,lead
TCH0006899,CMP0032,CL00062,2024-07-16,impression
TCH0006900,CMP0032,CL00310,2024-06-24,impression
TCH0006901,CMP0032,CL00224,2024-05-04,lead
TCH0006902,CMP0032,CL00180,2024-07-09,impression
TCH0006903,CMP0032,CL00056,2024-06-25,impression
TCH0006904,CMP0032,CL00228,2024-06-18,conversion
TCH0006905,CMP0032,CL00288,2024-07-12,impression
TCH0006906,CMP0032,CL00127,2024-06-23,click
TCH0006907,CMP0032,CL00329,2024-07-12,click
TCH0006908,CMP0032,CL00379,2024-06-15,click
TCH0006909,CMP0032,CL00485,2024-05-04,lead
TCH0006910,CMP0032,CL00137,2024-06-07,click
TCH0006911,CMP0032,CL00185,2024-05-12,impression
TCH0006912,CMP0032,CL00079,2024-05-18,click
TCH0006913,CMP0032,CL00039,2024-06-08,impression
TCH0006914,CMP0032,CL00006,2024-06-11,impression
TCH0006915,CMP0032,CL00042,2024-06-20,impression
TCH0006916,CMP0032,CL00290,2024-06-23,impression
TCH0006917,CMP0032,CL00486,2024-05-26,conversion
TCH0006918,CMP0032,CL00490,2024-05-19,impression
TCH0006919,CMP0032,CL00219,2024-04-27,impression
TCH0006920,CMP0032,CL00372,2024-05-20,impression
TCH0006921,CMP0032,CL00010,2024-07-05,impression
TCH0006922,CMP0032,CL00110,2024-05-17,impression
TCH0006923,CMP0032,CL00076,2024-05-30,impression
TCH0006924,CMP0032,CL00064,2024-06-01,lead
TCH0006925,CMP0032,CL00138,2024-06-16,impression
TCH0006926,CMP0032,CL00493,2024-05-02,click
TCH0006927,CMP0032,CL00342,2024-06-06,lead
TCH0006928,CMP0032,CL00070,2024-06-24,impression
TCH0006929,CMP0032,CL00473,2024-06-30,click
TCH0006930,CMP0032,CL00497,2024-05-22,impression
TCH0006931,CMP0032,CL00129,2024-07-01,click
TCH0006932,CMP0032,CL00442,2024-05-07,impression
TCH0006933,CMP0032,CL00028,2024-07-10,impression
TCH0006934,CMP0032,CL00181,2024-05-20,click
TCH0006935,CMP0032,CL00188,2024-06-07,impression
TCH0006936,CMP0032,CL00265,2024-05-01,impression
TCH0006937,CMP0032,CL00167,2024-04-27,lead
TCH0006938,CMP0032,CL00385,2024-06-20,impression
TCH0006939,CMP0032,CL00243,2024-06-16,conversion
TCH0006940,CMP0032,CL00335,2024-07-17,click
TCH0006941,CMP0032,CL00073,2024-04-23,click
TCH0006942,CMP0032,CL00400,2024-06-07,impression
TCH0006943,CMP0032,CL00054,2024-07-11,impression
TCH0006944,CMP0032,CL00046,2024-06-30,click
TCH0006945,CMP0032,CL00298,2024-06-01,impression
TCH0006946,CMP0032,CL00204,2024-07-03,click
TCH0006947,CMP0032,CL00391,2024-05-18,impression
TCH0006948,CMP0032,CL00398,2024-05-06,click
TCH0006949,CMP0032,CL00412,2024-05-17,impression
TCH0006950,CMP0032,CL00364,2024-06-18,conversion
TCH0006951,CMP0032,CL00036,2024-06-24,click
TCH0006952,CMP0032,CL00409,2024-07-01,click
TCH0006953,CMP0032,CL00018,2024-04-29,click
TCH0006954,CMP0032,CL00405,2024-04-29,click
TCH0006955,CMP0032,CL00252,2024-06-02,impression
TCH0006956,CMP0032,CL00234,2024-07-07,click
TCH0006957,CMP0032,CL00172,2024-06-25,click
TCH0006958,CMP0032,CL00482,2024-05-24,impression
TCH0006959,CMP0032,CL00139,2024-07-01,click
TCH0006960,CMP0032,CL00474,2024-04-25,impression
TCH0006961,CMP0032,CL00327,2024-05-08,impression
TCH0006962,CMP0032,CL00293,2024-06-11,click
TCH0006963,CMP0032,CL00247,2024-07-08,click
TCH0006964,CMP0032,CL00319,2024-05-28,conversion
TCH0006965,CMP0032,CL00119,2024-05-20,click
TCH0006966,CMP0032,CL00155,2024-06-10,lead
TCH0006967,CMP0032,CL00007,2024-06-21,impression
TCH0006968,CMP0032,CL00106,2024-06-06,click
TCH0006969,CMP0032,CL00103,2024-06-02,click
TCH0006970,CMP0032,CL00287,2024-06-06,impression
TCH0006971,CMP0032,CL00089,2024-07-12,lead
TCH0006972,CMP0032,CL00196,2024-05-04,lead
TCH0006973,CMP0032,CL00105,2024-06-07,click
TCH0006974,CMP0032,CL00152,2024-06-05,conversion
TCH0006975,CMP0032,CL00483,2024-05-05,impression
TCH0006976,CMP0032,CL00438,2024-05-14,conversion
TCH0006977,CMP0032,CL00173,2024-06-28,impression
TCH0006978,CMP0032,CL00246,2024-06-26,conversion
TCH0006979,CMP0032,CL00500,2024-06-19,lead
TCH0006980,CMP0032,CL00376,2024-06-11,click
TCH0006981,CMP0032,CL00472,2024-06-09,lead
TCH0006982,CMP0032,CL00378,2024-07-03,lead
TCH0006983,CMP0032,CL00307,2024-05-19,lead
TCH0006984,CMP0032,CL00443,2024-05-21,click
TCH0006985,CMP0032,CL00346,2024-07-14,lead
TCH0006986,CMP0032,CL00195,2024-07-04,impression
TCH0006987,CMP0032,CL00454,2024-05-02,click
TCH0006988,CMP0032,CL00104,2024-06-11,lead
TCH0006989,CMP0032,CL00149,2024-06-13,lead
TCH0006990,CMP0032,CL00198,2024-07-05,lead
TCH0006991,CMP0032,CL00304,2024-07-02,impression
TCH0006992,CMP0032,CL00467,2024-06-07,click
TCH0006993,CMP0032,CL00353,2024-07-10,click
TCH0006994,CMP0032,CL00345,2024-04-27,impression
TCH0006995,CMP0032,CL00091,2024-05-19,click
TCH0006996,CMP0032,CL00413,2024-05-16,conversion
TCH0006997,CMP0032,CL00049,2024-07-12,lead
TCH0006998,CMP0032,CL00013,2024-06-30,lead
TCH0006999,CMP0032,CL00426,2024-05-08,click
TCH0007000,CMP0032,CL00230,2024-07-07,click
TCH0007001,CMP0032,CL00495,2024-05-25,click
TCH0007002,CMP0032,CL00294,2024-04-27,lead
TCH0007003,CMP0032,CL00086,2024-06-16,impression
TCH0007004,CMP0032,CL00075,2024-06-04,lead
TCH0007005,CMP0032,CL00433,2024-07-05,impression
TCH0007006,CMP0032,CL00128,2024-04-27,impression
TCH0007007,CMP0032,CL00177,2024-07-17,click
TCH0007008,CMP0032,CL00434,2024-06-07,impression
TCH0007009,CMP0032,CL00479,2024-07-11,click
TCH0007010,CMP0032,CL00150,2024-07-08,impression
TCH0007011,CMP0032,CL00135,2024-06-30,click
TCH0007012,CMP0032,CL00083,2024-07-06,lead
TCH0007013,CMP0032,CL00377,2024-06-10,lead
TCH0007014,CMP0032,CL00305,2024-07-04,click
TCH0007015,CMP0032,CL00210,2024-06-10,impression
TCH0007016,CMP0033,CL00164,2025-11-23,click
TCH0007017,CMP0033,CL00339,2025-10-12,lead
TCH0007018,CMP0033,CL00076,2025-10-04,lead
TCH0007019,CMP0033,CL00248,2025-10-17,click
TCH0007020,CMP0033,CL00010,2025-11-13,lead
TCH0007021,CMP0033,CL00024,2025-10-26,lead
TCH0007022,CMP0033,CL00492,2025-11-14,click
TCH0007023,CMP0033,CL00191,2025-10-10,click
TCH0007024,CMP0033,CL00325,2025-09-30,lead
TCH0007025,CMP0033,CL00060,2025-10-06,impression
TCH0007026,CMP0033,CL00206,2025-11-03,impression
TCH0007027,CMP0033,CL00046,2025-11-25,click
TCH0007028,CMP0033,CL00126,2025-11-19,conversion
TCH0007029,CMP0033,CL00035,2025-10-17,click
TCH0007030,CMP0033,CL00207,2025-10-17,impression
TCH0007031,CMP0033,CL00384,2025-11-11,impression
TCH0007032,CMP0033,CL00179,2025-10-02,click
TCH0007033,CMP0033,CL00337,2025-11-17,lead
TCH0007034,CMP0033,CL00189,2025-11-19,lead
TCH0007035,CMP0033,CL00099,2025-10-01,impression
TCH0007036,CMP0033,CL00187,2025-11-20,impression
TCH0007037,CMP0033,CL00037,2025-11-10,impression
TCH0007038,CMP0033,CL00227,2025-10-03,impression
TCH0007039,CMP0033,CL00052,2025-11-09,lead
TCH0007040,CMP0033,CL00378,2025-10-28,impression
TCH0007041,CMP0033,CL00456,2025-10-23,conversion
TCH0007042,CMP0033,CL00429,2025-10-03,click
TCH0007043,CMP0033,CL00314,2025-10-29,click
TCH0007044,CMP0033,CL00432,2025-11-02,impression
TCH0007045,CMP0033,CL00416,2025-10-13,click
TCH0007046,CMP0033,CL00476,2025-11-10,click
TCH0007047,CMP0033,CL00022,2025-10-31,conversion
TCH0007048,CMP0033,CL00478,2025-11-26,lead
TCH0007049,CMP0033,CL00056,2025-10-24,impression
TCH0007050,CMP0033,CL00036,2025-11-25,click
TCH0007051,CMP0033,CL00198,2025-10-13,click
TCH0007052,CMP0033,CL00488,2025-11-19,lead
TCH0007053,CMP0033,CL00343,2025-10-13,click
TCH0007054,CMP0033,CL00096,2025-10-10,impression
TCH0007055,CMP0033,CL00041,2025-11-20,impression
TCH0007056,CMP0033,CL00310,2025-10-16,impression
TCH0007057,CMP0033,CL00287,2025-11-08,impression
TCH0007058,CMP0033,CL00038,2025-10-07,click
TCH0007059,CMP0033,CL00442,2025-10-13,click
TCH0007060,CMP0033,CL00232,2025-10-26,lead
TCH0007061,CMP0033,CL00440,2025-10-31,click
TCH0007062,CMP0033,CL00422,2025-11-13,impression
TCH0007063,CMP0033,CL00401,2025-09-29,conversion
TCH0007064,CMP0033,CL00127,2025-10-16,click
TCH0007065,CMP0033,CL00376,2025-10-21,impression
TCH0007066,CMP0033,CL00129,2025-10-03,lead
TCH0007067,CMP0033,CL00209,2025-10-23,impression
TCH0007068,CMP0033,CL00184,2025-10-05,conversion
TCH0007069,CMP0033,CL00326,2025-10-26,conversion
TCH0007070,CMP0033,CL00161,2025-11-06,impression
TCH0007071,CMP0033,CL00445,2025-10-31,lead
TCH0007072,CMP0033,CL00359,2025-11-23,click
TCH0007073,CMP0033,CL00369,2025-10-14,conversion
TCH0007074,CMP0033,CL00032,2025-11-25,impression
TCH0007075,CMP0033,CL00385,2025-11-08,click
TCH0007076,CMP0033,CL00226,2025-10-07,conversion
TCH0007077,CMP0033,CL00114,2025-09-29,impression
TCH0007078,CMP0033,CL00064,2025-10-24,click
TCH0007079,CMP0033,CL00172,2025-11-24,click
TCH0007080,CMP0033,CL00336,2025-10-05,click
TCH0007081,CMP0033,CL00216,2025-11-08,click
TCH0007082,CMP0033,CL00237,2025-10-30,click
TCH0007083,CMP0033,CL00454,2025-11-03,lead
TCH0007084,CMP0033,CL00357,2025-11-23,click
TCH0007085,CMP0033,CL00192,2025-11-02,impression
TCH0007086,CMP0033,CL00249,2025-10-28,impression
TCH0007087,CMP0033,CL00118,2025-11-13,conversion
TCH0007088,CMP0033,CL00500,2025-11-19,click
TCH0007089,CMP0033,CL00159,2025-11-09,impression
TCH0007090,CMP0033,CL00200,2025-10-09,click
TCH0007091,CMP0033,CL00025,2025-11-13,impression
TCH0007092,CMP0033,CL00042,2025-11-04,click
TCH0007093,CMP0033,CL00246,2025-10-15,impression
TCH0007094,CMP0033,CL00105,2025-11-25,impression
TCH0007095,CMP0033,CL00354,2025-11-10,lead
TCH0007096,CMP0033,CL00412,2025-11-14,click
TCH0007097,CMP0033,CL00003,2025-11-21,impression
TCH0007098,CMP0033,CL00460,2025-10-28,click
TCH0007099,CMP0033,CL00426,2025-11-21,impression
TCH0007100,CMP0033,CL00356,2025-11-26,lead
TCH0007101,CMP0033,CL00208,2025-11-25,conversion
TCH0007102,CMP0033,CL00258,2025-11-15,lead
TCH0007103,CMP0033,CL00197,2025-11-18,lead
TCH0007104,CMP0033,CL00433,2025-11-14,lead
TCH0007105,CMP0033,CL00353,2025-10-01,impression
TCH0007106,CMP0033,CL00259,2025-10-11,click
TCH0007107,CMP0033,CL00367,2025-10-30,impression
TCH0007108,CMP0033,CL00137,2025-10-28,click
TCH0007109,CMP0033,CL00023,2025-10-25,lead
TCH0007110,CMP0033,CL00194,2025-11-25,impression
TCH0007111,CMP0033,CL00285,2025-10-13,click
TCH0007112,CMP0033,CL00006,2025-11-13,click
TCH0007113,CMP0033,CL00483,2025-11-17,impression
TCH0007114,CMP0033,CL00282,2025-11-11,click
TCH0007115,CMP0033,CL00311,2025-11-05,impression
TCH0007116,CMP0033,CL00381,2025-11-25,impression
TCH0007117,CMP0033,CL00007,2025-11-17,lead
TCH0007118,CMP0033,CL00058,2025-11-26,impression
TCH0007119,CMP0033,CL00097,2025-10-06,impression
TCH0007120,CMP0033,CL00312,2025-10-14,impression
TCH0007121,CMP0033,CL00028,2025-10-01,impression
TCH0007122,CMP0033,CL00113,2025-11-07,impression
TCH0007123,CMP0033,CL00457,2025-11-20,lead
TCH0007124,CMP0033,CL00315,2025-11-04,lead
TCH0007125,CMP0033,CL00091,2025-10-20,click
TCH0007126,CMP0033,CL00453,2025-09-29,lead
TCH0007127,CMP0033,CL00245,2025-10-02,impression
TCH0007128,CMP0033,CL00217,2025-11-09,click
TCH0007129,CMP0033,CL00272,2025-11-18,impression
TCH0007130,CMP0033,CL00400,2025-11-01,impression
TCH0007131,CMP0033,CL00077,2025-10-21,lead
TCH0007132,CMP0034,CL00125,2024-02-27,impression
TCH0007133,CMP0034,CL00410,2024-02-17,click
TCH0007134,CMP0034,CL00169,2024-01-25,click
TCH0007135,CMP0034,CL00059,2024-01-28,lead
TCH0007136,CMP0034,CL00021,2024-02-21,click
TCH0007137,CMP0034,CL00112,2024-02-24,lead
TCH0007138,CMP0034,CL00354,2024-02-17,lead
TCH0007139,CMP0034,CL00095,2024-03-18,lead
TCH0007140,CMP0034,CL00032,2024-02-23,impression
TCH0007141,CMP0034,CL00433,2024-01-30,impression
TCH0007142,CMP0034,CL00117,2024-02-18,impression
TCH0007143,CMP0034,CL00442,2024-01-28,impression
TCH0007144,CMP0034,CL00147,2024-02-04,lead
TCH0007145,CMP0034,CL00381,2024-02-27,impression
TCH0007146,CMP0034,CL00150,2024-02-14,impression
TCH0007147,CMP0034,CL00415,2024-03-09,impression
TCH0007148,CMP0034,CL00347,2024-01-31,impression
TCH0007149,CMP0034,CL00365,2024-02-14,click
TCH0007150,CMP0034,CL00323,2024-02-01,click
TCH0007151,CMP0034,CL00259,2024-01-28,impression
TCH0007152,CMP0034,CL00406,2024-03-01,impression
TCH0007153,CMP0034,CL00151,2024-03-16,impression
TCH0007154,CMP0034,CL00142,2024-01-22,click
TCH0007155,CMP0034,CL00270,2024-03-06,impression
TCH0007156,CMP0034,CL00069,2024-03-13,click
TCH0007157,CMP0034,CL00001,2024-01-28,click
TCH0007158,CMP0034,CL00246,2024-01-31,conversion
TCH0007159,CMP0034,CL00005,2024-02-24,impression
TCH0007160,CMP0034,CL00304,2024-02-16,click
TCH0007161,CMP0034,CL00189,2024-01-21,impression
TCH0007162,CMP0034,CL00253,2024-02-03,impression
TCH0007163,CMP0034,CL00392,2024-03-07,conversion
TCH0007164,CMP0034,CL00500,2024-01-21,click
TCH0007165,CMP0034,CL00353,2024-02-25,impression
TCH0007166,CMP0034,CL00380,2024-03-05,impression
TCH0007167,CMP0034,CL00318,2024-02-16,impression
TCH0007168,CMP0034,CL00248,2024-01-26,click
TCH0007169,CMP0034,CL00206,2024-02-11,impression
TCH0007170,CMP0034,CL00337,2024-02-19,lead
TCH0007171,CMP0034,CL00302,2024-02-28,click
TCH0007172,CMP0034,CL00469,2024-01-31,impression
TCH0007173,CMP0034,CL00170,2024-03-09,impression
TCH0007174,CMP0034,CL00371,2024-03-15,lead
TCH0007175,CMP0034,CL00242,2024-03-04,lead
TCH0007176,CMP0034,CL00258,2024-03-19,impression
TCH0007177,CMP0034,CL00443,2024-01-30,lead
TCH0007178,CMP0034,CL00368,2024-03-17,click
TCH0007179,CMP0034,CL00400,2024-01-20,impression
TCH0007180,CMP0034,CL00407,2024-02-03,impression
TCH0007181,CMP0034,CL00476,2024-03-18,lead
TCH0007182,CMP0034,CL00003,2024-03-05,impression
TCH0007183,CMP0034,CL00459,2024-03-07,conversion
TCH0007184,CMP0034,CL00106,2024-01-31,impression
TCH0007185,CMP0034,CL00297,2024-02-27,impression
TCH0007186,CMP0034,CL00352,2024-02-09,impression
TCH0007187,CMP0034,CL00132,2024-02-24,lead
TCH0007188,CMP0034,CL00467,2024-01-28,lead
TCH0007189,CMP0034,CL00281,2024-03-16,lead
TCH0007190,CMP0034,CL00009,2024-02-24,impression
TCH0007191,CMP0034,CL00490,2024-03-09,lead
TCH0007192,CMP0034,CL00417,2024-02-17,impression
TCH0007193,CMP0034,CL00134,2024-02-26,impression
TCH0007194,CMP0034,CL00349,2024-01-30,click
TCH0007195,CMP0034,CL00184,2024-02-10,impression
TCH0007196,CMP0034,CL00013,2024-03-15,click
TCH0007197,CMP0034,CL00312,2024-01-24,click
TCH0007198,CMP0034,CL00453,2024-03-09,lead
TCH0007199,CMP0034,CL00419,2024-01-21,conversion
TCH0007200,CMP0034,CL00375,2024-01-28,conversion
TCH0007201,CMP0034,CL00215,2024-03-09,impression
TCH0007202,CMP0034,CL00326,2024-02-21,impression
TCH0007203,CMP0034,CL00042,2024-01-22,impression
TCH0007204,CMP0034,CL00403,2024-02-23,impression
TCH0007205,CMP0034,CL00261,2024-03-17,click
TCH0007206,CMP0034,CL00374,2024-03-15,impression
TCH0007207,CMP0034,CL00322,2024-03-08,click
TCH0007208,CMP0034,CL00278,2024-02-13,lead
TCH0007209,CMP0034,CL00036,2024-02-06,click
TCH0007210,CMP0034,CL00303,2024-02-21,click
TCH0007211,CMP0034,CL00060,2024-02-17,click
TCH0007212,CMP0034,CL00320,2024-03-12,conversion
TCH0007213,CMP0034,CL00324,2024-02-29,impression
TCH0007214,CMP0034,CL00434,2024-02-16,conversion
TCH0007215,CMP0034,CL00051,2024-03-14,click
TCH0007216,CMP0034,CL00072,2024-02-05,click
TCH0007217,CMP0034,CL00275,2024-01-21,lead
TCH0007218,CMP0034,CL00295,2024-02-15,click
TCH0007219,CMP0034,CL00478,2024-03-18,conversion
TCH0007220,CMP0034,CL00050,2024-01-26,impression
TCH0007221,CMP0034,CL00284,2024-02-06,lead
TCH0007222,CMP0034,CL00065,2024-01-27,click
TCH0007223,CMP0034,CL00321,2024-01-22,click
TCH0007224,CMP0034,CL00331,2024-03-04,lead
TCH0007225,CMP0034,CL00474,2024-03-15,lead
TCH0007226,CMP0034,CL00027,2024-03-16,impression
TCH0007227,CMP0034,CL00492,2024-02-25,lead
TCH0007228,CMP0034,CL00196,2024-01-27,impression
TCH0007229,CMP0034,CL00076,2024-02-08,impression
TCH0007230,CMP0034,CL00146,2024-02-21,click
TCH0007231,CMP0034,CL00385,2024-02-05,conversion
TCH0007232,CMP0034,CL00377,2024-01-22,impression
TCH0007233,CMP0034,CL00216,2024-02-02,conversion
TCH0007234,CMP0034,CL00074,2024-02-13,impression
TCH0007235,CMP0034,CL00098,2024-01-31,lead
TCH0007236,CMP0034,CL00174,2024-01-20,impression
TCH0007237,CMP0034,CL00228,2024-01-29,lead
TCH0007238,CMP0034,CL00384,2024-02-18,conversion
TCH0007239,CMP0034,CL00148,2024-01-28,impression
TCH0007240,CMP0034,CL00087,2024-03-14,impression
TCH0007241,CMP0034,CL00330,2024-02-01,impression
TCH0007242,CMP0034,CL00425,2024-01-23,impression
TCH0007243,CMP0034,CL00272,2024-02-20,impression
TCH0007244,CMP0034,CL00491,2024-02-06,lead
TCH0007245,CMP0034,CL00017,2024-02-13,impression
TCH0007246,CMP0034,CL00043,2024-01-26,impression
TCH0007247,CMP0034,CL00219,2024-02-19,click
TCH0007248,CMP0034,CL00306,2024-03-06,conversion
TCH0007249,CMP0034,CL00028,2024-01-27,impression
TCH0007250,CMP0034,CL00260,2024-03-07,impression
TCH0007251,CMP0034,CL00484,2024-03-17,lead
TCH0007252,CMP0034,CL00126,2024-02-12,lead
TCH0007253,CMP0034,CL00048,2024-02-26,lead
TCH0007254,CMP0034,CL00411,2024-01-28,click
TCH0007255,CMP0034,CL00282,2024-03-16,lead
TCH0007256,CMP0034,CL00336,2024-02-23,click
TCH0007257,CMP0034,CL00063,2024-03-06,lead
TCH0007258,CMP0034,CL00256,2024-03-04,click
TCH0007259,CMP0034,CL00111,2024-02-12,click
TCH0007260,CMP0034,CL00408,2024-03-03,impression
TCH0007261,CMP0034,CL00078,2024-03-19,conversion
TCH0007262,CMP0034,CL00240,2024-03-16,lead
TCH0007263,CMP0034,CL00342,2024-02-21,click
TCH0007264,CMP0034,CL00327,2024-02-04,impression
TCH0007265,CMP0034,CL00457,2024-01-23,conversion
TCH0007266,CMP0034,CL00438,2024-03-08,conversion
TCH0007267,CMP0034,CL00398,2024-02-19,click
TCH0007268,CMP0034,CL00194,2024-02-03,impression
TCH0007269,CMP0034,CL00451,2024-01-25,lead
TCH0007270,CMP0034,CL00218,2024-03-17,impression
TCH0007271,CMP0034,CL00409,2024-01-25,lead
TCH0007272,CMP0034,CL00366,2024-02-08,click
TCH0007273,CMP0034,CL00066,2024-02-22,impression
TCH0007274,CMP0034,CL00247,2024-02-04,click
TCH0007275,CMP0034,CL00198,2024-03-05,conversion
TCH0007276,CMP0034,CL00481,2024-02-07,conversion
TCH0007277,CMP0034,CL00249,2024-01-31,impression
TCH0007278,CMP0034,CL00329,2024-03-10,impression
TCH0007279,CMP0034,CL00286,2024-02-10,impression
TCH0007280,CMP0034,CL00120,2024-02-03,click
TCH0007281,CMP0034,CL00360,2024-01-21,impression
TCH0007282,CMP0034,CL00428,2024-03-16,click
TCH0007283,CMP0034,CL00498,2024-02-04,click
TCH0007284,CMP0034,CL00296,2024-03-02,lead
TCH0007285,CMP0034,CL00257,2024-02-14,impression
TCH0007286,CMP0034,CL00495,2024-01-23,impression
TCH0007287,CMP0034,CL00014,2024-01-28,lead
TCH0007288,CMP0034,CL00436,2024-03-03,lead
TCH0007289,CMP0034,CL00089,2024-03-02,click
TCH0007290,CMP0034,CL00418,2024-01-25,click
TCH0007291,CMP0034,CL00414,2024-03-15,click
TCH0007292,CMP0034,CL00343,2024-02-19,click
TCH0007293,CMP0034,CL00004,2024-03-06,conversion
TCH0007294,CMP0034,CL00396,2024-01-28,lead
TCH0007295,CMP0034,CL00455,2024-01-28,click
TCH0007296,CMP0034,CL00002,2024-02-19,impression
TCH0007297,CMP0034,CL00426,2024-02-04,impression
TCH0007298,CMP0034,CL00483,2024-01-28,impression
TCH0007299,CMP0034,CL00175,2024-03-14,click
TCH0007300,CMP0034,CL00053,2024-01-31,impression
TCH0007301,CMP0034,CL00154,2024-03-17,impression
TCH0007302,CMP0034,CL00450,2024-03-19,impression
TCH0007303,CMP0034,CL00264,2024-02-06,impression
TCH0007304,CMP0034,CL00110,2024-01-25,lead
TCH0007305,CMP0034,CL00499,2024-03-17,click
TCH0007306,CMP0034,CL00357,2024-02-08,click
TCH0007307,CMP0034,CL00399,2024-03-01,conversion
TCH0007308,CMP0034,CL00084,2024-02-26,lead
TCH0007309,CMP0034,CL00101,2024-03-18,impression
TCH0007310,CMP0034,CL00308,2024-01-21,click
TCH0007311,CMP0034,CL00139,2024-03-13,impression
TCH0007312,CMP0034,CL00310,2024-01-21,click
TCH0007313,CMP0034,CL00010,2024-01-30,impression
TCH0007314,CMP0034,CL00018,2024-02-14,impression
TCH0007315,CMP0034,CL00485,2024-01-25,click
TCH0007316,CMP0034,CL00115,2024-02-20,click
TCH0007317,CMP0034,CL00267,2024-01-21,lead
TCH0007318,CMP0034,CL00427,2024-03-04,impression
TCH0007319,CMP0034,CL00030,2024-03-19,impression
TCH0007320,CMP0034,CL00340,2024-03-04,conversion
TCH0007321,CMP0034,CL00208,2024-02-14,impression
TCH0007322,CMP0034,CL00166,2024-01-27,click
TCH0007323,CMP0034,CL00470,2024-02-04,click
TCH0007324,CMP0034,CL00307,2024-02-11,click
TCH0007325,CMP0034,CL00265,2024-02-14,lead
TCH0007326,CMP0034,CL00187,2024-02-02,lead
TCH0007327,CMP0034,CL00068,2024-03-13,conversion
TCH0007328,CMP0034,CL00217,2024-03-05,impression
TCH0007329,CMP0034,CL00212,2024-03-03,conversion
TCH0007330,CMP0034,CL00289,2024-02-07,impression
TCH0007331,CMP0034,CL00203,2024-01-28,click
TCH0007332,CMP0034,CL00157,2024-03-19,lead
TCH0007333,CMP0034,CL00107,2024-02-06,lead
TCH0007334,CMP0034,CL00339,2024-01-21,click
TCH0007335,CMP0034,CL00251,2024-02-08,impression
TCH0007336,CMP0034,CL00071,2024-02-18,lead
TCH0007337,CMP0034,CL00026,2024-02-26,impression
TCH0007338,CMP0034,CL00061,2024-03-03,click
TCH0007339,CMP0034,CL00199,2024-01-28,impression
TCH0007340,CMP0034,CL00204,2024-02-22,click
TCH0007341,CMP0034,CL00041,2024-02-18,click
TCH0007342,CMP0034,CL00262,2024-01-30,conversion
TCH0007343,CMP0034,CL00223,2024-03-05,lead
TCH0007344,CMP0034,CL00388,2024-01-27,click
TCH0007345,CMP0034,CL00102,2024-03-17,impression
TCH0007346,CMP0034,CL00244,2024-03-19,click
TCH0007347,CMP0034,CL00454,2024-03-10,lead
TCH0007348,CMP0034,CL00124,2024-02-12,impression
TCH0007349,CMP0034,CL00173,2024-03-01,click
TCH0007350,CMP0034,CL00149,2024-01-29,impression
TCH0007351,CMP0034,CL00081,2024-03-19,conversion
TCH0007352,CMP0034,CL00404,2024-02-26,click
TCH0007353,CMP0034,CL00077,2024-03-19,lead
TCH0007354,CMP0034,CL00351,2024-02-15,lead
TCH0007355,CMP0034,CL00420,2024-02-05,click
TCH0007356,CMP0034,CL00195,2024-02-17,lead
TCH0007357,CMP0034,CL00029,2024-02-28,click
TCH0007358,CMP0034,CL00466,2024-02-27,impression
TCH0007359,CMP0034,CL00482,2024-01-22,conversion
TCH0007360,CMP0034,CL00252,2024-01-26,click
TCH0007361,CMP0034,CL00345,2024-02-19,click
TCH0007362,CMP0034,CL00316,2024-02-07,impression
TCH0007363,CMP0034,CL00057,2024-02-03,lead
TCH0007364,CMP0034,CL00015,2024-03-08,impression
TCH0007365,CMP0034,CL00497,2024-02-07,click
TCH0007366,CMP0034,CL00448,2024-03-04,impression
TCH0007367,CMP0034,CL00423,2024-01-29,impression
TCH0007368,CMP0034,CL00496,2024-01-25,lead
TCH0007369,CMP0034,CL00325,2024-02-14,impression
TCH0007370,CMP0034,CL00305,2024-03-04,impression
TCH0007371,CMP0034,CL00341,2024-02-10,click
TCH0007372,CMP0034,CL00159,2024-01-30,conversion
TCH0007373,CMP0034,CL00075,2024-02-28,impression
TCH0007374,CMP0034,CL00200,2024-02-05,lead
TCH0007375,CMP0034,CL00317,2024-03-05,impression
TCH0007376,CMP0034,CL00435,2024-03-02,click
TCH0007377,CMP0034,CL00097,2024-01-31,click
TCH0007378,CMP0034,CL00480,2024-02-20,click
TCH0007379,CMP0034,CL00088,2024-01-20,click
TCH0007380,CMP0034,CL00405,2024-02-03,impression
TCH0007381,CMP0034,CL00422,2024-02-29,lead
TCH0007382,CMP0034,CL00266,2024-02-19,lead
TCH0007383,CMP0034,CL00283,2024-03-08,lead
TCH0007384,CMP0034,CL00314,2024-02-20,impression
TCH0007385,CMP0034,CL00446,2024-03-08,click
TCH0007386,CMP0034,CL00186,2024-03-19,click
TCH0007387,CMP0034,CL00221,2024-03-11,impression
TCH0007388,CMP0034,CL00298,2024-03-10,lead
TCH0007389,CMP0034,CL00035,2024-03-19,impression
TCH0007390,CMP0034,CL00012,2024-01-29,lead
TCH0007391,CMP0034,CL00011,2024-02-07,click
TCH0007392,CMP0034,CL00475,2024-02-05,lead
TCH0007393,CMP0034,CL00094,2024-01-31,lead
TCH0007394,CMP0034,CL00445,2024-01-27,click
TCH0007395,CMP0034,CL00210,2024-02-07,lead
TCH0007396,CMP0034,CL00235,2024-02-20,impression
TCH0007397,CMP0034,CL00127,2024-03-16,click
TCH0007398,CMP0034,CL00025,2024-01-26,lead
TCH0007399,CMP0034,CL00024,2024-03-12,impression
TCH0007400,CMP0034,CL00356,2024-03-19,impression
TCH0007401,CMP0034,CL00165,2024-01-23,click
TCH0007402,CMP0034,CL00049,2024-01-26,click
TCH0007403,CMP0034,CL00129,2024-03-09,click
TCH0007404,CMP0034,CL00138,2024-03-14,impression
TCH0007405,CMP0034,CL00238,2024-01-25,impression
TCH0007406,CMP0034,CL00395,2024-03-16,impression
TCH0007407,CMP0034,CL00172,2024-03-15,click
TCH0007408,CMP0034,CL00487,2024-01-27,impression
TCH0007409,CMP0034,CL00493,2024-03-01,lead
TCH0007410,CMP0034,CL00201,2024-02-24,click
TCH0007411,CMP0034,CL00273,2024-02-28,click
TCH0007412,CMP0034,CL00263,2024-03-06,impression
TCH0007413,CMP0034,CL00083,2024-02-26,impression
TCH0007414,CMP0034,CL00373,2024-03-15,lead
TCH0007415,CMP0034,CL00082,2024-03-16,click
TCH0007416,CMP0034,CL00276,2024-02-26,lead
TCH0007417,CMP0034,CL00040,2024-01-23,click
TCH0007418,CMP0034,CL00214,2024-01-25,click
TCH0007419,CMP0034,CL00394,2024-03-10,click
TCH0007420,CMP0034,CL00439,2024-03-09,impression
TCH0007421,CMP0034,CL00378,2024-02-10,impression
TCH0007422,CMP0034,CL00291,2024-01-27,impression
TCH0007423,CMP0034,CL00176,2024-02-15,impression
TCH0007424,CMP0034,CL00191,2024-02-20,lead
TCH0007425,CMP0034,CL00268,2024-01-21,conversion
TCH0007426,CMP0034,CL00160,2024-02-22,click
TCH0007427,CMP0034,CL00192,2024-03-10,click
TCH0007428,CMP0034,CL00229,2024-01-20,impression
TCH0007429,CMP0034,CL00178,2024-02-17,lead
TCH0007430,CMP0034,CL00220,2024-03-02,click
TCH0007431,CMP0034,CL00108,2024-03-16,impression
TCH0007432,CMP0034,CL00045,2024-01-21,click
TCH0007433,CMP0034,CL00274,2024-01-26,click
TCH0007434,CMP0034,CL00158,2024-03-18,impression
TCH0007435,CMP0034,CL00468,2024-03-13,click
TCH0007436,CMP0034,CL00044,2024-03-12,click
TCH0007437,CMP0034,CL00335,2024-03-19,impression
TCH0007438,CMP0034,CL00213,2024-02-18,impression
TCH0007439,CMP0034,CL00131,2024-01-31,impression
TCH0007440,CMP0034,CL00190,2024-02-02,click
TCH0007441,CMP0034,CL00494,2024-02-14,lead
TCH0007442,CMP0034,CL00479,2024-03-13,impression
TCH0007443,CMP0034,CL00477,2024-03-07,click
TCH0007444,CMP0034,CL00432,2024-02-29,lead
TCH0007445,CMP0034,CL00113,2024-02-10,impression
TCH0007446,CMP0034,CL00243,2024-03-12,click
TCH0007447,CMP0034,CL00034,2024-01-20,click
TCH0007448,CMP0034,CL00054,2024-02-29,impression
TCH0007449,CMP0034,CL00391,2024-03-07,impression
TCH0007450,CMP0034,CL00288,2024-03-12,conversion
TCH0007451,CMP0034,CL00161,2024-01-29,lead
TCH0007452,CMP0034,CL00104,2024-02-12,impression
TCH0007453,CMP0034,CL00163,2024-03-19,click
TCH0007454,CMP0034,CL00179,2024-03-05,click
TCH0007455,CMP0034,CL00294,2024-03-10,impression
TCH0007456,CMP0034,CL00039,2024-02-28,impression
TCH0007457,CMP0034,CL00180,2024-03-08,click
TCH0007458,CMP0034,CL00437,2024-02-10,click
TCH0007459,CMP0034,CL00008,2024-03-01,impression
TCH0007460,CMP0034,CL00472,2024-03-10,conversion
TCH0007461,CMP0034,CL00279,2024-02-10,lead
TCH0007462,CMP0034,CL00046,2024-03-12,impression
TCH0007463,CMP0034,CL00222,2024-02-08,lead
TCH0007464,CMP0034,CL00188,2024-03-10,lead
TCH0007465,CMP0034,CL00315,2024-03-09,impression
TCH0007466,CMP0034,CL00137,2024-01-20,conversion
TCH0007467,CMP0034,CL00280,2024-02-02,impression
TCH0007468,CMP0034,CL00133,2024-03-18,conversion
TCH0007469,CMP0034,CL00070,2024-02-27,lead
TCH0007470,CMP0034,CL00092,2024-03-13,impression
TCH0007471,CMP0034,CL00367,2024-03-10,lead
TCH0007472,CMP0034,CL00121,2024-03-01,click
TCH0007473,CMP0034,CL00185,2024-03-11,click
TCH0007474,CMP0034,CL00402,2024-02-06,lead
TCH0007475,CMP0034,CL00245,2024-02-19,impression
TCH0007476,CMP0034,CL00387,2024-01-20,conversion
TCH0007477,CMP0034,CL00362,2024-03-04,click
TCH0007478,CMP0034,CL00144,2024-03-08,lead
TCH0007479,CMP0034,CL00211,2024-02-07,impression
TCH0007480,CMP0034,CL00319,2024-01-28,impression
TCH0007481,CMP0034,CL00250,2024-01-24,click
TCH0007482,CMP0034,CL00183,2024-02-10,lead
TCH0007483,CMP0034,CL00231,2024-02-22,impression
TCH0007484,CMP0034,CL00227,2024-02-06,lead
TCH0007485,CMP0034,CL00164,2024-02-03,click
TCH0007486,CMP0034,CL00116,2024-03-16,lead
TCH0007487,CMP0034,CL00237,2024-02-02,click
TCH0007488,CMP0034,CL00122,2024-01-25,impression
TCH0007489,CMP0034,CL00006,2024-03-09,lead
TCH0007490,CMP0034,CL00431,2024-02-05,click
TCH0007491,CMP0034,CL00471,2024-02-04,conversion
TCH0007492,CMP0034,CL00413,2024-02-18,lead
TCH0007493,CMP0034,CL00096,2024-02-24,click
TCH0007494,CMP0034,CL00177,2024-03-17,impression
TCH0007495,CMP0034,CL00073,2024-02-03,impression
TCH0007496,CMP0034,CL00079,2024-03-04,conversion
TCH0007497,CMP0034,CL00333,2024-01-26,click
TCH0007498,CMP0034,CL00301,2024-01-24,click
TCH0007499,CMP0034,CL00461,2024-02-18,lead
TCH0007500,CMP0034,CL00100,2024-01-28,click
TCH0007501,CMP0034,CL00105,2024-03-05,click
TCH0007502,CMP0034,CL00350,2024-01-25,impression
TCH0007503,CMP0034,CL00182,2024-01-29,lead
TCH0007504,CMP0034,CL00038,2024-02-27,lead
TCH0007505,CMP0034,CL00167,2024-03-08,click
TCH0007506,CMP0034,CL00019,2024-02-02,impression
TCH0007507,CMP0034,CL00209,2024-01-29,lead
TCH0007508,CMP0034,CL00449,2024-02-15,lead
TCH0007509,CMP0034,CL00016,2024-03-19,lead
TCH0007510,CMP0034,CL00020,2024-02-14,click
TCH0007511,CMP0034,CL00444,2024-01-28,impression
TCH0007512,CMP0034,CL00255,2024-02-15,impression
TCH0007513,CMP0034,CL00123,2024-02-01,lead
TCH0007514,CMP0034,CL00064,2024-02-16,impression
TCH0007515,CMP0034,CL00370,2024-03-08,lead
TCH0007516,CMP0034,CL00382,2024-02-17,conversion
TCH0007517,CMP0034,CL00464,2024-03-05,click
TCH0007518,CMP0034,CL00136,2024-03-03,impression
TCH0007519,CMP0034,CL00421,2024-02-18,impression
TCH0007520,CMP0034,CL00155,2024-02-02,impression
TCH0007521,CMP0034,CL00401,2024-01-31,click
TCH0007522,CMP0034,CL00239,2024-03-09,lead
TCH0007523,CMP0034,CL00430,2024-02-19,impression
TCH0007524,CMP0034,CL00205,2024-02-16,impression
TCH0007525,CMP0034,CL00299,2024-01-22,click
TCH0007526,CMP0034,CL00338,2024-02-08,lead
TCH0007527,CMP0034,CL00290,2024-02-12,click
TCH0007528,CMP0034,CL00091,2024-03-18,lead
TCH0007529,CMP0034,CL00052,2024-01-31,click
TCH0007530,CMP0034,CL00393,2024-02-07,impression
TCH0007531,CMP0034,CL00383,2024-02-13,impression
TCH0007532,CMP0034,CL00086,2024-01-20,click
TCH0007533,CMP0034,CL00119,2024-02-11,impression
TCH0007534,CMP0034,CL00037,2024-02-17,impression
TCH0007535,CMP0034,CL00168,2024-03-10,impression
TCH0007536,CMP0034,CL00424,2024-02-09,lead
TCH0007537,CMP0034,CL00463,2024-03-18,click
TCH0007538,CMP0034,CL00067,2024-02-14,impression
TCH0007539,CMP0034,CL00328,2024-02-25,impression
TCH0007540,CMP0034,CL00047,2024-02-20,lead
TCH0007541,CMP0034,CL00099,2024-03-10,click
TCH0007542,CMP0034,CL00372,2024-02-13,click
TCH0007543,CMP0034,CL00452,2024-01-21,impression
TCH0007544,CMP0034,CL00300,2024-03-15,click
TCH0007545,CMP0034,CL00156,2024-02-12,click
TCH0007546,CMP0034,CL00447,2024-01-30,click
TCH0007547,CMP0034,CL00390,2024-03-06,lead
TCH0007548,CMP0034,CL00311,2024-02-04,impression
TCH0007549,CMP0034,CL00364,2024-01-21,click
TCH0007550,CMP0034,CL00379,2024-03-10,lead
TCH0007551,CMP0034,CL00462,2024-02-17,click
TCH0007552,CMP0034,CL00230,2024-03-04,conversion
TCH0007553,CMP0034,CL00031,2024-02-08,lead
TCH0007554,CMP0034,CL00109,2024-02-14,impression
TCH0007555,CMP0034,CL00085,2024-01-20,impression
TCH0007556,CMP0034,CL00456,2024-02-28,impression
TCH0007557,CMP0034,CL00153,2024-02-16,lead
TCH0007558,CMP0034,CL00348,2024-02-19,lead
TCH0007559,CMP0034,CL00271,2024-02-18,impression
TCH0007560,CMP0034,CL00369,2024-02-04,click
TCH0007561,CMP0034,CL00225,2024-01-24,lead
TCH0007562,CMP0034,CL00023,2024-01-21,lead
TCH0007563,CMP0034,CL00202,2024-02-20,impression
TCH0007564,CMP0034,CL00358,2024-01-30,impression
TCH0007565,CMP0034,CL00140,2024-02-13,lead
TCH0007566,CMP0034,CL00171,2024-02-16,impression
TCH0007567,CMP0034,CL00277,2024-01-23,impression
TCH0007568,CMP0034,CL00033,2024-03-16,impression
TCH0007569,CMP0034,CL00460,2024-01-26,lead
TCH0007570,CMP0034,CL00224,2024-03-10,lead
TCH0007571,CMP0034,CL00143,2024-02-28,click
TCH0007572,CMP0034,CL00412,2024-02-25,conversion
TCH0007573,CMP0034,CL00285,2024-01-26,impression
TCH0007574,CMP0034,CL00114,2024-03-06,impression
TCH0007575,CMP0034,CL00473,2024-03-12,impression
TCH0007576,CMP0034,CL00486,2024-02-06,lead
TCH0007577,CMP0034,CL00141,2024-02-13,click
TCH0007578,CMP0034,CL00130,2024-01-21,impression
TCH0007579,CMP0034,CL00145,2024-01-26,click
TCH0007580,CMP0034,CL00429,2024-02-23,impression
TCH0007581,CMP0034,CL00152,2024-03-11,impression
TCH0007582,CMP0034,CL00346,2024-01-21,impression
TCH0007583,CMP0034,CL00293,2024-02-13,conversion
TCH0007584,CMP0034,CL00376,2024-02-23,click
TCH0007585,CMP0034,CL00440,2024-01-25,conversion
TCH0007586,CMP0034,CL00488,2024-02-04,click
TCH0007587,CMP0034,CL00355,2024-02-05,lead
TCH0007588,CMP0034,CL00234,2024-01-23,click
TCH0007589,CMP0034,CL00458,2024-03-12,click
TCH0007590,CMP0034,CL00233,2024-03-13,lead
TCH0007591,CMP0034,CL00090,2024-03-15,lead
TCH0007592,CMP0034,CL00241,2024-01-24,conversion
TCH0007593,CMP0034,CL00062,2024-02-15,lead
TCH0007594,CMP0034,CL00363,2024-03-13,click
TCH0007595,CMP0034,CL00232,2024-03-16,impression
TCH0007596,CMP0034,CL00055,2024-01-31,impression
TCH0007597,CMP0034,CL00128,2024-03-10,impression
TCH0007598,CMP0034,CL00007,2024-03-15,impression
TCH0007599,CMP0034,CL00397,2024-02-02,impression
TCH0007600,CMP0034,CL00103,2024-03-08,impression
TCH0007601,CMP0034,CL00193,2024-02-05,click
TCH0007602,CMP0034,CL00093,2024-03-18,conversion
TCH0007603,CMP0034,CL00058,2024-01-20,impression
TCH0007604,CMP0034,CL00226,2024-02-22,lead
TCH0007605,CMP0034,CL00441,2024-03-05,impression
TCH0007606,CMP0034,CL00332,2024-01-23,lead
TCH0007607,CMP0034,CL00022,2024-02-25,click
TCH0007608,CMP0034,CL00135,2024-03-19,impression
TCH0007609,CMP0034,CL00080,2024-03-01,impression
TCH0007610,CMP0034,CL00309,2024-02-25,impression
TCH0007611,CMP0034,CL00197,2024-03-02,conversion
TCH0007612,CMP0034,CL00344,2024-02-18,click
TCH0007613,CMP0034,CL00236,2024-01-25,lead
TCH0007614,CMP0034,CL00359,2024-01-27,impression
TCH0007615,CMP0034,CL00416,2024-02-09,impression
TCH0007616,CMP0034,CL00181,2024-03-18,click
TCH0007617,CMP0034,CL00334,2024-02-14,impression
TCH0007618,CMP0034,CL00292,2024-02-14,click
TCH0007619,CMP0034,CL00269,2024-02-12,impression
TCH0007620,CMP0034,CL00287,2024-01-30,lead
TCH0007621,CMP0034,CL00254,2024-02-22,impression
TCH0007622,CMP0034,CL00389,2024-03-18,click
TCH0007623,CMP0034,CL00118,2024-02-04,lead
TCH0007624,CMP0034,CL00056,2024-02-24,impression
TCH0007625,CMP0034,CL00386,2024-03-03,click
TCH0007626,CMP0034,CL00361,2024-02-21,impression
TCH0007627,CMP0034,CL00313,2024-01-20,lead
TCH0007628,CMP0034,CL00489,2024-03-19,lead
TCH0007629,CMP0034,CL00207,2024-03-10,impression
TCH0007630,CMP0035,CL00437,2024-11-03,lead
TCH0007631,CMP0035,CL00035,2024-11-14,conversion
TCH0007632,CMP0035,CL00265,2025-02-11,click
TCH0007633,CMP0035,CL00038,2024-11-21,lead
TCH0007634,CMP0035,CL00006,2025-02-18,lead
TCH0007635,CMP0035,CL00361,2025-02-23,lead
TCH0007636,CMP0035,CL00248,2024-11-30,impression
TCH0007637,CMP0035,CL00138,2024-12-03,click
TCH0007638,CMP0035,CL00483,2024-11-06,impression
TCH0007639,CMP0035,CL00218,2025-02-17,impression
TCH0007640,CMP0035,CL00453,2024-11-25,impression
TCH0007641,CMP0035,CL00007,2024-11-02,impression
TCH0007642,CMP0035,CL00278,2024-12-14,impression
TCH0007643,CMP0035,CL00177,2025-02-07,conversion
TCH0007644,CMP0035,CL00114,2025-02-06,impression
TCH0007645,CMP0035,CL00309,2025-02-26,impression
TCH0007646,CMP0035,CL00106,2025-02-16,impression
TCH0007647,CMP0035,CL00325,2024-12-12,impression
TCH0007648,CMP0035,CL00207,2025-01-27,lead
TCH0007649,CMP0035,CL00359,2024-11-29,click
TCH0007650,CMP0035,CL00082,2025-01-01,click
TCH0007651,CMP0035,CL00260,2025-01-08,click
TCH0007652,CMP0035,CL00324,2024-11-26,impression
TCH0007653,CMP0035,CL00467,2025-02-03,impression
TCH0007654,CMP0035,CL00126,2024-11-21,lead
TCH0007655,CMP0035,CL00420,2024-12-19,impression
TCH0007656,CMP0035,CL00249,2024-12-23,impression
TCH0007657,CMP0035,CL00026,2025-01-05,impression
TCH0007658,CMP0035,CL00428,2025-01-30,click
TCH0007659,CMP0035,CL00004,2025-01-18,impression
TCH0007660,CMP0035,CL00203,2025-02-09,lead
TCH0007661,CMP0035,CL00304,2025-01-31,impression
TCH0007662,CMP0035,CL00412,2025-02-15,impression
TCH0007663,CMP0035,CL00077,2025-02-03,lead
TCH0007664,CMP0035,CL00096,2024-12-19,conversion
TCH0007665,CMP0035,CL00464,2025-01-14,click
TCH0007666,CMP0035,CL00018,2025-02-24,impression
TCH0007667,CMP0035,CL00336,2024-12-01,click
TCH0007668,CMP0035,CL00166,2024-11-25,click
TCH0007669,CMP0035,CL00171,2024-12-09,impression
TCH0007670,CMP0035,CL00118,2024-11-21,conversion
TCH0007671,CMP0035,CL00005,2024-12-18,click
TCH0007672,CMP0035,CL00227,2025-02-14,click
TCH0007673,CMP0035,CL00173,2025-01-08,conversion
TCH0007674,CMP0035,CL00211,2024-12-13,conversion
TCH0007675,CMP0035,CL00258,2024-11-13,impression
TCH0007676,CMP0035,CL00285,2024-12-19,impression
TCH0007677,CMP0035,CL00263,2024-11-29,click
TCH0007678,CMP0035,CL00051,2024-11-29,click
TCH0007679,CMP0035,CL00394,2025-02-23,lead
TCH0007680,CMP0035,CL00462,2024-12-04,impression
TCH0007681,CMP0035,CL00003,2025-01-21,click
TCH0007682,CMP0035,CL00488,2025-02-20,impression
TCH0007683,CMP0035,CL00343,2024-11-14,conversion
TCH0007684,CMP0035,CL00175,2025-01-25,lead
TCH0007685,CMP0035,CL00240,2024-12-23,click
TCH0007686,CMP0035,CL00208,2025-02-01,impression
TCH0007687,CMP0035,CL00454,2025-01-09,impression
TCH0007688,CMP0035,CL00159,2025-01-30,click
TCH0007689,CMP0035,CL00468,2024-12-04,lead
TCH0007690,CMP0035,CL00232,2024-12-04,impression
TCH0007691,CMP0035,CL00313,2025-01-25,impression
TCH0007692,CMP0035,CL00390,2025-01-23,lead
TCH0007693,CMP0035,CL00186,2024-12-14,impression
TCH0007694,CMP0035,CL00431,2024-12-04,lead
TCH0007695,CMP0035,CL00024,2024-11-18,click
TCH0007696,CMP0035,CL00130,2024-11-14,impression
TCH0007697,CMP0035,CL00419,2025-02-10,click
TCH0007698,CMP0035,CL00427,2024-12-24,conversion
TCH0007699,CMP0035,CL00064,2024-12-27,impression
TCH0007700,CMP0035,CL00250,2024-12-27,conversion
TCH0007701,CMP0035,CL00379,2024-12-16,lead
TCH0007702,CMP0035,CL00152,2025-02-13,impression
TCH0007703,CMP0035,CL00349,2024-11-13,click
TCH0007704,CMP0035,CL00497,2025-01-25,impression
TCH0007705,CMP0035,CL00436,2025-02-05,impression
TCH0007706,CMP0035,CL00195,2025-02-21,lead
TCH0007707,CMP0035,CL00376,2025-01-11,lead
TCH0007708,CMP0035,CL00150,2025-02-26,impression
TCH0007709,CMP0035,CL00377,2025-01-06,click
TCH0007710,CMP0035,CL00318,2024-12-23,click
TCH0007711,CMP0035,CL00378,2025-02-09,impression
TCH0007712,CMP0035,CL00305,2024-11-27,impression
TCH0007713,CMP0035,CL00257,2024-11-22,click
TCH0007714,CMP0035,CL00499,2025-01-07,impression
TCH0007715,CMP0035,CL00091,2024-12-14,click
TCH0007716,CMP0035,CL00448,2024-11-08,impression
TCH0007717,CMP0035,CL00310,2025-01-26,click
TCH0007718,CMP0035,CL00170,2025-02-25,impression
TCH0007719,CMP0035,CL00025,2025-02-16,impression
TCH0007720,CMP0035,CL00128,2025-01-01,lead
TCH0007721,CMP0035,CL00141,2025-01-29,click
TCH0007722,CMP0035,CL00109,2025-02-09,click
TCH0007723,CMP0035,CL00367,2025-02-26,impression
TCH0007724,CMP0035,CL00139,2024-12-24,lead
TCH0007725,CMP0035,CL00364,2024-11-18,lead
TCH0007726,CMP0035,CL00097,2024-11-04,click
TCH0007727,CMP0035,CL00332,2024-12-19,impression
TCH0007728,CMP0035,CL00230,2025-01-11,impression
TCH0007729,CMP0035,CL00457,2024-12-08,impression
TCH0007730,CMP0035,CL00219,2025-02-03,lead
TCH0007731,CMP0035,CL00475,2025-01-29,impression
TCH0007732,CMP0035,CL00345,2025-01-11,impression
TCH0007733,CMP0035,CL00366,2024-11-21,impression
TCH0007734,CMP0035,CL00360,2024-12-14,lead
TCH0007735,CMP0035,CL00084,2025-01-04,impression
TCH0007736,CMP0035,CL00301,2025-02-05,conversion
TCH0007737,CMP0035,CL00393,2024-12-20,lead
TCH0007738,CMP0035,CL00273,2025-02-28,click
TCH0007739,CMP0035,CL00402,2025-01-07,impression
TCH0007740,CMP0035,CL00401,2025-02-01,lead
TCH0007741,CMP0035,CL00017,2025-01-18,impression
TCH0007742,CMP0035,CL00049,2025-02-23,lead
TCH0007743,CMP0035,CL00383,2024-12-01,impression
TCH0007744,CMP0035,CL00028,2024-12-06,click
TCH0007745,CMP0035,CL00168,2025-01-12,lead
TCH0007746,CMP0035,CL00098,2025-01-13,click
TCH0007747,CMP0035,CL00062,2024-12-19,lead
TCH0007748,CMP0035,CL00198,2024-12-25,impression
TCH0007749,CMP0035,CL00226,2024-12-19,impression
TCH0007750,CMP0035,CL00058,2025-02-09,impression
TCH0007751,CMP0035,CL00466,2025-02-10,conversion
TCH0007752,CMP0035,CL00288,2024-12-15,impression
TCH0007753,CMP0035,CL00020,2024-11-10,lead
TCH0007754,CMP0035,CL00072,2025-01-18,impression
TCH0007755,CMP0035,CL00449,2024-11-29,impression
TCH0007756,CMP0035,CL00102,2025-01-29,impression
TCH0007757,CMP0035,CL00172,2024-11-28,impression
TCH0007758,CMP0035,CL00259,2024-11-26,click
TCH0007759,CMP0035,CL00299,2024-11-18,impression
TCH0007760,CMP0035,CL00043,2024-12-27,impression
TCH0007761,CMP0035,CL00197,2025-01-12,impression
TCH0007762,CMP0035,CL00223,2024-11-02,impression
TCH0007763,CMP0035,CL00354,2025-02-25,conversion
TCH0007764,CMP0035,CL00463,2024-11-19,click
TCH0007765,CMP0035,CL00137,2024-11-06,impression
TCH0007766,CMP0035,CL00104,2024-12-20,conversion
TCH0007767,CMP0035,CL00056,2025-01-30,lead
TCH0007768,CMP0035,CL00363,2024-11-08,conversion
TCH0007769,CMP0035,CL00362,2025-02-14,impression
TCH0007770,CMP0035,CL00191,2024-11-28,click
TCH0007771,CMP0035,CL00370,2025-02-22,impression
TCH0007772,CMP0035,CL00500,2025-01-09,impression
TCH0007773,CMP0035,CL00489,2024-11-22,impression
TCH0007774,CMP0035,CL00147,2024-11-12,lead
TCH0007775,CMP0035,CL00290,2025-01-20,lead
TCH0007776,CMP0035,CL00458,2025-01-21,impression
TCH0007777,CMP0035,CL00373,2025-02-14,impression
TCH0007778,CMP0035,CL00469,2024-12-21,impression
TCH0007779,CMP0035,CL00323,2025-02-22,click
TCH0007780,CMP0035,CL00416,2024-12-05,impression
TCH0007781,CMP0035,CL00247,2024-12-24,impression
TCH0007782,CMP0035,CL00041,2024-11-26,impression
TCH0007783,CMP0035,CL00086,2024-12-13,lead
TCH0007784,CMP0035,CL00215,2024-12-06,conversion
TCH0007785,CMP0035,CL00358,2024-11-25,impression
TCH0007786,CMP0035,CL00266,2024-12-28,lead
TCH0007787,CMP0035,CL00112,2025-01-03,click
TCH0007788,CMP0035,CL00351,2024-12-22,conversion
TCH0007789,CMP0035,CL00092,2024-11-05,lead
TCH0007790,CMP0035,CL00180,2024-11-27,impression
TCH0007791,CMP0035,CL00267,2024-12-07,click
TCH0007792,CMP0035,CL00144,2024-11-07,impression
TCH0007793,CMP0035,CL00388,2024-12-23,impression
TCH0007794,CMP0035,CL00252,2024-12-11,impression
TCH0007795,CMP0035,CL00201,2025-01-02,click
TCH0007796,CMP0035,CL00206,2025-03-01,lead
TCH0007797,CMP0035,CL00204,2024-12-31,click
TCH0007798,CMP0035,CL00337,2024-11-24,impression
TCH0007799,CMP0035,CL00167,2024-11-23,lead
TCH0007800,CMP0035,CL00209,2024-12-06,impression
TCH0007801,CMP0035,CL00157,2024-12-08,lead
TCH0007802,CMP0035,CL00161,2024-11-11,click
TCH0007803,CMP0035,CL00033,2024-11-28,impression
TCH0007804,CMP0035,CL00317,2025-02-03,lead
TCH0007805,CMP0035,CL00292,2025-01-01,impression
TCH0007806,CMP0035,CL00111,2024-12-02,click
TCH0007807,CMP0035,CL00193,2025-03-01,impression
TCH0007808,CMP0035,CL00297,2025-02-14,lead
TCH0007809,CMP0035,CL00406,2024-12-16,impression
TCH0007810,CMP0035,CL00293,2025-02-11,impression
TCH0007811,CMP0035,CL00115,2025-01-08,impression
TCH0007812,CMP0035,CL00264,2025-01-23,impression
TCH0007813,CMP0035,CL00300,2025-01-02,lead
TCH0007814,CMP0035,CL00369,2024-12-03,click
TCH0007815,CMP0035,CL00142,2025-02-27,impression
TCH0007816,CMP0035,CL00396,2024-12-12,click
TCH0007817,CMP0035,CL00400,2024-12-12,lead
TCH0007818,CMP0035,CL00460,2024-12-29,conversion
TCH0007819,CMP0035,CL00181,2024-11-22,impression
TCH0007820,CMP0035,CL00045,2024-12-05,impression
TCH0007821,CMP0035,CL00368,2025-01-11,impression
TCH0007822,CMP0035,CL00120,2025-02-05,click
TCH0007823,CMP0035,CL00484,2024-11-28,click
TCH0007824,CMP0035,CL00213,2024-12-03,click
TCH0007825,CMP0035,CL00089,2024-12-08,lead
TCH0007826,CMP0035,CL00356,2025-01-17,lead
TCH0007827,CMP0035,CL00408,2024-12-07,click
TCH0007828,CMP0035,CL00023,2025-02-24,click
TCH0007829,CMP0035,CL00093,2024-12-05,click
TCH0007830,CMP0035,CL00030,2024-12-19,impression
TCH0007831,CMP0035,CL00050,2025-01-06,click
TCH0007832,CMP0035,CL00001,2025-01-19,lead
TCH0007833,CMP0035,CL00445,2025-02-15,impression
TCH0007834,CMP0035,CL00470,2024-12-21,click
TCH0007835,CMP0035,CL00016,2025-01-22,impression
TCH0007836,CMP0035,CL00413,2024-11-30,click
TCH0007837,CMP0035,CL00185,2025-02-07,conversion
TCH0007838,CMP0035,CL00493,2024-11-10,click
TCH0007839,CMP0035,CL00148,2025-02-15,impression
TCH0007840,CMP0035,CL00246,2024-12-16,click
TCH0007841,CMP0035,CL00153,2025-01-14,impression
TCH0007842,CMP0035,CL00418,2024-11-09,click
TCH0007843,CMP0035,CL00314,2025-02-20,impression
TCH0007844,CMP0035,CL00447,2025-02-11,impression
TCH0007845,CMP0035,CL00485,2025-01-03,impression
TCH0007846,CMP0035,CL00303,2025-01-24,click
TCH0007847,CMP0035,CL00274,2025-02-10,impression
TCH0007848,CMP0035,CL00287,2024-12-06,impression
TCH0007849,CMP0035,CL00391,2024-12-21,lead
TCH0007850,CMP0035,CL00385,2024-11-05,lead
TCH0007851,CMP0035,CL00440,2024-11-29,impression
TCH0007852,CMP0035,CL00047,2024-12-04,click
TCH0007853,CMP0035,CL00221,2025-01-02,impression
TCH0007854,CMP0035,CL00010,2024-12-19,click
TCH0007855,CMP0035,CL00110,2025-01-20,impression
TCH0007856,CMP0035,CL00333,2024-12-20,lead
TCH0007857,CMP0035,CL00237,2025-02-16,impression
TCH0007858,CMP0035,CL00022,2025-02-21,impression
TCH0007859,CMP0035,CL00490,2024-11-24,click
TCH0007860,CMP0035,CL00135,2025-02-12,conversion
TCH0007861,CMP0035,CL00422,2025-01-18,lead
TCH0007862,CMP0035,CL00245,2025-01-14,lead
TCH0007863,CMP0035,CL00329,2024-12-26,click
TCH0007864,CMP0035,CL00042,2024-12-23,impression
TCH0007865,CMP0035,CL00409,2025-02-01,click
TCH0007866,CMP0035,CL00099,2025-02-07,impression
TCH0007867,CMP0035,CL00384,2024-12-28,impression
TCH0007868,CMP0035,CL00076,2024-12-21,impression
TCH0007869,CMP0035,CL00326,2025-02-07,click
TCH0007870,CMP0035,CL00459,2025-01-24,lead
TCH0007871,CMP0035,CL00389,2025-01-01,click
TCH0007872,CMP0035,CL00087,2024-12-19,lead
TCH0007873,CMP0035,CL00015,2024-12-09,conversion
TCH0007874,CMP0035,CL00275,2024-12-10,impression
TCH0007875,CMP0035,CL00234,2025-01-21,impression
TCH0007876,CMP0035,CL00174,2024-11-18,lead
TCH0007877,CMP0035,CL00442,2025-01-24,impression
TCH0007878,CMP0035,CL00381,2025-01-18,click
TCH0007879,CMP0035,CL00316,2025-02-01,lead
TCH0007880,CMP0035,CL00036,2025-01-06,click
TCH0007881,CMP0035,CL00353,2025-01-27,impression
TCH0007882,CMP0035,CL00217,2024-12-18,impression
TCH0007883,CMP0035,CL00474,2024-11-09,impression
TCH0007884,CMP0035,CL00101,2025-02-01,click
TCH0007885,CMP0035,CL00312,2025-02-25,lead
TCH0007886,CMP0035,CL00052,2024-11-03,impression
TCH0007887,CMP0035,CL00450,2025-02-07,click
TCH0007888,CMP0035,CL00164,2025-02-02,click
TCH0007889,CMP0035,CL00414,2025-01-14,click
TCH0007890,CMP0035,CL00116,2025-01-08,click
TCH0007891,CMP0035,CL00478,2024-11-21,impression
TCH0007892,CMP0035,CL00476,2024-11-20,lead
TCH0007893,CMP0035,CL00046,2025-02-25,lead
TCH0007894,CMP0035,CL00039,2025-02-02,impression
TCH0007895,CMP0035,CL00446,2024-11-12,lead
TCH0007896,CMP0035,CL00085,2025-02-20,click
TCH0007897,CMP0035,CL00044,2025-02-08,impression
TCH0007898,CMP0035,CL00255,2024-12-03,click
TCH0007899,CMP0035,CL00282,2024-12-07,impression
TCH0007900,CMP0035,CL00473,2025-01-27,click
TCH0007901,CMP0035,CL00127,2025-01-23,click
TCH0007902,CMP0035,CL00108,2025-02-26,impression
TCH0007903,CMP0035,CL00411,2025-02-02,conversion
TCH0007904,CMP0035,CL00433,2024-12-08,conversion
TCH0007905,CMP0035,CL00192,2025-01-13,impression
TCH0007906,CMP0035,CL00296,2024-12-05,lead
TCH0007907,CMP0035,CL00113,2025-01-14,click
TCH0007908,CMP0035,CL00272,2024-11-05,impression
TCH0007909,CMP0035,CL00029,2024-11-23,click
TCH0007910,CMP0035,CL00438,2025-02-08,click
TCH0007911,CMP0035,CL00095,2024-11-02,impression
TCH0007912,CMP0035,CL00233,2025-01-13,impression
TCH0007913,CMP0035,CL00090,2025-03-01,impression
TCH0007914,CMP0035,CL00311,2025-02-19,lead
TCH0007915,CMP0035,CL00315,2024-12-05,lead
TCH0007916,CMP0035,CL00276,2025-02-07,click
TCH0007917,CMP0035,CL00183,2025-02-03,click
TCH0007918,CMP0035,CL00492,2025-02-08,impression
TCH0007919,CMP0035,CL00441,2025-01-27,impression
TCH0007920,CMP0035,CL00048,2024-12-28,lead
TCH0007921,CMP0035,CL00403,2024-11-02,click
TCH0007922,CMP0035,CL00008,2025-02-24,impression
TCH0007923,CMP0035,CL00357,2024-11-28,impression
TCH0007924,CMP0035,CL00184,2025-02-15,click
TCH0007925,CMP0035,CL00065,2025-02-13,lead
TCH0007926,CMP0035,CL00308,2025-02-20,impression
TCH0007927,CMP0035,CL00194,2025-01-19,impression
TCH0007928,CMP0035,CL00295,2025-02-02,conversion
TCH0007929,CMP0035,CL00242,2025-01-19,conversion
TCH0007930,CMP0035,CL00495,2025-01-19,impression
TCH0007931,CMP0035,CL00480,2024-11-02,conversion
TCH0007932,CMP0035,CL00210,2025-02-02,impression
TCH0007933,CMP0035,CL00216,2024-11-08,click
TCH0007934,CMP0035,CL00154,2024-11-20,click
TCH0007935,CMP0035,CL00060,2024-11-07,lead
TCH0007936,CMP0035,CL00243,2024-11-26,click
TCH0007937,CMP0035,CL00079,2025-01-05,click
TCH0007938,CMP0035,CL00103,2025-02-17,conversion
TCH0007939,CMP0035,CL00187,2024-11-09,impression
TCH0007940,CMP0035,CL00066,2024-11-20,impression
TCH0007941,CMP0035,CL00163,2025-02-23,click
TCH0007942,CMP0035,CL00432,2025-01-19,lead
TCH0007943,CMP0035,CL00032,2025-02-09,lead
TCH0007944,CMP0035,CL00129,2024-12-11,conversion
TCH0007945,CMP0035,CL00456,2025-01-20,impression
TCH0007946,CMP0035,CL00339,2024-11-19,click
TCH0007947,CMP0035,CL00229,2025-01-10,impression
TCH0007948,CMP0035,CL00189,2025-01-08,click
TCH0007949,CMP0035,CL00155,2024-12-28,impression
TCH0007950,CMP0035,CL00179,2024-11-11,click
TCH0007951,CMP0035,CL00375,2024-12-22,click
TCH0007952,CMP0035,CL00083,2024-11-15,click
TCH0007953,CMP0035,CL00037,2025-02-17,lead
TCH0007954,CMP0035,CL00429,2024-11-22,click
TCH0007955,CMP0035,CL00486,2024-12-19,impression
TCH0007956,CMP0035,CL00298,2024-11-05,impression
TCH0007957,CMP0035,CL00271,2024-11-04,click
TCH0007958,CMP0035,CL00200,2024-12-26,click
TCH0007959,CMP0035,CL00426,2025-02-06,conversion
TCH0007960,CMP0035,CL00055,2024-12-22,click
TCH0007961,CMP0035,CL00439,2025-02-15,impression
TCH0007962,CMP0035,CL00080,2024-11-28,lead
TCH0007963,CMP0035,CL00268,2024-12-17,click
TCH0007964,CMP0035,CL00239,2025-01-18,impression
TCH0007965,CMP0035,CL00040,2025-01-03,lead
TCH0007966,CMP0035,CL00444,2024-12-30,impression
TCH0007967,CMP0035,CL00236,2024-11-23,lead
TCH0007968,CMP0035,CL00105,2024-12-07,click
TCH0007969,CMP0035,CL00472,2025-01-19,impression
TCH0007970,CMP0036,CL00373,2025-08-09,impression
TCH0007971,CMP0036,CL00227,2025-07-26,conversion
TCH0007972,CMP0036,CL00018,2025-09-03,click
TCH0007973,CMP0036,CL00097,2025-08-02,impression
TCH0007974,CMP0036,CL00010,2025-09-01,click
TCH0007975,CMP0036,CL00060,2025-08-09,lead
TCH0007976,CMP0036,CL00022,2025-08-22,impression
TCH0007977,CMP0036,CL00127,2025-08-08,lead
TCH0007978,CMP0036,CL00310,2025-07-23,conversion
TCH0007979,CMP0036,CL00420,2025-08-04,impression
TCH0007980,CMP0036,CL00354,2025-07-28,lead
TCH0007981,CMP0036,CL00326,2025-08-22,impression
TCH0007982,CMP0036,CL00473,2025-08-07,click
TCH0007983,CMP0036,CL00336,2025-08-10,click
TCH0007984,CMP0036,CL00312,2025-07-26,click
TCH0007985,CMP0036,CL00483,2025-08-11,impression
TCH0007986,CMP0036,CL00378,2025-09-02,click
TCH0007987,CMP0036,CL00381,2025-09-03,lead
TCH0007988,CMP0036,CL00457,2025-08-28,impression
TCH0007989,CMP0036,CL00375,2025-08-30,click
TCH0007990,CMP0036,CL00215,2025-07-29,impression
TCH0007991,CMP0036,CL00357,2025-08-23,click
TCH0007992,CMP0036,CL00282,2025-08-13,click
TCH0007993,CMP0036,CL00473,2025-08-04,lead
TCH0007994,CMP0036,CL00166,2025-08-10,conversion
TCH0007995,CMP0036,CL00058,2025-09-03,impression
TCH0007996,CMP0036,CL00285,2025-07-24,click
TCH0007997,CMP0036,CL00437,2025-08-12,lead
TCH0007998,CMP0036,CL00200,2025-09-03,click
TCH0007999,CMP0036,CL00456,2025-08-17,impression
TCH0008000,CMP0036,CL00066,2025-08-17,click
TCH0008001,CMP0036,CL00192,2025-08-13,conversion
TCH0008002,CMP0036,CL00429,2025-08-31,conversion
TCH0008003,CMP0036,CL00414,2025-07-28,impression
TCH0008004,CMP0036,CL00026,2025-08-03,click
TCH0008005,CMP0036,CL00191,2025-08-09,impression
TCH0008006,CMP0036,CL00468,2025-08-10,click
TCH0008007,CMP0036,CL00367,2025-07-23,click
TCH0008008,CMP0036,CL00442,2025-07-26,click
TCH0008009,CMP0036,CL00045,2025-09-01,click
TCH0008010,CMP0036,CL00288,2025-07-30,lead
TCH0008011,CMP0036,CL00260,2025-08-08,conversion
TCH0008012,CMP0036,CL00275,2025-08-31,conversion
TCH0008013,CMP0036,CL00092,2025-08-20,impression
TCH0008014,CMP0036,CL00339,2025-09-01,click
TCH0008015,CMP0036,CL00353,2025-09-02,click
TCH0008016,CMP0036,CL00037,2025-08-01,lead
TCH0008017,CMP0036,CL00003,2025-08-24,lead
TCH0008018,CMP0036,CL00216,2025-08-09,click
TCH0008019,CMP0036,CL00083,2025-08-23,click
TCH0008020,CMP0036,CL00036,2025-07-31,conversion
TCH0008021,CMP0036,CL00315,2025-08-11,impression
TCH0008022,CMP0036,CL00413,2025-08-02,click
TCH0008023,CMP0036,CL00416,2025-07-25,conversion
TCH0008024,CMP0036,CL00232,2025-08-27,lead
TCH0008025,CMP0036,CL00029,2025-08-27,impression
TCH0008026,CMP0036,CL00024,2025-07-31,click
TCH0008027,CMP0036,CL00237,2025-07-31,lead
TCH0008028,CMP0036,CL00042,2025-07-26,conversion
TCH0008029,CMP0036,CL00454,2025-08-09,impression
TCH0008030,CMP0036,CL00476,2025-08-31,impression
TCH0008031,CMP0036,CL00376,2025-07-25,conversion
TCH0008032,CMP0036,CL00006,2025-08-22,conversion
TCH0008033,CMP0036,CL00047,2025-07-29,click
TCH0008034,CMP0036,CL00456,2025-08-24,impression
TCH0008035,CMP0036,CL00096,2025-08-26,lead
TCH0008036,CMP0036,CL00436,2025-08-21,lead
TCH0008037,CMP0036,CL00077,2025-08-30,lead
TCH0008038,CMP0036,CL00290,2025-08-16,impression
TCH0008039,CMP0036,CL00388,2025-07-28,impression
TCH0008040,CMP0036,CL00440,2025-08-27,click
TCH0008041,CMP0036,CL00376,2025-07-29,click
TCH0008042,CMP0036,CL00363,2025-08-15,impression
TCH0008043,CMP0036,CL00325,2025-08-18,click
TCH0008044,CMP0036,CL00048,2025-08-20,lead
TCH0008045,CMP0036,CL00260,2025-08-08,impression
TCH0008046,CMP0036,CL00229,2025-08-26,conversion
TCH0008047,CMP0036,CL00400,2025-07-28,conversion
TCH0008048,CMP0036,CL00460,2025-08-06,conversion
TCH0008049,CMP0036,CL00187,2025-08-20,impression
TCH0008050,CMP0036,CL00076,2025-07-31,impression
TCH0008051,CMP0036,CL00032,2025-08-02,click
TCH0008052,CMP0036,CL00437,2025-08-13,click
TCH0008053,CMP0036,CL00418,2025-08-18,lead
TCH0008054,CMP0036,CL00295,2025-08-19,impression
TCH0008055,CMP0036,CL00184,2025-08-31,click
TCH0008056,CMP0036,CL00457,2025-09-01,click
TCH0008057,CMP0036,CL00248,2025-09-03,lead
TCH0008058,CMP0036,CL00457,2025-09-01,conversion
TCH0008059,CMP0036,CL00422,2025-07-24,conversion
TCH0008060,CMP0036,CL00419,2025-08-08,click
TCH0008061,CMP0036,CL00260,2025-08-30,impression
TCH0008062,CMP0036,CL00170,2025-08-20,impression
TCH0008063,CMP0036,CL00153,2025-09-02,click
TCH0008064,CMP0036,CL00010,2025-08-09,impression
TCH0008065,CMP0036,CL00232,2025-08-15,click
TCH0008066,CMP0036,CL00311,2025-09-04,impression
TCH0008067,CMP0036,CL00272,2025-08-25,conversion
TCH0008068,CMP0036,CL00232,2025-08-20,lead
TCH0008069,CMP0036,CL00343,2025-08-29,impression
TCH0008070,CMP0036,CL00046,2025-08-02,conversion
TCH0008071,CMP0036,CL00197,2025-08-13,impression
TCH0008072,CMP0036,CL00390,2025-07-30,impression
TCH0008073,CMP0036,CL00492,2025-07-26,impression
TCH0008074,CMP0036,CL00043,2025-08-21,impression
TCH0008075,CMP0036,CL00464,2025-08-09,impression
TCH0008076,CMP0036,CL00219,2025-08-13,click
TCH0008077,CMP0036,CL00159,2025-08-20,impression
TCH0008078,CMP0036,CL00495,2025-09-04,impression
TCH0008079,CMP0036,CL00137,2025-08-01,impression
TCH0008080,CMP0036,CL00129,2025-08-17,click
TCH0008081,CMP0036,CL00234,2025-09-03,impression
TCH0008082,CMP0036,CL00369,2025-08-06,click
TCH0008083,CMP0036,CL00258,2025-08-28,click
TCH0008084,CMP0036,CL00052,2025-07-26,impression
TCH0008085,CMP0036,CL00206,2025-08-13,impression
TCH0008086,CMP0036,CL00105,2025-07-24,impression
TCH0008087,CMP0036,CL00337,2025-07-31,impression
TCH0008088,CMP0036,CL00157,2025-09-04,impression
TCH0008089,CMP0036,CL00356,2025-08-11,click
TCH0008090,CMP0036,CL00500,2025-07-23,impression
TCH0008091,CMP0036,CL00180,2025-08-10,click
TCH0008092,CMP0036,CL00113,2025-09-03,click
TCH0008093,CMP0036,CL00495,2025-07-28,impression
TCH0008094,CMP0036,CL00333,2025-09-04,conversion
TCH0008095,CMP0036,CL00384,2025-08-30,click
TCH0008096,CMP0036,CL00194,2025-08-12,impression
TCH0008097,CMP0036,CL00213,2025-08-26,click
TCH0008098,CMP0036,CL00172,2025-08-26,click
TCH0008099,CMP0036,CL00109,2025-09-04,click
TCH0008100,CMP0036,CL00010,2025-08-29,conversion
TCH0008101,CMP0036,CL00044,2025-07-26,click
TCH0008102,CMP0036,CL00246,2025-09-03,impression
TCH0008103,CMP0036,CL00217,2025-08-15,impression
TCH0008104,CMP0036,CL00033,2025-08-03,impression
TCH0008105,CMP0036,CL00248,2025-09-03,impression
TCH0008106,CMP0036,CL00056,2025-08-27,click
TCH0008107,CMP0036,CL00437,2025-08-07,impression
TCH0008108,CMP0036,CL00128,2025-08-07,lead
TCH0008109,CMP0036,CL00126,2025-08-24,lead
TCH0008110,CMP0036,CL00179,2025-08-06,lead
TCH0008111,CMP0036,CL00164,2025-08-03,lead
TCH0008112,CMP0036,CL00209,2025-08-19,click
TCH0008113,CMP0036,CL00035,2025-08-02,click
TCH0008114,CMP0036,CL00444,2025-09-01,impression
TCH0008115,CMP0036,CL00028,2025-08-13,click
TCH0008116,CMP0036,CL00453,2025-07-25,impression
TCH0008117,CMP0036,CL00007,2025-08-02,lead
TCH0008118,CMP0036,CL00023,2025-07-23,impression
TCH0008119,CMP0036,CL00099,2025-08-31,impression
TCH0008120,CMP0036,CL00412,2025-08-04,impression
TCH0008121,CMP0036,CL00445,2025-08-25,click
TCH0008122,CMP0036,CL00118,2025-08-26,click
TCH0008123,CMP0036,CL00401,2025-07-30,lead
TCH0008124,CMP0036,CL00426,2025-07-24,impression
TCH0008125,CMP0036,CL00413,2025-08-08,lead
TCH0008126,CMP0036,CL00064,2025-08-25,lead
TCH0008127,CMP0036,CL00259,2025-07-24,click
TCH0008128,CMP0036,CL00408,2025-09-01,click
TCH0008129,CMP0036,CL00456,2025-08-09,conversion
TCH0008130,CMP0036,CL00317,2025-08-19,click
TCH0008131,CMP0036,CL00376,2025-07-23,click
TCH0008132,CMP0036,CL00406,2025-08-15,impression
TCH0008133,CMP0036,CL00488,2025-08-06,click
TCH0008134,CMP0036,CL00359,2025-08-06,conversion
TCH0008135,CMP0036,CL00025,2025-08-08,click
TCH0008136,CMP0036,CL00186,2025-08-23,impression
TCH0008137,CMP0036,CL00049,2025-07-31,impression
TCH0008138,CMP0036,CL00473,2025-08-23,impression
TCH0008139,CMP0036,CL00493,2025-07-25,impression
TCH0008140,CMP0036,CL00324,2025-09-04,impression
TCH0008141,CMP0036,CL00233,2025-08-29,click
TCH0008142,CMP0036,CL00038,2025-08-14,impression
TCH0008143,CMP0036,CL00161,2025-08-25,click
TCH0008144,CMP0036,CL00091,2025-07-24,lead
TCH0008145,CMP0036,CL00216,2025-08-18,click
TCH0008146,CMP0036,CL00297,2025-09-03,click
TCH0008147,CMP0036,CL00216,2025-07-24,click
TCH0008148,CMP0036,CL00432,2025-07-28,click
TCH0008149,CMP0036,CL00492,2025-07-27,lead
TCH0008150,CMP0036,CL00208,2025-08-28,click
TCH0008151,CMP0036,CL00314,2025-09-04,lead
TCH0008152,CMP0036,CL00207,2025-07-26,impression
TCH0008153,CMP0036,CL00314,2025-08-29,impression
TCH0008154,CMP0036,CL00198,2025-08-09,impression
TCH0008155,CMP0036,CL00358,2025-08-06,impression
TCH0008156,CMP0036,CL00495,2025-08-06,impression
TCH0008157,CMP0036,CL00189,2025-07-30,impression
TCH0008158,CMP0036,CL00226,2025-07-31,impression
TCH0008159,CMP0036,CL00413,2025-08-18,click
TCH0008160,CMP0036,CL00245,2025-08-04,click
TCH0008161,CMP0036,CL00118,2025-08-22,conversion
TCH0008162,CMP0036,CL00248,2025-07-29,impression
TCH0008163,CMP0036,CL00249,2025-08-18,click
TCH0008164,CMP0036,CL00114,2025-07-23,click
TCH0008165,CMP0036,CL00287,2025-08-03,lead
TCH0008166,CMP0036,CL00466,2025-08-05,lead
TCH0008167,CMP0036,CL00478,2025-09-03,impression
TCH0008168,CMP0036,CL00433,2025-08-15,lead
TCH0008169,CMP0036,CL00008,2025-08-25,conversion
TCH0008170,CMP0036,CL00385,2025-08-31,impression
TCH0008171,CMP0036,CL00118,2025-08-25,impression
TCH0008172,CMP0036,CL00314,2025-08-24,lead
TCH0008173,CMP0036,CL00492,2025-08-17,lead
TCH0008174,CMP0036,CL00130,2025-08-17,click
TCH0008175,CMP0036,CL00072,2025-08-26,lead
TCH0008176,CMP0036,CL00041,2025-09-04,impression
TCH0008177,CMP0036,CL00391,2025-08-09,impression
TCH0008178,CMP0037,CL00025,2025-06-24,conversion
TCH0008179,CMP0037,CL00473,2025-06-13,conversion
TCH0008180,CMP0037,CL00317,2025-06-02,impression
TCH0008181,CMP0037,CL00460,2025-07-02,impression
TCH0008182,CMP0037,CL00152,2025-06-01,click
TCH0008183,CMP0037,CL00483,2025-06-23,click
TCH0008184,CMP0037,CL00370,2025-06-06,impression
TCH0008185,CMP0037,CL00098,2025-06-15,impression
TCH0008186,CMP0037,CL00390,2025-07-06,impression
TCH0008187,CMP0037,CL00187,2025-05-28,impression
TCH0008188,CMP0037,CL00324,2025-06-17,impression
TCH0008189,CMP0037,CL00413,2025-05-28,lead
TCH0008190,CMP0037,CL00304,2025-07-10,impression
TCH0008191,CMP0037,CL00245,2025-06-27,impression
TCH0008192,CMP0037,CL00247,2025-05-26,click
TCH0008193,CMP0037,CL00137,2025-06-01,lead
TCH0008194,CMP0037,CL00354,2025-06-24,click
TCH0008195,CMP0037,CL00439,2025-07-15,impression
TCH0008196,CMP0037,CL00489,2025-07-02,click
TCH0008197,CMP0037,CL00171,2025-06-02,impression
TCH0008198,CMP0037,CL00120,2025-06-26,impression
TCH0008199,CMP0037,CL00007,2025-06-30,lead
TCH0008200,CMP0037,CL00216,2025-06-18,impression
TCH0008201,CMP0037,CL00096,2025-06-18,click
TCH0008202,CMP0037,CL00337,2025-06-06,impression
TCH0008203,CMP0037,CL00292,2025-06-28,impression
TCH0008204,CMP0037,CL00010,2025-06-15,impression
TCH0008205,CMP0037,CL00266,2025-07-01,click
TCH0008206,CMP0037,CL00111,2025-06-01,conversion
TCH0008207,CMP0037,CL00495,2025-06-12,lead
TCH0008208,CMP0037,CL00436,2025-06-20,impression
TCH0008209,CMP0037,CL00403,2025-06-11,lead
TCH0008210,CMP0037,CL00357,2025-07-15,click
TCH0008211,CMP0037,CL00258,2025-06-01,impression
TCH0008212,CMP0037,CL00018,2025-07-03,conversion
TCH0008213,CMP0037,CL00381,2025-06-09,impression
TCH0008214,CMP0037,CL00343,2025-06-11,click
TCH0008215,CMP0037,CL00378,2025-06-01,impression
TCH0008216,CMP0037,CL00003,2025-06-23,lead
TCH0008217,CMP0037,CL00375,2025-06-25,impression
TCH0008218,CMP0037,CL00219,2025-06-12,impression
TCH0008219,CMP0037,CL00044,2025-07-10,lead
TCH0008220,CMP0037,CL00488,2025-07-03,impression
TCH0008221,CMP0037,CL00097,2025-06-15,lead
TCH0008222,CMP0037,CL00099,2025-06-25,click
TCH0008223,CMP0037,CL00227,2025-06-02,click
TCH0008224,CMP0037,CL00445,2025-06-20,impression
TCH0008225,CMP0037,CL00006,2025-06-15,impression
TCH0008226,CMP0037,CL00457,2025-07-14,click
TCH0008227,CMP0037,CL00048,2025-07-06,lead
TCH0008228,CMP0037,CL00077,2025-06-10,click
TCH0008229,CMP0037,CL00060,2025-06-17,impression
TCH0008230,CMP0037,CL00290,2025-07-09,impression
TCH0008231,CMP0037,CL00035,2025-06-16,conversion
TCH0008232,CMP0037,CL00092,2025-05-26,impression
TCH0008233,CMP0037,CL00249,2025-07-05,impression
TCH0008234,CMP0037,CL00091,2025-06-20,impression
TCH0008235,CMP0037,CL00166,2025-06-14,impression
TCH0008236,CMP0037,CL00408,2025-05-26,click
TCH0008237,CMP0037,CL00418,2025-06-29,click
TCH0008238,CMP0037,CL00308,2025-05-30,click
TCH0008239,CMP0037,CL00454,2025-05-30,click
TCH0008240,CMP0037,CL00432,2025-06-12,click
TCH0008241,CMP0037,CL00179,2025-05-29,impression
TCH0008242,CMP0037,CL00297,2025-06-08,impression
TCH0008243,CMP0037,CL00315,2025-06-07,impression
TCH0008244,CMP0037,CL00215,2025-06-17,impression
TCH0008245,CMP0037,CL00213,2025-07-01,conversion
TCH0008246,CMP0037,CL00118,2025-07-02,impression
TCH0008247,CMP0037,CL00311,2025-05-30,lead
TCH0008248,CMP0037,CL00388,2025-06-30,conversion
TCH0008249,CMP0037,CL00285,2025-06-18,impression
TCH0008250,CMP0037,CL00045,2025-07-01,impression
TCH0008251,CMP0037,CL00369,2025-07-12,impression
TCH0008252,CMP0037,CL00385,2025-06-27,click
TCH0008253,CMP0037,CL00192,2025-06-24,impression
TCH0008254,CMP0037,CL00401,2025-07-14,conversion
TCH0008255,CMP0037,CL00036,2025-07-08,click
TCH0008256,CMP0037,CL00172,2025-06-05,impression
TCH0008257,CMP0037,CL00353,2025-07-10,click
TCH0008258,CMP0037,CL00299,2025-06-04,impression
TCH0008259,CMP0037,CL00379,2025-06-25,impression
TCH0008260,CMP0037,CL00459,2025-06-29,click
TCH0008261,CMP0037,CL00200,2025-06-22,impression
TCH0008262,CMP0037,CL00363,2025-06-30,impression
TCH0008263,CMP0037,CL00189,2025-06-04,impression
TCH0008264,CMP0037,CL00008,2025-07-03,click
TCH0008265,CMP0037,CL00393,2025-06-19,lead
TCH0008266,CMP0037,CL00274,2025-06-22,impression
TCH0008267,CMP0037,CL00056,2025-05-26,click
TCH0008268,CMP0037,CL00414,2025-06-23,impression
TCH0008269,CMP0037,CL00129,2025-06-25,click
TCH0008270,CMP0037,CL00038,2025-06-07,impression
TCH0008271,CMP0037,CL00058,2025-07-06,click
TCH0008272,CMP0037,CL00005,2025-06-25,click
TCH0008273,CMP0037,CL00282,2025-07-05,impression
TCH0008274,CMP0037,CL00412,2025-06-23,lead
TCH0008275,CMP0037,CL00312,2025-06-09,impression
TCH0008276,CMP0037,CL00466,2025-07-09,conversion
TCH0008277,CMP0037,CL00345,2025-06-11,lead
TCH0008278,CMP0037,CL00022,2025-07-06,conversion
TCH0008279,CMP0037,CL00259,2025-07-10,click
TCH0008280,CMP0037,CL00303,2025-06-26,click
TCH0008281,CMP0037,CL00052,2025-06-04,impression
TCH0008282,CMP0037,CL00456,2025-06-19,impression
TCH0008283,CMP0037,CL00416,2025-07-12,impression
TCH0008284,CMP0037,CL00049,2025-07-01,lead
TCH0008285,CMP0037,CL00367,2025-06-28,impression
TCH0008286,CMP0037,CL00444,2025-06-07,impression
TCH0008287,CMP0037,CL00275,2025-06-24,impression
TCH0008288,CMP0037,CL00157,2025-07-15,impression
TCH0008289,CMP0037,CL00184,2025-06-26,impression
TCH0008290,CMP0037,CL00237,2025-07-05,click
TCH0008291,CMP0037,CL00127,2025-06-09,impression
TCH0008292,CMP0037,CL00114,2025-06-10,click
TCH0008293,CMP0037,CL00464,2025-06-25,click
TCH0008294,CMP0037,CL00041,2025-07-10,impression
TCH0008295,CMP0037,CL00032,2025-06-29,impression
TCH0008296,CMP0037,CL00055,2025-06-11,impression
TCH0008297,CMP0037,CL00208,2025-07-07,click
TCH0008298,CMP0037,CL00419,2025-06-01,impression
TCH0008299,CMP0037,CL00476,2025-07-11,click
TCH0008300,CMP0037,CL00102,2025-06-17,click
TCH0008301,CMP0037,CL00043,2025-06-26,impression
TCH0008302,CMP0037,CL00191,2025-07-13,impression
TCH0008303,CMP0037,CL00083,2025-05-26,lead
TCH0008304,CMP0037,CL00072,2025-07-05,conversion
TCH0008305,CMP0037,CL00126,2025-06-05,impression
TCH0008306,CMP0037,CL00246,2025-07-04,click
TCH0008307,CMP0037,CL00442,2025-06-26,lead
TCH0008308,CMP0037,CL00206,2025-07-11,click
TCH0008309,CMP0037,CL00288,2025-06-18,impression
TCH0008310,CMP0037,CL00433,2025-07-12,click
TCH0008311,CMP0037,CL00492,2025-07-02,click
TCH0008312,CMP0037,CL00170,2025-05-27,impression
TCH0008313,CMP0037,CL00113,2025-07-12,lead
TCH0008314,CMP0037,CL00226,2025-05-27,lead
TCH0008315,CMP0037,CL00384,2025-05-26,click
TCH0008316,CMP0037,CL00080,2025-05-28,impression
TCH0008317,CMP0037,CL00138,2025-05-27,click
TCH0008318,CMP0037,CL00358,2025-06-03,click
TCH0008319,CMP0037,CL00064,2025-06-10,click
TCH0008320,CMP0037,CL00066,2025-05-30,lead
TCH0008321,CMP0037,CL00336,2025-06-27,lead
TCH0008322,CMP0037,CL00391,2025-06-10,impression
TCH0008323,CMP0037,CL00233,2025-07-10,impression
TCH0008324,CMP0037,CL00116,2025-06-29,lead
TCH0008325,CMP0037,CL00310,2025-06-19,lead
TCH0008326,CMP0037,CL00051,2025-06-20,click
TCH0008327,CMP0037,CL00173,2025-06-16,impression
TCH0008328,CMP0037,CL00037,2025-07-12,lead
TCH0008329,CMP0037,CL00109,2025-06-16,impression
TCH0008330,CMP0037,CL00453,2025-07-07,impression
TCH0008331,CMP0037,CL00272,2025-06-15,lead
TCH0008332,CMP0037,CL00106,2025-06-28,impression
TCH0008333,CMP0037,CL00232,2025-07-08,lead
TCH0008334,CMP0037,CL00153,2025-06-15,conversion
TCH0008335,CMP0037,CL00065,2025-06-08,click
TCH0008336,CMP0037,CL00422,2025-05-29,click
TCH0008337,CMP0037,CL00314,2025-06-08,click
TCH0008338,CMP0037,CL00209,2025-06-27,impression
TCH0008339,CMP0037,CL00033,2025-06-21,impression
TCH0008340,CMP0037,CL00429,2025-06-24,lead
TCH0008341,CMP0037,CL00047,2025-06-29,lead
TCH0008342,CMP0037,CL00426,2025-07-07,lead
TCH0008343,CMP0037,CL00105,2025-07-07,click
TCH0008344,CMP0037,CL00161,2025-05-29,click
TCH0008345,CMP0037,CL00359,2025-07-01,click
TCH0008346,CMP0037,CL00076,2025-06-25,click
TCH0008347,CMP0037,CL00023,2025-06-11,impression
TCH0008348,CMP0037,CL00029,2025-07-09,click
TCH0008349,CMP0037,CL00024,2025-07-05,impression
TCH0008350,CMP0037,CL00194,2025-07-07,lead
TCH0008351,CMP0037,CL00467,2025-06-17,impression
TCH0008352,CMP0037,CL00339,2025-06-01,impression
TCH0008353,CMP0037,CL00287,2025-06-25,lead
TCH0008354,CMP0037,CL00026,2025-05-31,impression
TCH0008355,CMP0037,CL00260,2025-07-01,click
TCH0008356,CMP0037,CL00373,2025-07-12,click
TCH0008357,CMP0037,CL00229,2025-06-28,click
TCH0008358,CMP0037,CL00180,2025-07-11,impression
TCH0008359,CMP0037,CL00478,2025-06-09,conversion
TCH0008360,CMP0037,CL00252,2025-06-06,impression
TCH0008361,CMP0037,CL00128,2025-06-30,impression
TCH0008362,CMP0037,CL00295,2025-06-17,lead
TCH0008363,CMP0037,CL00440,2025-07-15,lead
TCH0008364,CMP0037,CL00130,2025-06-02,impression
TCH0008365,CMP0037,CL00207,2025-06-25,click
TCH0008366,CMP0037,CL00234,2025-07-11,conversion
TCH0008367,CMP0037,CL00265,2025-06-10,lead
TCH0008368,CMP0037,CL00437,2025-07-12,impression
TCH0008369,CMP0037,CL00325,2025-06-15,click
TCH0008370,CMP0037,CL00144,2025-06-20,click
TCH0008371,CMP0037,CL00042,2025-07-08,lead
TCH0008372,CMP0037,CL00458,2025-06-21,conversion
TCH0008373,CMP0037,CL00217,2025-06-01,click
TCH0008374,CMP0037,CL00164,2025-06-27,click
TCH0008375,CMP0037,CL00046,2025-05-28,click
TCH0008376,CMP0037,CL00298,2025-07-14,impression
TCH0008377,CMP0037,CL00376,2025-06-14,impression
TCH0008378,CMP0037,CL00159,2025-06-30,conversion
TCH0008379,CMP0037,CL00186,2025-06-05,lead
TCH0008380,CMP0037,CL00326,2025-06-24,impression
TCH0008381,CMP0037,CL00420,2025-06-10,lead
TCH0008382,CMP0037,CL00248,2025-06-24,click
TCH0008383,CMP0037,CL00356,2025-07-09,impression
TCH0008384,CMP0037,CL00500,2025-05-27,click
TCH0008385,CMP0037,CL00400,2025-06-21,click
TCH0008386,CMP0037,CL00406,2025-06-26,click
TCH0008387,CMP0037,CL00493,2025-07-05,impression
TCH0008388,CMP0037,CL00468,2025-06-29,impression
TCH0008389,CMP0037,CL00333,2025-05-26,click
TCH0008390,CMP0037,CL00197,2025-07-11,impression
TCH0008391,CMP0037,CL00428,2025-06-15,impression
TCH0008392,CMP0037,CL00198,2025-07-07,impression
TCH0008393,CMP0037,CL00001,2025-07-09,click
TCH0008394,CMP0037,CL00028,2025-06-14,impression
TCH0008395,CMP0038,CL00445,2025-11-07,conversion
TCH0008396,CMP0038,CL00129,2025-12-13,click
TCH0008397,CMP0038,CL00416,2025-11-14,impression
TCH0008398,CMP0038,CL00295,2025-11-22,conversion
TCH0008399,CMP0038,CL00315,2026-01-02,impression
TCH0008400,CMP0038,CL00436,2025-12-15,impression
TCH0008401,CMP0038,CL00194,2025-11-22,impression
TCH0008402,CMP0038,CL00457,2026-01-03,impression
TCH0008403,CMP0038,CL00460,2025-11-16,impression
TCH0008404,CMP0038,CL00077,2025-10-13,click
TCH0008405,CMP0038,CL00052,2025-11-08,lead
TCH0008406,CMP0038,CL00179,2025-11-15,click
TCH0008407,CMP0038,CL00035,2025-10-20,click
TCH0008408,CMP0038,CL00492,2025-11-10,click
TCH0008409,CMP0038,CL00384,2025-11-09,impression
TCH0008410,CMP0038,CL00166,2025-10-22,lead
TCH0008411,CMP0038,CL00056,2025-12-25,impression
TCH0008412,CMP0038,CL00025,2025-12-17,click
TCH0008413,CMP0038,CL00042,2025-11-20,impression
TCH0008414,CMP0038,CL00381,2025-10-21,lead
TCH0008415,CMP0038,CL00198,2025-10-27,click
TCH0008416,CMP0038,CL00495,2025-12-30,conversion
TCH0008417,CMP0038,CL00444,2025-10-10,lead
TCH0008418,CMP0038,CL00376,2025-12-23,lead
TCH0008419,CMP0038,CL00282,2025-12-26,lead
TCH0008420,CMP0038,CL00180,2025-11-18,conversion
TCH0008421,CMP0038,CL00325,2025-11-14,impression
TCH0008422,CMP0038,CL00249,2025-12-03,lead
TCH0008423,CMP0038,CL00191,2025-11-02,conversion
TCH0008424,CMP0038,CL00326,2025-11-24,click
TCH0008425,CMP0038,CL00354,2025-10-24,lead
TCH0008426,CMP0038,CL00339,2025-11-07,impression
TCH0008427,CMP0038,CL00105,2025-12-03,click
TCH0008428,CMP0038,CL00226,2025-10-11,click
TCH0008429,CMP0038,CL00432,2025-12-26,lead
TCH0008430,CMP0038,CL00024,2025-10-28,click
TCH0008431,CMP0038,CL00127,2025-10-10,lead
TCH0008432,CMP0038,CL00114,2025-12-05,lead
TCH0008433,CMP0038,CL00353,2025-11-20,click
TCH0008434,CMP0038,CL00022,2025-12-24,lead
TCH0008435,CMP0038,CL00336,2025-11-29,click
TCH0008436,CMP0038,CL00453,2025-12-23,impression
TCH0008437,CMP0038,CL00287,2025-10-22,impression
TCH0008438,CMP0038,CL00500,2025-10-27,impression
TCH0008439,CMP0038,CL00356,2025-11-02,impression
TCH0008440,CMP0038,CL00060,2025-11-06,impression
TCH0008441,CMP0038,CL00200,2025-10-27,lead
TCH0008442,CMP0038,CL00246,2025-11-11,click
TCH0008443,CMP0038,CL00248,2025-11-04,click
TCH0008444,CMP0038,CL00473,2026-01-05,click
TCH0008445,CMP0038,CL00197,2025-11-22,click
TCH0008446,CMP0038,CL00259,2025-10-29,impression
TCH0008447,CMP0038,CL00026,2025-10-10,impression
TCH0008448,CMP0038,CL00429,2025-12-22,lead
TCH0008449,CMP0038,CL00058,2025-10-13,click
TCH0008450,CMP0038,CL00488,2025-11-16,impression
TCH0008451,CMP0038,CL00297,2025-12-03,impression
TCH0008452,CMP0038,CL00483,2025-12-06,lead
TCH0008453,CMP0038,CL00207,2025-10-12,impression
TCH0008454,CMP0038,CL00130,2025-10-17,conversion
TCH0008455,CMP0038,CL00440,2025-12-02,lead
TCH0008456,CMP0038,CL00227,2025-11-07,impression
TCH0008457,CMP0038,CL00422,2025-12-23,impression
TCH0008458,CMP0038,CL00413,2025-10-26,impression
TCH0008459,CMP0038,CL00426,2025-10-12,impression
TCH0008460,CMP0038,CL00192,2025-12-14,click
TCH0008461,CMP0038,CL00003,2025-11-20,click
TCH0008462,CMP0038,CL00099,2025-11-19,click
TCH0008463,CMP0038,CL00400,2026-01-03,impression
TCH0008464,CMP0038,CL00245,2025-11-05,click
TCH0008465,CMP0038,CL00091,2025-11-16,impression
TCH0008466,CMP0038,CL00232,2025-12-29,click
TCH0008467,CMP0038,CL00159,2025-10-23,impression
TCH0008468,CMP0038,CL00137,2025-11-24,lead
TCH0008469,CMP0038,CL00454,2025-12-23,impression
TCH0008470,CMP0038,CL00378,2025-12-05,lead
TCH0008471,CMP0038,CL00437,2025-12-10,lead
TCH0008472,CMP0038,CL00237,2025-11-02,click
TCH0008473,CMP0038,CL00310,2025-10-23,click
TCH0008474,CMP0038,CL00412,2025-10-28,conversion
TCH0008475,CMP0038,CL00006,2025-11-16,lead
TCH0008476,CMP0038,CL00041,2025-11-10,click
TCH0008477,CMP0038,CL00209,2025-12-12,lead
TCH0008478,CMP0038,CL00037,2025-10-23,click
TCH0008479,CMP0038,CL00206,2025-11-21,conversion
TCH0008480,CMP0038,CL00007,2025-10-27,lead
TCH0008481,CMP0038,CL00217,2025-11-17,click
TCH0008482,CMP0038,CL00097,2025-11-12,impression
TCH0008483,CMP0038,CL00113,2025-12-01,click
TCH0008484,CMP0038,CL00216,2025-12-05,click
TCH0008485,CMP0038,CL00456,2025-11-11,conversion
TCH0008486,CMP0038,CL00028,2025-11-25,lead
TCH0008487,CMP0038,CL00406,2025-12-16,click
TCH0008488,CMP0038,CL00118,2025-11-23,impression
TCH0008489,CMP0038,CL00312,2025-10-22,impression
TCH0008490,CMP0038,CL00172,2025-11-10,impression
TCH0008491,CMP0038,CL00048,2025-11-06,click
TCH0008492,CMP0038,CL00184,2025-12-01,impression
TCH0008493,CMP0038,CL00010,2025-11-15,impression
TCH0008494,CMP0038,CL00285,2025-10-21,lead
TCH0008495,CMP0038,CL00369,2025-10-28,click
TCH0008496,CMP0038,CL00076,2025-11-18,click
TCH0008497,CMP0038,CL00367,2025-11-30,conversion
TCH0008498,CMP0038,CL00343,2025-12-27,impression
TCH0008499,CMP0038,CL00357,2025-12-09,click
TCH0008500,CMP0038,CL00032,2025-10-12,lead
TCH0008501,CMP0038,CL00036,2025-12-16,click
TCH0008502,CMP0038,CL00311,2025-12-22,lead
TCH0008503,CMP0038,CL00187,2025-12-12,click
TCH0008504,CMP0038,CL00359,2025-11-18,click
TCH0008505,CMP0038,CL00272,2025-11-27,lead
TCH0008506,CMP0038,CL00046,2026-01-05,click
TCH0008507,CMP0038,CL00208,2025-12-11,impression
TCH0008508,CMP0039,CL00081,2024-04-23,impression
TCH0008509,CMP0039,CL00456,2024-04-10,click
TCH0008510,CMP0039,CL00361,2024-05-27,lead
TCH0008511,CMP0039,CL00299,2024-04-30,click
TCH0008512,CMP0039,CL00171,2024-03-31,click
TCH0008513,CMP0039,CL00205,2024-04-10,click
TCH0008514,CMP0039,CL00300,2024-04-19,impression
TCH0008515,CMP0039,CL00484,2024-04-27,impression
TCH0008516,CMP0039,CL00414,2024-05-02,impression
TCH0008517,CMP0039,CL00107,2024-05-27,lead
TCH0008518,CMP0039,CL00038,2024-05-05,impression
TCH0008519,CMP0039,CL00468,2024-05-17,impression
TCH0008520,CMP0039,CL00016,2024-04-13,click
TCH0008521,CMP0039,CL00463,2024-04-22,click
TCH0008522,CMP0039,CL00044,2024-05-19,conversion
TCH0008523,CMP0039,CL00178,2024-05-09,impression
TCH0008524,CMP0039,CL00226,2024-04-07,click
TCH0008525,CMP0039,CL00297,2024-05-08,impression
TCH0008526,CMP0039,CL00028,2024-05-24,lead
TCH0008527,CMP0039,CL00278,2024-05-04,click
TCH0008528,CMP0039,CL00292,2024-04-18,impression
TCH0008529,CMP0039,CL00230,2024-05-20,click
TCH0008530,CMP0039,CL00089,2024-04-07,click
TCH0008531,CMP0039,CL00072,2024-05-15,click
TCH0008532,CMP0039,CL00144,2024-04-21,click
TCH0008533,CMP0039,CL00216,2024-05-13,click
TCH0008534,CMP0039,CL00316,2024-04-06,lead
TCH0008535,CMP0039,CL00117,2024-05-06,click
TCH0008536,CMP0039,CL00443,2024-05-22,impression
TCH0008537,CMP0039,CL00018,2024-05-13,conversion
TCH0008538,CMP0039,CL00401,2024-03-31,impression
TCH0008539,CMP0039,CL00040,2024-04-25,impression
TCH0008540,CMP0039,CL00415,2024-04-26,impression
TCH0008541,CMP0039,CL00097,2024-05-01,impression
TCH0008542,CMP0039,CL00255,2024-05-04,impression
TCH0008543,CMP0039,CL00098,2024-04-14,lead
TCH0008544,CMP0039,CL00385,2024-05-07,lead
TCH0008545,CMP0039,CL00409,2024-05-07,click
TCH0008546,CMP0039,CL00052,2024-04-25,impression
TCH0008547,CMP0039,CL00187,2024-05-10,impression
TCH0008548,CMP0039,CL00244,2024-04-27,click
TCH0008549,CMP0039,CL00243,2024-05-04,lead
TCH0008550,CMP0039,CL00290,2024-05-14,lead
TCH0008551,CMP0039,CL00126,2024-05-27,impression
TCH0008552,CMP0039,CL00370,2024-04-19,click
TCH0008553,CMP0039,CL00271,2024-05-16,click
TCH0008554,CMP0039,CL00207,2024-05-12,lead
TCH0008555,CMP0039,CL00006,2024-05-18,click
TCH0008556,CMP0039,CL00217,2024-05-20,impression
TCH0008557,CMP0039,CL00007,2024-04-17,click
TCH0008558,CMP0039,CL00219,2024-05-08,lead
TCH0008559,CMP0039,CL00288,2024-04-24,conversion
TCH0008560,CMP0039,CL00082,2024-04-19,click
TCH0008561,CMP0039,CL00021,2024-04-29,click
TCH0008562,CMP0039,CL00155,2024-05-08,lead
TCH0008563,CMP0039,CL00274,2024-04-28,lead
TCH0008564,CMP0039,CL00195,2024-04-14,impression
TCH0008565,CMP0039,CL00337,2024-04-20,click
TCH0008566,CMP0039,CL00420,2024-04-10,conversion
TCH0008567,CMP0039,CL00303,2024-04-16,impression
TCH0008568,CMP0039,CL00104,2024-04-27,impression
TCH0008569,CMP0039,CL00384,2024-05-23,impression
TCH0008570,CMP0039,CL00466,2024-04-07,impression
TCH0008571,CMP0039,CL00180,2024-05-06,impression
TCH0008572,CMP0039,CL00272,2024-03-31,click
TCH0008573,CMP0039,CL00148,2024-05-27,impression
TCH0008574,CMP0039,CL00340,2024-05-05,impression
TCH0008575,CMP0039,CL00327,2024-05-24,click
TCH0008576,CMP0039,CL00407,2024-04-02,impression
TCH0008577,CMP0039,CL00408,2024-05-06,lead
TCH0008578,CMP0039,CL00250,2024-04-25,click
TCH0008579,CMP0039,CL00167,2024-04-01,lead
TCH0008580,CMP0039,CL00452,2024-04-11,conversion
TCH0008581,CMP0039,CL00109,2024-05-16,click
TCH0008582,CMP0039,CL00013,2024-04-19,click
TCH0008583,CMP0039,CL00196,2024-04-13,conversion
TCH0008584,CMP0039,CL00017,2024-05-02,impression
TCH0008585,CMP0039,CL00214,2024-05-22,conversion
TCH0008586,CMP0039,CL00134,2024-05-17,click
TCH0008587,CMP0039,CL00257,2024-05-19,conversion
TCH0008588,CMP0039,CL00381,2024-05-16,impression
TCH0008589,CMP0039,CL00320,2024-04-11,impression
TCH0008590,CMP0039,CL00433,2024-04-17,impression
TCH0008591,CMP0039,CL00358,2024-04-27,click
TCH0008592,CMP0039,CL00260,2024-05-20,impression
TCH0008593,CMP0039,CL00388,2024-05-24,impression
TCH0008594,CMP0039,CL00236,2024-05-10,impression
TCH0008595,CMP0039,CL00321,2024-05-22,click
TCH0008596,CMP0039,CL00309,2024-05-07,impression
TCH0008597,CMP0039,CL00293,2024-04-28,conversion
TCH0008598,CMP0039,CL00105,2024-05-14,impression
TCH0008599,CMP0039,CL00261,2024-03-31,click
TCH0008600,CMP0039,CL00492,2024-04-03,click
TCH0008601,CMP0039,CL00092,2024-05-23,click
TCH0008602,CMP0039,CL00325,2024-05-06,conversion
TCH0008603,CMP0039,CL00416,2024-04-11,impression
TCH0008604,CMP0039,CL00482,2024-04-03,lead
TCH0008605,CMP0039,CL00499,2024-05-12,impression
TCH0008606,CMP0039,CL00404,2024-04-18,lead
TCH0008607,CMP0039,CL00333,2024-04-30,click
TCH0008608,CMP0039,CL00391,2024-05-15,impression
TCH0008609,CMP0039,CL00010,2024-04-25,impression
TCH0008610,CMP0039,CL00070,2024-04-15,impression
TCH0008611,CMP0039,CL00284,2024-04-26,impression
TCH0008612,CMP0039,CL00357,2024-04-08,impression
TCH0008613,CMP0039,CL00380,2024-05-12,click
TCH0008614,CMP0039,CL00389,2024-04-30,click
TCH0008615,CMP0039,CL00235,2024-05-23,click
TCH0008616,CMP0039,CL00169,2024-05-12,conversion
TCH0008617,CMP0039,CL00004,2024-05-04,click
TCH0008618,CMP0039,CL00090,2024-04-24,impression
TCH0008619,CMP0039,CL00444,2024-05-24,lead
TCH0008620,CMP0039,CL00305,2024-04-02,click
TCH0008621,CMP0039,CL00323,2024-04-22,click
TCH0008622,CMP0039,CL00319,2024-05-06,conversion
TCH0008623,CMP0039,CL00413,2024-05-21,impression
TCH0008624,CMP0039,CL00076,2024-05-15,impression
TCH0008625,CMP0039,CL00099,2024-04-14,click
TCH0008626,CMP0039,CL00184,2024-05-09,impression
TCH0008627,CMP0039,CL00111,2024-05-03,lead
TCH0008628,CMP0039,CL00240,2024-04-10,click
TCH0008629,CMP0039,CL00227,2024-04-24,impression
TCH0008630,CMP0039,CL00116,2024-05-27,click
TCH0008631,CMP0039,CL00022,2024-05-11,impression
TCH0008632,CMP0039,CL00376,2024-04-22,click
TCH0008633,CMP0039,CL00445,2024-05-27,conversion
TCH0008634,CMP0039,CL00423,2024-05-14,impression
TCH0008635,CMP0039,CL00029,2024-04-07,conversion
TCH0008636,CMP0039,CL00012,2024-05-06,conversion
TCH0008637,CMP0039,CL00198,2024-05-12,click
TCH0008638,CMP0039,CL00374,2024-05-06,impression
TCH0008639,CMP0039,CL00139,2024-05-17,impression
TCH0008640,CMP0039,CL00488,2024-05-21,click
TCH0008641,CMP0039,CL00343,2024-04-25,impression
TCH0008642,CMP0039,CL00285,2024-05-12,conversion
TCH0008643,CMP0039,CL00273,2024-04-22,conversion
TCH0008644,CMP0039,CL00460,2024-03-29,conversion
TCH0008645,CMP0039,CL00342,2024-05-12,conversion
TCH0008646,CMP0039,CL00141,2024-04-14,lead
TCH0008647,CMP0039,CL00307,2024-05-23,impression
TCH0008648,CMP0039,CL00390,2024-05-18,impression
TCH0008649,CMP0039,CL00396,2024-05-08,conversion
TCH0008650,CMP0039,CL00366,2024-04-14,click
TCH0008651,CMP0039,CL00375,2024-03-31,lead
TCH0008652,CMP0039,CL00378,2024-04-10,click
TCH0008653,CMP0039,CL00406,2024-04-23,impression
TCH0008654,CMP0039,CL00228,2024-04-23,impression
TCH0008655,CMP0039,CL00079,2024-05-12,impression
TCH0008656,CMP0039,CL00470,2024-05-19,click
TCH0008657,CMP0039,CL00435,2024-04-17,click
TCH0008658,CMP0039,CL00046,2024-04-14,click
TCH0008659,CMP0039,CL00225,2024-04-14,impression
TCH0008660,CMP0039,CL00068,2024-04-07,impression
TCH0008661,CMP0039,CL00088,2024-05-19,impression
TCH0008662,CMP0039,CL00208,2024-04-16,impression
TCH0008663,CMP0039,CL00138,2024-04-19,lead
TCH0008664,CMP0039,CL00163,2024-04-06,lead
TCH0008665,CMP0039,CL00019,2024-05-16,impression
TCH0008666,CMP0039,CL00023,2024-04-21,click
TCH0008667,CMP0039,CL00037,2024-04-05,impression
TCH0008668,CMP0039,CL00372,2024-05-02,lead
TCH0008669,CMP0039,CL00329,2024-04-19,conversion
TCH0008670,CMP0039,CL00043,2024-04-20,click
TCH0008671,CMP0039,CL00005,2024-04-18,click
TCH0008672,CMP0039,CL00421,2024-04-07,impression
TCH0008673,CMP0039,CL00267,2024-05-09,impression
TCH0008674,CMP0039,CL00265,2024-05-20,lead
TCH0008675,CMP0039,CL00324,2024-04-15,impression
TCH0008676,CMP0039,CL00129,2024-04-10,lead
TCH0008677,CMP0039,CL00268,2024-05-15,lead
TCH0008678,CMP0039,CL00211,2024-04-17,conversion
TCH0008679,CMP0039,CL00400,2024-05-12,impression
TCH0008680,CMP0039,CL00462,2024-04-01,lead
TCH0008681,CMP0039,CL00356,2024-04-10,conversion
TCH0008682,CMP0039,CL00450,2024-05-26,lead
TCH0008683,CMP0039,CL00483,2024-05-23,impression
TCH0008684,CMP0039,CL00059,2024-04-30,click
TCH0008685,CMP0039,CL00062,2024-04-08,conversion
TCH0008686,CMP0039,CL00102,2024-04-11,impression
TCH0008687,CMP0039,CL00159,2024-04-26,impression
TCH0008688,CMP0039,CL00034,2024-04-12,impression
TCH0008689,CMP0039,CL00275,2024-04-19,impression
TCH0008690,CMP0039,CL00166,2024-05-12,impression
TCH0008691,CMP0039,CL00077,2024-05-09,impression
TCH0008692,CMP0039,CL00259,2024-05-17,impression
TCH0008693,CMP0039,CL00286,2024-04-03,impression
TCH0008694,CMP0039,CL00128,2024-05-14,click
TCH0008695,CMP0039,CL00229,2024-04-29,click
TCH0008696,CMP0039,CL00365,2024-04-17,impression
TCH0008697,CMP0039,CL00115,2024-05-20,impression
TCH0008698,CMP0039,CL00359,2024-03-29,impression
TCH0008699,CMP0039,CL00383,2024-04-12,click
TCH0008700,CMP0039,CL00464,2024-04-24,impression
TCH0008701,CMP0039,CL00177,2024-04-09,click
TCH0008702,CMP0039,CL00354,2024-05-16,click
TCH0008703,CMP0039,CL00120,2024-04-01,lead
TCH0008704,CMP0039,CL00204,2024-04-30,conversion
TCH0008705,CMP0039,CL00279,2024-04-03,impression
TCH0008706,CMP0039,CL00238,2024-04-03,impression
TCH0008707,CMP0039,CL00266,2024-04-01,impression
TCH0008708,CMP0039,CL00295,2024-04-26,click
TCH0008709,CMP0039,CL00150,2024-05-05,conversion
TCH0008710,CMP0039,CL00313,2024-03-29,lead
TCH0008711,CMP0039,CL00239,2024-04-02,click
TCH0008712,CMP0039,CL00426,2024-03-31,click
TCH0008713,CMP0039,CL00417,2024-05-05,impression
TCH0008714,CMP0039,CL00353,2024-04-16,impression
TCH0008715,CMP0039,CL00350,2024-04-25,impression
TCH0008716,CMP0039,CL00448,2024-05-06,click
TCH0008717,CMP0039,CL00215,2024-03-29,lead
TCH0008718,CMP0039,CL00075,2024-05-17,click
TCH0008719,CMP0039,CL00431,2024-04-12,lead
TCH0008720,CMP0039,CL00441,2024-04-02,conversion
TCH0008721,CMP0039,CL00175,2024-04-08,lead
TCH0008722,CMP0039,CL00182,2024-03-29,impression
TCH0008723,CMP0039,CL00108,2024-04-09,impression
TCH0008724,CMP0039,CL00301,2024-05-25,click
TCH0008725,CMP0039,CL00061,2024-04-18,click
TCH0008726,CMP0039,CL00152,2024-05-24,conversion
TCH0008727,CMP0039,CL00083,2024-03-30,impression
TCH0008728,CMP0039,CL00103,2024-05-17,impression
TCH0008729,CMP0039,CL00156,2024-05-12,impression
TCH0008730,CMP0039,CL00048,2024-05-15,impression
TCH0008731,CMP0039,CL00154,2024-04-22,impression
TCH0008732,CMP0039,CL00339,2024-04-16,impression
TCH0008733,CMP0039,CL00202,2024-05-12,click
TCH0008734,CMP0039,CL00310,2024-03-30,conversion
TCH0008735,CMP0039,CL00084,2024-04-22,lead
TCH0008736,CMP0039,CL00025,2024-04-10,lead
TCH0008737,CMP0039,CL00193,2024-04-06,impression
TCH0008738,CMP0039,CL00189,2024-04-06,impression
TCH0008739,CMP0039,CL00394,2024-05-27,impression
TCH0008740,CMP0039,CL00493,2024-05-26,impression
TCH0008741,CMP0039,CL00210,2024-05-07,impression
TCH0008742,CMP0039,CL00410,2024-04-20,click
TCH0008743,CMP0039,CL00066,2024-04-03,click
TCH0008744,CMP0039,CL00033,2024-05-04,impression
TCH0008745,CMP0039,CL00276,2024-04-02,lead
TCH0008746,CMP0039,CL00349,2024-04-13,impression
TCH0008747,CMP0039,CL00453,2024-04-11,impression
TCH0008748,CMP0039,CL00042,2024-04-11,impression
TCH0008749,CMP0039,CL00459,2024-04-08,impression
TCH0008750,CMP0039,CL00393,2024-05-26,lead
TCH0008751,CMP0039,CL00045,2024-04-07,lead
TCH0008752,CMP0039,CL00030,2024-04-13,lead
TCH0008753,CMP0039,CL00231,2024-04-22,impression
TCH0008754,CMP0039,CL00242,2024-04-05,impression
TCH0008755,CMP0039,CL00347,2024-04-28,impression
TCH0008756,CMP0039,CL00248,2024-05-16,click
TCH0008757,CMP0039,CL00382,2024-04-23,impression
TCH0008758,CMP0039,CL00213,2024-04-13,click
TCH0008759,CMP0039,CL00165,2024-04-23,impression
TCH0008760,CMP0039,CL00254,2024-05-12,lead
TCH0008761,CMP0039,CL00379,2024-05-03,impression
TCH0008762,CMP0039,CL00233,2024-04-24,click
TCH0008763,CMP0039,CL00287,2024-05-08,click
TCH0008764,CMP0039,CL00427,2024-05-20,impression
TCH0008765,CMP0039,CL00436,2024-05-07,click
TCH0008766,CMP0039,CL00263,2024-05-05,impression
TCH0008767,CMP0039,CL00377,2024-04-26,impression
TCH0008768,CMP0039,CL00106,2024-04-22,lead
TCH0008769,CMP0039,CL00447,2024-04-18,impression
TCH0008770,CMP0039,CL00311,2024-04-21,conversion
TCH0008771,CMP0039,CL00480,2024-04-20,impression
TCH0008772,CMP0039,CL00001,2024-05-18,impression
TCH0008773,CMP0039,CL00326,2024-05-13,impression
TCH0008774,CMP0039,CL00438,2024-04-07,lead
TCH0008775,CMP0039,CL00140,2024-05-20,click
TCH0008776,CMP0039,CL00331,2024-05-05,click
TCH0008777,CMP0039,CL00201,2024-04-16,impression
TCH0008778,CMP0039,CL00191,2024-05-14,impression
TCH0008779,CMP0039,CL00440,2024-04-12,lead
TCH0008780,CMP0039,CL00114,2024-05-09,impression
TCH0008781,CMP0039,CL00489,2024-05-20,lead
TCH0008782,CMP0039,CL00085,2024-05-24,conversion
TCH0008783,CMP0039,CL00422,2024-04-21,lead
TCH0008784,CMP0039,CL00428,2024-05-08,impression
TCH0008785,CMP0039,CL00056,2024-05-01,click
TCH0008786,CMP0039,CL00124,2024-05-09,click
TCH0008787,CMP0039,CL00032,2024-05-13,lead
TCH0008788,CMP0039,CL00074,2024-05-02,lead
TCH0008789,CMP0039,CL00252,2024-05-12,impression
TCH0008790,CMP0039,CL00289,2024-04-10,conversion
TCH0008791,CMP0039,CL00432,2024-05-13,impression
TCH0008792,CMP0039,CL00402,2024-05-23,impression
TCH0008793,CMP0039,CL00073,2024-04-04,click
TCH0008794,CMP0039,CL00186,2024-04-07,click
TCH0008795,CMP0039,CL00058,2024-05-06,conversion
TCH0008796,CMP0039,CL00315,2024-05-25,lead
TCH0008797,CMP0039,CL00024,2024-04-30,impression
TCH0008798,CMP0039,CL00280,2024-04-14,conversion
TCH0008799,CMP0039,CL00049,2024-04-15,click
TCH0008800,CMP0039,CL00096,2024-04-28,click
TCH0008801,CMP0039,CL00490,2024-05-08,impression
TCH0008802,CMP0039,CL00478,2024-05-15,impression
TCH0008803,CMP0039,CL00200,2024-04-30,impression
TCH0008804,CMP0039,CL00234,2024-04-26,click
TCH0008805,CMP0039,CL00282,2024-05-04,lead
TCH0008806,CMP0039,CL00179,2024-05-13,lead
TCH0008807,CMP0039,CL00065,2024-04-02,impression
TCH0008808,CMP0039,CL00256,2024-05-19,click
TCH0008809,CMP0039,CL00348,2024-04-28,impression
TCH0008810,CMP0039,CL00412,2024-05-21,click
TCH0008811,CMP0039,CL00026,2024-04-09,click
TCH0008812,CMP0039,CL00291,2024-03-30,impression
TCH0008813,CMP0039,CL00101,2024-05-16,click
TCH0008814,CMP0039,CL00476,2024-04-20,click
TCH0008815,CMP0039,CL00332,2024-04-07,lead
TCH0008816,CMP0039,CL00369,2024-03-29,impression
TCH0008817,CMP0039,CL00146,2024-04-30,click
TCH0008818,CMP0039,CL00133,2024-04-26,click
TCH0008819,CMP0039,CL00364,2024-05-10,click
TCH0008820,CMP0039,CL00113,2024-04-06,lead
TCH0008821,CMP0039,CL00224,2024-05-02,impression
TCH0008822,CMP0039,CL00051,2024-05-26,conversion
TCH0008823,CMP0039,CL00425,2024-04-21,impression
TCH0008824,CMP0039,CL00192,2024-05-14,lead
TCH0008825,CMP0039,CL00312,2024-04-24,impression
TCH0008826,CMP0039,CL00277,2024-05-06,lead
TCH0008827,CMP0039,CL00014,2024-05-12,conversion
TCH0008828,CMP0039,CL00424,2024-05-05,impression
TCH0008829,CMP0039,CL00314,2024-05-10,impression
TCH0008830,CMP0039,CL00437,2024-04-22,conversion
TCH0008831,CMP0039,CL00418,2024-04-09,impression
TCH0008832,CMP0039,CL00264,2024-04-06,conversion
TCH0008833,CMP0039,CL00475,2024-05-19,click
TCH0008834,CMP0039,CL00281,2024-05-21,impression
TCH0008835,CMP0039,CL00093,2024-04-21,click
TCH0008836,CMP0039,CL00449,2024-04-28,click
TCH0008837,CMP0039,CL00110,2024-05-27,impression
TCH0008838,CMP0039,CL00060,2024-05-06,lead
TCH0008839,CMP0039,CL00008,2024-04-20,impression
TCH0008840,CMP0039,CL00298,2024-04-25,click
TCH0008841,CMP0039,CL00153,2024-04-25,click
TCH0008842,CMP0039,CL00172,2024-04-22,lead
TCH0008843,CMP0039,CL00212,2024-04-11,impression
TCH0008844,CMP0039,CL00368,2024-05-04,impression
TCH0008845,CMP0039,CL00341,2024-05-25,impression
TCH0008846,CMP0039,CL00223,2024-04-18,lead
TCH0008847,CMP0039,CL00472,2024-03-30,click
TCH0008848,CMP0039,CL00137,2024-05-11,click
TCH0008849,CMP0039,CL00078,2024-04-14,click
TCH0008850,CMP0039,CL00112,2024-05-13,impression
TCH0008851,CMP0039,CL00495,2024-04-11,impression
TCH0008852,CMP0039,CL00206,2024-04-14,click
TCH0008853,CMP0039,CL00149,2024-05-07,lead
TCH0008854,CMP0039,CL00091,2024-05-07,impression
TCH0008855,CMP0039,CL00181,2024-05-09,click
TCH0008856,CMP0039,CL00183,2024-04-04,impression
TCH0008857,CMP0039,CL00351,2024-05-01,lead
TCH0008858,CMP0039,CL00170,2024-04-13,lead
TCH0008859,CMP0039,CL00069,2024-05-25,lead
TCH0008860,CMP0039,CL00064,2024-04-27,impression
TCH0008861,CMP0039,CL00164,2024-04-02,impression
TCH0008862,CMP0039,CL00168,2024-04-30,impression
TCH0008863,CMP0039,CL00188,2024-03-29,impression
TCH0008864,CMP0039,CL00087,2024-05-07,click
TCH0008865,CMP0039,CL00130,2024-05-07,lead
TCH0008866,CMP0039,CL00500,2024-03-31,impression
TCH0008867,CMP0039,CL00247,2024-05-21,impression
TCH0008868,CMP0039,CL00399,2024-05-22,impression
TCH0008869,CMP0039,CL00469,2024-05-01,lead
TCH0008870,CMP0039,CL00143,2024-05-19,conversion
TCH0008871,CMP0039,CL00039,2024-04-22,click
TCH0008872,CMP0039,CL00119,2024-03-30,conversion
TCH0008873,CMP0039,CL00434,2024-05-20,click
TCH0008874,CMP0039,CL00041,2024-04-12,impression
TCH0008875,CMP0039,CL00308,2024-05-25,lead
TCH0008876,CMP0039,CL00123,2024-04-13,lead
TCH0008877,CMP0039,CL00405,2024-05-24,impression
TCH0008878,CMP0039,CL00479,2024-04-13,impression
TCH0008879,CMP0039,CL00125,2024-04-01,impression
TCH0008880,CMP0039,CL00398,2024-04-02,impression
TCH0008881,CMP0039,CL00429,2024-04-26,conversion
TCH0008882,CMP0039,CL00362,2024-04-03,lead
TCH0008883,CMP0039,CL00020,2024-05-23,impression
TCH0008884,CMP0039,CL00127,2024-05-23,impression
TCH0008885,CMP0039,CL00338,2024-04-02,lead
TCH0008886,CMP0039,CL00317,2024-04-03,lead
TCH0008887,CMP0039,CL00118,2024-04-03,click
TCH0008888,CMP0039,CL00221,2024-04-10,impression
TCH0008889,CMP0039,CL00173,2024-05-10,click
TCH0008890,CMP0039,CL00467,2024-04-16,lead
TCH0008891,CMP0039,CL00336,2024-03-29,impression
TCH0008892,CMP0039,CL00283,2024-05-22,click
TCH0008893,CMP0039,CL00147,2024-03-29,conversion
TCH0008894,CMP0039,CL00487,2024-04-29,lead
TCH0008895,CMP0039,CL00373,2024-04-03,impression
TCH0008896,CMP0039,CL00473,2024-04-05,click
TCH0008897,CMP0039,CL00346,2024-05-19,impression
TCH0008898,CMP0039,CL00197,2024-04-06,click
TCH0008899,CMP0039,CL00246,2024-05-09,lead
TCH0008900,CMP0039,CL00258,2024-05-04,conversion
TCH0008901,CMP0039,CL00174,2024-04-26,click
TCH0008902,CMP0039,CL00036,2024-04-27,impression
TCH0008903,CMP0039,CL00328,2024-04-23,click
TCH0008904,CMP0039,CL00015,2024-04-12,lead
TCH0008905,CMP0039,CL00237,2024-04-02,conversion
TCH0008906,CMP0039,CL00035,2024-04-27,click
TCH0008907,CMP0039,CL00203,2024-04-04,conversion
TCH0008908,CMP0039,CL00446,2024-04-05,click
TCH0008909,CMP0039,CL00080,2024-04-15,impression
TCH0008910,CMP0039,CL00497,2024-04-07,impression
TCH0008911,CMP0039,CL00031,2024-05-20,impression
TCH0008912,CMP0039,CL00335,2024-04-12,conversion
TCH0008913,CMP0039,CL00457,2024-04-11,impression
TCH0008914,CMP0039,CL00471,2024-05-03,click
TCH0008915,CMP0039,CL00486,2024-05-07,impression
TCH0008916,CMP0039,CL00095,2024-04-22,impression
TCH0008917,CMP0039,CL00419,2024-04-18,impression
TCH0008918,CMP0039,CL00439,2024-04-17,lead
TCH0008919,CMP0039,CL00222,2024-04-27,impression
TCH0008920,CMP0039,CL00232,2024-04-02,impression
TCH0008921,CMP0039,CL00218,2024-04-19,click
TCH0008922,CMP0039,CL00454,2024-05-16,conversion
TCH0008923,CMP0039,CL00094,2024-04-25,click
TCH0008924,CMP0039,CL00071,2024-05-10,impression
TCH0008925,CMP0039,CL00245,2024-04-29,conversion
TCH0008926,CMP0039,CL00100,2024-04-23,click
TCH0008927,CMP0039,CL00086,2024-04-28,conversion
TCH0008928,CMP0039,CL00411,2024-05-03,conversion
TCH0008929,CMP0039,CL00209,2024-03-30,impression
TCH0008930,CMP0039,CL00135,2024-05-27,lead
TCH0008931,CMP0039,CL00304,2024-04-18,click
TCH0008932,CMP0039,CL00249,2024-05-24,conversion
TCH0008933,CMP0039,CL00161,2024-04-10,impression
TCH0008934,CMP0039,CL00269,2024-04-28,lead
TCH0008935,CMP0039,CL00151,2024-05-19,impression
TCH0008936,CMP0039,CL00367,2024-05-06,impression
TCH0008937,CMP0039,CL00455,2024-04-07,click
TCH0008938,CMP0039,CL00294,2024-05-13,impression
TCH0008939,CMP0039,CL00185,2024-04-20,impression
TCH0008940,CMP0039,CL00050,2024-05-20,click
TCH0008941,CMP0039,CL00318,2024-05-07,impression
TCH0008942,CMP0039,CL00194,2024-05-19,click
TCH0008943,CMP0039,CL00055,2024-04-14,lead
TCH0008944,CMP0039,CL00063,2024-03-29,lead
TCH0008945,CMP0039,CL00047,2024-04-28,conversion
TCH0008946,CMP0039,CL00142,2024-04-23,impression
TCH0008947,CMP0039,CL00496,2024-03-31,lead
TCH0008948,CMP0039,CL00442,2024-04-24,lead
TCH0008949,CMP0039,CL00363,2024-05-20,impression
TCH0008950,CMP0039,CL00054,2024-05-06,lead
TCH0008951,CMP0039,CL00296,2024-04-22,click
TCH0008952,CMP0039,CL00067,2024-05-08,conversion
TCH0008953,CMP0039,CL00458,2024-05-16,impression
TCH0008954,CMP0039,CL00403,2024-04-06,impression
TCH0008955,CMP0039,CL00485,2024-04-26,impression
TCH0008956,CMP0039,CL00157,2024-04-28,impression
TCH0008957,CMP0039,CL00481,2024-04-19,lead
TCH0008958,CMP0039,CL00360,2024-04-07,impression
TCH0008959,CMP0039,CL00003,2024-05-01,impression
TCH0008960,CMP0039,CL00474,2024-05-01,impression
TCH0008961,CMP0039,CL00451,2024-04-30,click
TCH0008962,CMP0039,CL00345,2024-05-19,click
TCH0008963,CMP0039,CL00160,2024-04-19,click
TCH0008964,CMP0040,CL00295,2025-05-06,impression
TCH0008965,CMP0040,CL00354,2025-05-06,lead
TCH0008966,CMP0040,CL00023,2025-05-16,click
TCH0008967,CMP0040,CL00126,2025-05-10,impression
TCH0008968,CMP0040,CL00036,2025-06-08,lead
TCH0008969,CMP0040,CL00297,2025-06-15,impression
TCH0008970,CMP0040,CL00292,2025-05-06,lead
TCH0008971,CMP0040,CL00035,2025-06-08,impression
TCH0008972,CMP0040,CL00141,2025-06-16,conversion
TCH0008973,CMP0040,CL00184,2025-06-14,impression
TCH0008974,CMP0040,CL00260,2025-06-02,click
TCH0008975,CMP0040,CL00400,2025-06-14,impression
TCH0008976,CMP0040,CL00120,2025-06-14,impression
TCH0008977,CMP0040,CL00118,2025-06-02,conversion
TCH0008978,CMP0040,CL00467,2025-05-20,click
TCH0008979,CMP0040,CL00227,2025-06-17,click
TCH0008980,CMP0040,CL00052,2025-05-25,impression
TCH0008981,CMP0040,CL00189,2025-05-10,click
TCH0008982,CMP0040,CL00233,2025-06-11,impression
TCH0008983,CMP0040,CL00166,2025-05-18,click
TCH0008984,CMP0040,CL00043,2025-06-14,lead
TCH0008985,CMP0040,CL00271,2025-05-19,impression
TCH0008986,CMP0040,CL00343,2025-05-31,lead
TCH0008987,CMP0040,CL00500,2025-05-10,lead
TCH0008988,CMP0040,CL00299,2025-06-07,impression
TCH0008989,CMP0040,CL00285,2025-06-02,impression
TCH0008990,CMP0040,CL00429,2025-05-29,lead
TCH0008991,CMP0040,CL00433,2025-05-17,lead
TCH0008992,CMP0040,CL00048,2025-05-10,impression
TCH0008993,CMP0040,CL00489,2025-05-08,click
TCH0008994,CMP0040,CL00055,2025-05-29,click
TCH0008995,CMP0040,CL00458,2025-05-05,impression
TCH0008996,CMP0040,CL00356,2025-05-20,conversion
TCH0008997,CMP0040,CL00488,2025-05-29,lead
TCH0008998,CMP0040,CL00439,2025-05-06,conversion
TCH0008999,CMP0040,CL00385,2025-05-25,click
TCH0009000,CMP0040,CL00476,2025-05-10,impression
TCH0009001,CMP0040,CL00440,2025-05-14,click
TCH0009002,CMP0040,CL00025,2025-06-05,lead
TCH0009003,CMP0040,CL00175,2025-05-16,conversion
TCH0009004,CMP0040,CL00317,2025-05-15,lead
TCH0009005,CMP0040,CL00493,2025-05-31,impression
TCH0009006,CMP0040,CL00080,2025-06-09,click
TCH0009007,CMP0040,CL00378,2025-06-16,conversion
TCH0009008,CMP0040,CL00032,2025-06-08,click
TCH0009009,CMP0040,CL00127,2025-05-18,lead
TCH0009010,CMP0040,CL00337,2025-05-28,impression
TCH0009011,CMP0040,CL00237,2025-05-30,lead
TCH0009012,CMP0040,CL00418,2025-06-10,click
TCH0009013,CMP0040,CL00051,2025-05-23,click
TCH0009014,CMP0040,CL00197,2025-06-04,impression
TCH0009015,CMP0040,CL00159,2025-05-11,click
TCH0009016,CMP0040,CL00345,2025-05-28,impression
TCH0009017,CMP0040,CL00111,2025-05-07,impression
TCH0009018,CMP0040,CL00376,2025-05-19,click
TCH0009019,CMP0040,CL00408,2025-05-15,lead
TCH0009020,CMP0040,CL00109,2025-05-21,lead
TCH0009021,CMP0040,CL00466,2025-05-08,impression
TCH0009022,CMP0040,CL00432,2025-05-24,impression
TCH0009023,CMP0040,CL00072,2025-05-14,click
TCH0009024,CMP0040,CL00170,2025-05-08,click
TCH0009025,CMP0040,CL00215,2025-05-29,impression
TCH0009026,CMP0040,CL00258,2025-05-14,impression
TCH0009027,CMP0040,CL00099,2025-05-17,click
TCH0009028,CMP0040,CL00042,2025-05-22,click
TCH0009029,CMP0040,CL00232,2025-06-02,lead
TCH0009030,CMP0040,CL00393,2025-05-18,impression
TCH0009031,CMP0040,CL00209,2025-06-08,click
TCH0009032,CMP0040,CL00442,2025-06-14,impression
TCH0009033,CMP0040,CL00274,2025-06-12,impression
TCH0009034,CMP0040,CL00473,2025-05-17,impression
TCH0009035,CMP0040,CL00077,2025-06-06,conversion
TCH0009036,CMP0040,CL00041,2025-05-12,impression
TCH0009037,CMP0040,CL00457,2025-05-05,impression
TCH0009038,CMP0040,CL00311,2025-05-08,lead
TCH0009039,CMP0040,CL00045,2025-05-18,lead
TCH0009040,CMP0040,CL00208,2025-05-20,conversion
TCH0009041,CMP0040,CL00412,2025-05-22,impression
TCH0009042,CMP0040,CL00218,2025-05-28,impression
TCH0009043,CMP0040,CL00426,2025-05-17,conversion
TCH0009044,CMP0040,CL00369,2025-06-14,impression
TCH0009045,CMP0040,CL00144,2025-06-10,click
TCH0009046,CMP0040,CL00217,2025-05-21,impression
TCH0009047,CMP0040,CL00130,2025-05-12,click
TCH0009048,CMP0040,CL00016,2025-05-15,lead
TCH0009049,CMP0040,CL00403,2025-05-14,impression
TCH0009050,CMP0040,CL00312,2025-06-08,click
TCH0009051,CMP0040,CL00275,2025-05-17,impression
TCH0009052,CMP0040,CL00428,2025-05-14,impression
TCH0009053,CMP0040,CL00310,2025-06-02,conversion
TCH0009054,CMP0040,CL00105,2025-05-11,impression
TCH0009055,CMP0040,CL00092,2025-05-07,impression
TCH0009056,CMP0040,CL00060,2025-06-10,click
TCH0009057,CMP0040,CL00206,2025-05-22,conversion
TCH0009058,CMP0040,CL00216,2025-06-04,click
TCH0009059,CMP0040,CL00315,2025-05-24,impression
TCH0009060,CMP0040,CL00037,2025-05-18,impression
TCH0009061,CMP0040,CL00358,2025-05-11,impression
TCH0009062,CMP0040,CL00308,2025-05-18,click
TCH0009063,CMP0040,CL00325,2025-05-28,lead
TCH0009064,CMP0040,CL00033,2025-06-13,impression
TCH0009065,CMP0040,CL00097,2025-05-15,impression
TCH0009066,CMP0040,CL00098,2025-05-22,click
TCH0009067,CMP0040,CL00247,2025-05-25,conversion
TCH0009068,CMP0040,CL00437,2025-05-05,impression
TCH0009069,CMP0040,CL00373,2025-05-10,impression
TCH0009070,CMP0040,CL00454,2025-05-06,impression
TCH0009071,CMP0040,CL00138,2025-06-10,click
TCH0009072,CMP0040,CL00044,2025-05-27,impression
TCH0009073,CMP0040,CL00462,2025-06-08,lead
TCH0009074,CMP0040,CL00416,2025-05-05,impression
TCH0009075,CMP0040,CL00250,2025-05-23,click
TCH0009076,CMP0040,CL00229,2025-05-07,click
TCH0009077,CMP0040,CL00304,2025-06-02,impression
TCH0009078,CMP0040,CL00265,2025-06-01,click
TCH0009079,CMP0040,CL00472,2025-05-26,click
TCH0009080,CMP0040,CL00375,2025-05-05,click
TCH0009081,CMP0040,CL00282,2025-05-13,click
TCH0009082,CMP0040,CL00413,2025-05-20,impression
TCH0009083,CMP0040,CL00102,2025-05-11,lead
TCH0009084,CMP0040,CL00018,2025-05-21,lead
TCH0009085,CMP0040,CL00391,2025-05-17,click
TCH0009086,CMP0040,CL00401,2025-05-27,impression
TCH0009087,CMP0040,CL00267,2025-06-16,impression
TCH0009088,CMP0040,CL00460,2025-06-05,click
TCH0009089,CMP0040,CL00459,2025-06-01,lead
TCH0009090,CMP0040,CL00456,2025-05-14,impression
TCH0009091,CMP0040,CL00357,2025-06-08,lead
TCH0009092,CMP0040,CL00173,2025-06-17,impression
TCH0009093,CMP0040,CL00213,2025-05-15,conversion
TCH0009094,CMP0040,CL00026,2025-06-02,click
TCH0009095,CMP0040,CL00180,2025-06-14,click
TCH0009096,CMP0040,CL00485,2025-05-08,impression
TCH0009097,CMP0040,CL00164,2025-05-17,lead
TCH0009098,CMP0040,CL00333,2025-06-10,click
TCH0009099,CMP0040,CL00339,2025-06-08,impression
TCH0009100,CMP0040,CL00174,2025-05-18,lead
TCH0009101,CMP0040,CL00186,2025-05-13,click
TCH0009102,CMP0040,CL00219,2025-06-14,conversion
TCH0009103,CMP0040,CL00234,2025-06-03,conversion
TCH0009104,CMP0040,CL00076,2025-05-23,click
TCH0009105,CMP0040,CL00056,2025-05-23,impression
TCH0009106,CMP0040,CL00005,2025-05-12,click
TCH0009107,CMP0040,CL00249,2025-06-13,click
TCH0009108,CMP0040,CL00153,2025-05-10,lead
TCH0009109,CMP0040,CL00065,2025-05-12,impression
TCH0009110,CMP0040,CL00114,2025-06-04,impression
TCH0009111,CMP0040,CL00157,2025-05-29,click
TCH0009112,CMP0040,CL00172,2025-05-08,lead
TCH0009113,CMP0040,CL00210,2025-05-07,impression
TCH0009114,CMP0040,CL00381,2025-05-08,impression
TCH0009115,CMP0040,CL00191,2025-05-26,click
TCH0009116,CMP0040,CL00028,2025-06-14,impression
TCH0009117,CMP0040,CL00464,2025-06-01,click
TCH0009118,CMP0040,CL00272,2025-05-23,impression
TCH0009119,CMP0040,CL00001,2025-05-10,impression
TCH0009120,CMP0040,CL00359,2025-05-26,click
TCH0009121,CMP0040,CL00007,2025-05-30,impression
TCH0009122,CMP0040,CL00326,2025-05-11,lead
TCH0009123,CMP0040,CL00198,2025-05-27,impression
TCH0009124,CMP0040,CL00336,2025-05-27,click
TCH0009125,CMP0040,CL00478,2025-06-14,impression
TCH0009126,CMP0040,CL00318,2025-05-17,impression
TCH0009127,CMP0040,CL00353,2025-05-18,impression
TCH0009128,CMP0040,CL00422,2025-05-06,lead
TCH0009129,CMP0040,CL00226,2025-05-24,impression
TCH0009130,CMP0040,CL00091,2025-06-13,click
TCH0009131,CMP0040,CL00049,2025-05-28,conversion
TCH0009132,CMP0040,CL00363,2025-05-11,impression
TCH0009133,CMP0040,CL00414,2025-06-04,impression
TCH0009134,CMP0040,CL00058,2025-05-16,impression
TCH0009135,CMP0040,CL00303,2025-06-02,click
TCH0009136,CMP0040,CL00022,2025-05-21,click
TCH0009137,CMP0040,CL00128,2025-05-10,click
TCH0009138,CMP0040,CL00309,2025-06-16,lead
TCH0009139,CMP0040,CL00185,2025-05-09,click
TCH0009140,CMP0040,CL00008,2025-05-13,click
TCH0009141,CMP0040,CL00152,2025-05-23,click
TCH0009142,CMP0040,CL00047,2025-06-12,impression
TCH0009143,CMP0040,CL00171,2025-05-14,click
TCH0009144,CMP0040,CL00388,2025-05-06,impression
TCH0009145,CMP0040,CL00137,2025-05-17,lead
TCH0009146,CMP0040,CL00010,2025-06-09,lead
TCH0009147,CMP0040,CL00419,2025-05-12,click
TCH0009148,CMP0040,CL00444,2025-05-17,click
TCH0009149,CMP0040,CL00259,2025-06-12,lead
TCH0009150,CMP0040,CL00194,2025-06-12,impression
TCH0009151,CMP0040,CL00245,2025-06-09,click
TCH0009152,CMP0040,CL00006,2025-06-17,impression
TCH0009153,CMP0040,CL00024,2025-05-20,conversion
TCH0009154,CMP0040,CL00113,2025-06-14,click
TCH0009155,CMP0040,CL00287,2025-06-10,click
TCH0009156,CMP0040,CL00453,2025-05-18,lead
TCH0009157,CMP0040,CL00367,2025-05-31,conversion
TCH0009158,CMP0040,CL00436,2025-05-16,click
TCH0009159,CMP0040,CL00252,2025-05-17,click
TCH0009160,CMP0040,CL00492,2025-05-12,lead
TCH0009161,CMP0040,CL00248,2025-05-30,lead
TCH0009162,CMP0040,CL00003,2025-06-10,impression
TCH0009163,CMP0040,CL00384,2025-05-22,impression
TCH0009164,CMP0040,CL00096,2025-05-05,click
TCH0009165,CMP0040,CL00483,2025-05-10,click
TCH0009166,CMP0040,CL00246,2025-05-19,click
TCH0009167,CMP0040,CL00179,2025-05-19,impression
TCH0009168,CMP0040,CL00116,2025-06-10,impression
TCH0009169,CMP0040,CL00266,2025-05-23,impression
TCH0009170,CMP0040,CL00390,2025-05-24,click
TCH0009171,CMP0040,CL00200,2025-05-26,click
TCH0009172,CMP0040,CL00066,2025-05-15,impression
TCH0009173,CMP0040,CL00029,2025-05-05,click
TCH0009174,CMP0040,CL00161,2025-06-08,impression
TCH0009175,CMP0040,CL00290,2025-06-12,lead
TCH0009176,CMP0040,CL00104,2025-05-08,click
TCH0009177,CMP0040,CL00324,2025-05-18,lead
TCH0009178,CMP0040,CL00314,2025-06-02,conversion
TCH0009179,CMP0040,CL00406,2025-05-13,lead
TCH0009180,CMP0040,CL00192,2025-05-17,click
TCH0009181,CMP0040,CL00038,2025-05-29,lead
TCH0009182,CMP0040,CL00468,2025-06-15,click
TCH0009183,CMP0040,CL00298,2025-06-06,impression
TCH0009184,CMP0040,CL00420,2025-06-14,conversion
TCH0009185,CMP0040,CL00129,2025-06-05,click
TCH0009186,CMP0040,CL00083,2025-06-12,impression
TCH0009187,CMP0040,CL00106,2025-06-12,impression
TCH0009188,CMP0040,CL00030,2025-06-02,click
TCH0009189,CMP0040,CL00370,2025-05-13,click
TCH0009190,CMP0040,CL00207,2025-05-28,impression
TCH0009191,CMP0040,CL00187,2025-05-24,click
TCH0009192,CMP0040,CL00064,2025-06-15,conversion
TCH0009193,CMP0040,CL00046,2025-05-11,impression
TCH0009194,CMP0040,CL00379,2025-05-24,lead
TCH0009195,CMP0040,CL00445,2025-05-11,impression
TCH0009196,CMP0040,CL00495,2025-05-29,lead
TCH0009197,CMP0040,CL00288,2025-05-18,lead
TCH0009198,CMP0041,CL00249,2025-03-26,lead
TCH0009199,CMP0041,CL00458,2025-02-07,impression
TCH0009200,CMP0041,CL00248,2025-04-22,click
TCH0009201,CMP0041,CL00266,2025-05-18,lead
TCH0009202,CMP0041,CL00428,2025-05-13,click
TCH0009203,CMP0041,CL00323,2025-02-06,impression
TCH0009204,CMP0041,CL00139,2025-02-22,lead
TCH0009205,CMP0041,CL00337,2025-02-24,lead
TCH0009206,CMP0041,CL00252,2025-05-17,lead
TCH0009207,CMP0041,CL00080,2025-05-03,click
TCH0009208,CMP0041,CL00379,2025-04-07,impression
TCH0009209,CMP0041,CL00357,2025-03-24,impression
TCH0009210,CMP0041,CL00172,2025-06-01,click
TCH0009211,CMP0041,CL00260,2025-03-02,lead
TCH0009212,CMP0041,CL00432,2025-03-28,click
TCH0009213,CMP0041,CL00170,2025-04-16,impression
TCH0009214,CMP0041,CL00154,2025-05-11,impression
TCH0009215,CMP0041,CL00440,2025-06-03,click
TCH0009216,CMP0041,CL00189,2025-03-26,lead
TCH0009217,CMP0041,CL00048,2025-04-23,click
TCH0009218,CMP0041,CL00135,2025-03-23,lead
TCH0009219,CMP0041,CL00463,2025-04-23,impression
TCH0009220,CMP0041,CL00259,2025-05-27,lead
TCH0009221,CMP0041,CL00265,2025-05-22,click
TCH0009222,CMP0041,CL00292,2025-02-08,conversion
TCH0009223,CMP0041,CL00303,2025-05-27,impression
TCH0009224,CMP0041,CL00184,2025-05-02,impression
TCH0009225,CMP0041,CL00233,2025-05-21,impression
TCH0009226,CMP0041,CL00077,2025-04-21,lead
TCH0009227,CMP0041,CL00420,2025-02-17,click
TCH0009228,CMP0041,CL00033,2025-03-03,impression
TCH0009229,CMP0041,CL00384,2025-04-25,lead
TCH0009230,CMP0041,CL00390,2025-02-06,impression
TCH0009231,CMP0041,CL00016,2025-03-17,impression
TCH0009232,CMP0041,CL00118,2025-04-04,lead
TCH0009233,CMP0041,CL00104,2025-04-10,click
TCH0009234,CMP0041,CL00300,2025-05-02,impression
TCH0009235,CMP0041,CL00127,2025-05-22,impression
TCH0009236,CMP0041,CL00177,2025-04-09,click
TCH0009237,CMP0041,CL00051,2025-04-23,lead
TCH0009238,CMP0041,CL00429,2025-02-10,impression
TCH0009239,CMP0041,CL00171,2025-02-14,impression
TCH0009240,CMP0041,CL00453,2025-03-10,impression
TCH0009241,CMP0041,CL00072,2025-03-26,lead
TCH0009242,CMP0041,CL00093,2025-03-18,click
TCH0009243,CMP0041,CL00318,2025-05-17,impression
TCH0009244,CMP0041,CL00007,2025-04-23,impression
TCH0009245,CMP0041,CL00444,2025-04-08,impression
TCH0009246,CMP0041,CL00084,2025-03-15,impression
TCH0009247,CMP0041,CL00456,2025-04-07,impression
TCH0009248,CMP0041,CL00055,2025-04-21,impression
TCH0009249,CMP0041,CL00409,2025-05-27,click
TCH0009250,CMP0041,CL00114,2025-03-16,impression
TCH0009251,CMP0041,CL00153,2025-02-19,lead
TCH0009252,CMP0041,CL00095,2025-04-01,impression
TCH0009253,CMP0041,CL00385,2025-02-16,conversion
TCH0009254,CMP0041,CL00218,2025-02-10,lead
TCH0009255,CMP0041,CL00375,2025-05-11,click
TCH0009256,CMP0041,CL00287,2025-03-26,click
TCH0009257,CMP0041,CL00272,2025-04-30,click
TCH0009258,CMP0041,CL00290,2025-03-02,lead
TCH0009259,CMP0041,CL00025,2025-03-30,impression
TCH0009260,CMP0041,CL00101,2025-04-08,impression
TCH0009261,CMP0041,CL00105,2025-06-03,click
TCH0009262,CMP0041,CL00295,2025-03-28,impression
TCH0009263,CMP0041,CL00413,2025-04-15,lead
TCH0009264,CMP0041,CL00333,2025-03-24,impression
TCH0009265,CMP0041,CL00378,2025-05-05,click
TCH0009266,CMP0041,CL00207,2025-04-26,impression
TCH0009267,CMP0041,CL00197,2025-02-13,lead
TCH0009268,CMP0041,CL00003,2025-05-03,lead
TCH0009269,CMP0041,CL00157,2025-03-17,conversion
TCH0009270,CMP0041,CL00195,2025-03-02,impression
TCH0009271,CMP0041,CL00445,2025-03-20,click
TCH0009272,CMP0041,CL00116,2025-04-17,click
TCH0009273,CMP0041,CL00437,2025-03-30,impression
TCH0009274,CMP0041,CL00044,2025-03-22,impression
TCH0009275,CMP0041,CL00198,2025-03-06,impression
TCH0009276,CMP0041,CL00466,2025-04-25,lead
TCH0009277,CMP0041,CL00388,2025-04-08,impression
TCH0009278,CMP0041,CL00457,2025-03-24,click
TCH0009279,CMP0041,CL00480,2025-02-17,conversion
TCH0009280,CMP0041,CL00488,2025-05-01,impression
TCH0009281,CMP0041,CL00017,2025-02-11,click
TCH0009282,CMP0041,CL00035,2025-04-11,impression
TCH0009283,CMP0041,CL00483,2025-03-29,click
TCH0009284,CMP0041,CL00419,2025-04-19,impression
TCH0009285,CMP0041,CL00194,2025-05-14,lead
TCH0009286,CMP0041,CL00489,2025-02-06,lead
TCH0009287,CMP0041,CL00439,2025-03-18,impression
TCH0009288,CMP0041,CL00206,2025-05-16,impression
TCH0009289,CMP0041,CL00230,2025-05-07,click
TCH0009290,CMP0041,CL00029,2025-04-14,click
TCH0009291,CMP0041,CL00363,2025-03-08,impression
TCH0009292,CMP0041,CL00500,2025-03-22,lead
TCH0009293,CMP0041,CL00008,2025-02-13,impression
TCH0009294,CMP0041,CL00128,2025-05-21,impression
TCH0009295,CMP0041,CL00449,2025-03-13,impression
TCH0009296,CMP0041,CL00109,2025-03-06,lead
TCH0009297,CMP0041,CL00023,2025-04-03,impression
TCH0009298,CMP0041,CL00427,2025-05-26,click
TCH0009299,CMP0041,CL00192,2025-04-14,click
TCH0009300,CMP0041,CL00297,2025-05-23,lead
TCH0009301,CMP0041,CL00041,2025-04-23,lead
TCH0009302,CMP0041,CL00267,2025-03-04,lead
TCH0009303,CMP0041,CL00106,2025-05-18,conversion
TCH0009304,CMP0041,CL00050,2025-05-12,click
TCH0009305,CMP0041,CL00130,2025-05-27,conversion
TCH0009306,CMP0041,CL00234,2025-02-19,lead
TCH0009307,CMP0041,CL00030,2025-04-07,impression
TCH0009308,CMP0041,CL00315,2025-02-21,lead
TCH0009309,CMP0041,CL00164,2025-04-25,conversion
TCH0009310,CMP0041,CL00020,2025-03-01,lead
TCH0009311,CMP0041,CL00454,2025-02-13,click
TCH0009312,CMP0041,CL00237,2025-02-15,impression
TCH0009313,CMP0041,CL00247,2025-05-16,lead
TCH0009314,CMP0041,CL00258,2025-03-11,impression
TCH0009315,CMP0041,CL00227,2025-04-28,click
TCH0009316,CMP0041,CL00476,2025-05-23,conversion
TCH0009317,CMP0041,CL00367,2025-03-19,click
TCH0009318,CMP0041,CL00144,2025-05-18,click
TCH0009319,CMP0041,CL00354,2025-03-31,click
TCH0009320,CMP0041,CL00043,2025-05-07,lead
TCH0009321,CMP0041,CL00115,2025-05-11,conversion
TCH0009322,CMP0041,CL00166,2025-05-29,click
TCH0009323,CMP0041,CL00079,2025-04-16,click
TCH0009324,CMP0041,CL00213,2025-03-23,lead
TCH0009325,CMP0041,CL00010,2025-03-30,lead
TCH0009326,CMP0041,CL00414,2025-03-26,click
TCH0009327,CMP0041,CL00358,2025-03-13,click
TCH0009328,CMP0041,CL00052,2025-05-03,impression
TCH0009329,CMP0041,CL00076,2025-05-19,impression
TCH0009330,CMP0041,CL00273,2025-05-10,impression
TCH0009331,CMP0041,CL00326,2025-04-20,impression
TCH0009332,CMP0041,CL00152,2025-02-25,lead
TCH0009333,CMP0041,CL00161,2025-03-11,impression
TCH0009334,CMP0041,CL00309,2025-04-27,click
TCH0009335,CMP0041,CL00339,2025-03-21,lead
TCH0009336,CMP0041,CL00091,2025-04-21,conversion
TCH0009337,CMP0041,CL00137,2025-02-27,lead
TCH0009338,CMP0041,CL00376,2025-04-16,lead
TCH0009339,CMP0041,CL00167,2025-03-07,click
TCH0009340,CMP0041,CL00083,2025-02-07,impression
TCH0009341,CMP0041,CL00032,2025-04-30,click
TCH0009342,CMP0041,CL00239,2025-03-07,impression
TCH0009343,CMP0041,CL00229,2025-02-19,click
TCH0009344,CMP0041,CL00174,2025-04-23,impression
TCH0009345,CMP0041,CL00462,2025-05-25,impression
TCH0009346,CMP0041,CL00175,2025-05-06,impression
TCH0009347,CMP0041,CL00042,2025-02-14,lead
TCH0009348,CMP0041,CL00391,2025-05-26,click
TCH0009349,CMP0041,CL00193,2025-02-09,impression
TCH0009350,CMP0041,CL00472,2025-03-26,click
TCH0009351,CMP0041,CL00422,2025-05-03,click
TCH0009352,CMP0041,CL00468,2025-05-18,conversion
TCH0009353,CMP0041,CL00173,2025-04-18,lead
TCH0009354,CMP0041,CL00381,2025-05-27,impression
TCH0009355,CMP0041,CL00343,2025-03-16,click
TCH0009356,CMP0041,CL00353,2025-05-02,impression
TCH0009357,CMP0041,CL00373,2025-05-24,click
TCH0009358,CMP0041,CL00464,2025-02-18,click
TCH0009359,CMP0041,CL00159,2025-04-03,impression
TCH0009360,CMP0041,CL00026,2025-03-08,impression
TCH0009361,CMP0041,CL00232,2025-05-24,click
TCH0009362,CMP0041,CL00038,2025-03-27,click
TCH0009363,CMP0041,CL00317,2025-05-19,click
TCH0009364,CMP0041,CL00006,2025-03-06,impression
TCH0009365,CMP0041,CL00250,2025-05-22,impression
TCH0009366,CMP0041,CL00345,2025-06-05,click
TCH0009367,CMP0041,CL00304,2025-02-22,click
TCH0009368,CMP0041,CL00185,2025-03-28,impression
TCH0009369,CMP0041,CL00448,2025-04-09,impression
TCH0009370,CMP0041,CL00493,2025-04-11,impression
TCH0009371,CMP0041,CL00356,2025-05-23,conversion
TCH0009372,CMP0041,CL00058,2025-06-04,click
TCH0009373,CMP0041,CL00308,2025-02-21,impression
TCH0009374,CMP0041,CL00406,2025-05-14,click
TCH0009375,CMP0041,CL00015,2025-05-05,click
TCH0009376,CMP0041,CL00324,2025-02-08,impression
TCH0009377,CMP0042,CL00395,2024-03-09,lead
TCH0009378,CMP0042,CL00232,2024-04-07,impression
TCH0009379,CMP0042,CL00047,2024-03-26,click
TCH0009380,CMP0042,CL00130,2024-03-11,impression
TCH0009381,CMP0042,CL00240,2024-02-28,lead
TCH0009382,CMP0042,CL00179,2024-03-15,click
TCH0009383,CMP0042,CL00140,2024-04-03,lead
TCH0009384,CMP0042,CL00488,2024-04-01,impression
TCH0009385,CMP0042,CL00109,2024-03-05,lead
TCH0009386,CMP0042,CL00145,2024-04-10,conversion
TCH0009387,CMP0042,CL00069,2024-03-13,lead
TCH0009388,CMP0042,CL00410,2024-04-09,impression
TCH0009389,CMP0042,CL00211,2024-02-20,conversion
TCH0009390,CMP0042,CL00271,2024-02-23,impression
TCH0009391,CMP0042,CL00399,2024-02-23,lead
TCH0009392,CMP0042,CL00238,2024-03-26,impression
TCH0009393,CMP0042,CL00402,2024-03-17,impression
TCH0009394,CMP0042,CL00044,2024-02-20,conversion
TCH0009395,CMP0042,CL00266,2024-04-11,click
TCH0009396,CMP0042,CL00298,2024-02-22,click
TCH0009397,CMP0042,CL00323,2024-04-18,impression
TCH0009398,CMP0042,CL00149,2024-04-01,impression
TCH0009399,CMP0042,CL00191,2024-03-11,lead
TCH0009400,CMP0042,CL00407,2024-03-27,impression
TCH0009401,CMP0042,CL00358,2024-03-31,click
TCH0009402,CMP0042,CL00147,2024-03-04,conversion
TCH0009403,CMP0042,CL00031,2024-04-02,click
TCH0009404,CMP0042,CL00390,2024-03-16,impression
TCH0009405,CMP0042,CL00086,2024-04-06,impression
TCH0009406,CMP0042,CL00028,2024-03-23,click
TCH0009407,CMP0042,CL00329,2024-03-21,lead
TCH0009408,CMP0042,CL00365,2024-02-28,impression
TCH0009409,CMP0042,CL00103,2024-03-29,click
TCH0009410,CMP0042,CL00157,2024-03-11,conversion
TCH0009411,CMP0042,CL00113,2024-04-05,impression
TCH0009412,CMP0042,CL00241,2024-03-18,click
TCH0009413,CMP0042,CL00093,2024-03-06,click
TCH0009414,CMP0042,CL00231,2024-02-20,impression
TCH0009415,CMP0042,CL00489,2024-04-03,impression
TCH0009416,CMP0042,CL00024,2024-04-09,conversion
TCH0009417,CMP0042,CL00004,2024-02-22,impression
TCH0009418,CMP0042,CL00294,2024-03-23,impression
TCH0009419,CMP0042,CL00348,2024-04-06,impression
TCH0009420,CMP0042,CL00100,2024-04-11,click
TCH0009421,CMP0042,CL00039,2024-04-15,click
TCH0009422,CMP0042,CL00184,2024-03-28,impression
TCH0009423,CMP0042,CL00045,2024-02-28,click
TCH0009424,CMP0042,CL00228,2024-04-19,lead
TCH0009425,CMP0042,CL00248,2024-02-28,click
TCH0009426,CMP0042,CL00299,2024-03-04,conversion
TCH0009427,CMP0042,CL00048,2024-04-04,impression
TCH0009428,CMP0042,CL00023,2024-02-21,lead
TCH0009429,CMP0042,CL00496,2024-03-15,click
TCH0009430,CMP0042,CL00376,2024-03-19,lead
TCH0009431,CMP0042,CL00446,2024-03-21,click
TCH0009432,CMP0042,CL00345,2024-04-12,impression
TCH0009433,CMP0042,CL00295,2024-03-22,lead
TCH0009434,CMP0042,CL00247,2024-03-04,conversion
TCH0009435,CMP0042,CL00487,2024-03-16,click
TCH0009436,CMP0042,CL00497,2024-03-30,impression
TCH0009437,CMP0042,CL00401,2024-02-25,click
TCH0009438,CMP0042,CL00156,2024-04-12,lead
TCH0009439,CMP0042,CL00326,2024-02-29,conversion
TCH0009440,CMP0042,CL00108,2024-03-01,impression
TCH0009441,CMP0042,CL00467,2024-03-16,click
TCH0009442,CMP0042,CL00483,2024-03-21,click
TCH0009443,CMP0042,CL00219,2024-02-20,click
TCH0009444,CMP0042,CL00474,2024-03-02,click
TCH0009445,CMP0042,CL00357,2024-02-25,impression
TCH0009446,CMP0042,CL00309,2024-04-09,impression
TCH0009447,CMP0042,CL00454,2024-03-24,click
TCH0009448,CMP0042,CL00170,2024-03-31,lead
TCH0009449,CMP0042,CL00477,2024-04-18,impression
TCH0009450,CMP0042,CL00422,2024-03-08,click
TCH0009451,CMP0042,CL00007,2024-04-08,click
TCH0009452,CMP0042,CL00447,2024-02-26,impression
TCH0009453,CMP0042,CL00322,2024-03-28,click
TCH0009454,CMP0042,CL00174,2024-02-29,impression
TCH0009455,CMP0042,CL00441,2024-03-27,click
TCH0009456,CMP0042,CL00046,2024-03-08,click
TCH0009457,CMP0042,CL00220,2024-03-02,click
TCH0009458,CMP0042,CL00010,2024-04-17,click
TCH0009459,CMP0042,CL00142,2024-03-10,conversion
TCH0009460,CMP0042,CL00165,2024-04-15,conversion
TCH0009461,CMP0042,CL00104,2024-03-08,lead
TCH0009462,CMP0042,CL00369,2024-02-26,conversion
TCH0009463,CMP0042,CL00151,2024-03-14,click
TCH0009464,CMP0042,CL00425,2024-03-25,click
TCH0009465,CMP0042,CL00440,2024-04-17,impression
TCH0009466,CMP0042,CL00460,2024-04-17,lead
TCH0009467,CMP0042,CL00371,2024-04-12,impression
TCH0009468,CMP0042,CL00381,2024-02-25,click
TCH0009469,CMP0042,CL00482,2024-02-24,impression
TCH0009470,CMP0042,CL00296,2024-04-18,click
TCH0009471,CMP0042,CL00379,2024-02-22,lead
TCH0009472,CMP0042,CL00331,2024-03-12,impression
TCH0009473,CMP0042,CL00021,2024-04-03,impression
TCH0009474,CMP0042,CL00421,2024-03-07,lead
TCH0009475,CMP0042,CL00310,2024-03-01,conversion
TCH0009476,CMP0042,CL00341,2024-03-24,lead
TCH0009477,CMP0042,CL00188,2024-03-11,click
TCH0009478,CMP0042,CL00305,2024-02-22,impression
TCH0009479,CMP0042,CL00110,2024-02-20,impression
TCH0009480,CMP0042,CL00462,2024-03-02,impression
TCH0009481,CMP0042,CL00172,2024-04-03,impression
TCH0009482,CMP0042,CL00490,2024-03-29,impression
TCH0009483,CMP0042,CL00148,2024-03-21,lead
TCH0009484,CMP0042,CL00301,2024-02-22,impression
TCH0009485,CMP0042,CL00182,2024-03-25,conversion
TCH0009486,CMP0042,CL00235,2024-03-15,click
TCH0009487,CMP0042,CL00416,2024-03-11,conversion
TCH0009488,CMP0042,CL00203,2024-02-29,lead
TCH0009489,CMP0042,CL00328,2024-03-15,impression
TCH0009490,CMP0042,CL00209,2024-02-27,click
TCH0009491,CMP0042,CL00041,2024-03-14,lead
TCH0009492,CMP0042,CL00176,2024-02-20,conversion
TCH0009493,CMP0042,CL00175,2024-03-29,impression
TCH0009494,CMP0042,CL00066,2024-02-28,impression
TCH0009495,CMP0042,CL00290,2024-03-01,impression
TCH0009496,CMP0042,CL00037,2024-04-02,impression
TCH0009497,CMP0042,CL00118,2024-04-02,click
TCH0009498,CMP0042,CL00311,2024-03-12,click
TCH0009499,CMP0042,CL00096,2024-04-07,click
TCH0009500,CMP0042,CL00420,2024-04-19,click
TCH0009501,CMP0042,CL00246,2024-03-10,lead
TCH0009502,CMP0042,CL00214,2024-04-01,lead
TCH0009503,CMP0042,CL00375,2024-04-05,impression
TCH0009504,CMP0042,CL00053,2024-04-16,conversion
TCH0009505,CMP0042,CL00164,2024-03-13,click
TCH0009506,CMP0042,CL00479,2024-04-06,click
TCH0009507,CMP0042,CL00207,2024-02-22,impression
TCH0009508,CMP0042,CL00464,2024-04-14,lead
TCH0009509,CMP0042,CL00256,2024-03-12,impression
TCH0009510,CMP0042,CL00252,2024-04-16,impression
TCH0009511,CMP0042,CL00317,2024-03-10,impression
TCH0009512,CMP0042,CL00025,2024-03-13,click
TCH0009513,CMP0042,CL00362,2024-03-23,click
TCH0009514,CMP0042,CL00260,2024-04-09,impression
TCH0009515,CMP0042,CL00339,2024-04-12,impression
TCH0009516,CMP0042,CL00158,2024-04-04,impression
TCH0009517,CMP0042,CL00279,2024-03-02,impression
TCH0009518,CMP0042,CL00071,2024-04-04,impression
TCH0009519,CMP0042,CL00160,2024-04-16,impression
TCH0009520,CMP0042,CL00054,2024-03-23,click
TCH0009521,CMP0042,CL00415,2024-02-29,click
TCH0009522,CMP0042,CL00098,2024-03-20,click
TCH0009523,CMP0042,CL00265,2024-03-14,impression
TCH0009524,CMP0042,CL00124,2024-03-09,impression
TCH0009525,CMP0042,CL00218,2024-04-11,lead
TCH0009526,CMP0042,CL00180,2024-03-19,click
TCH0009527,CMP0042,CL00486,2024-02-20,click
TCH0009528,CMP0042,CL00227,2024-03-27,impression
TCH0009529,CMP0042,CL00404,2024-04-06,click
TCH0009530,CMP0042,CL00081,2024-04-06,click
TCH0009531,CMP0042,CL00481,2024-03-04,lead
TCH0009532,CMP0042,CL00333,2024-03-06,impression
TCH0009533,CMP0042,CL00016,2024-04-18,click
TCH0009534,CMP0042,CL00206,2024-03-26,impression
TCH0009535,CMP0042,CL00111,2024-03-23,impression
TCH0009536,CMP0042,CL00183,2024-04-05,lead
TCH0009537,CMP0042,CL00343,2024-03-10,impression
TCH0009538,CMP0042,CL00060,2024-04-19,impression
TCH0009539,CMP0042,CL00287,2024-03-01,impression
TCH0009540,CMP0042,CL00321,2024-03-18,lead
TCH0009541,CMP0042,CL00154,2024-02-20,click
TCH0009542,CMP0042,CL00178,2024-03-07,conversion
TCH0009543,CMP0042,CL00215,2024-04-05,lead
TCH0009544,CMP0042,CL00314,2024-03-25,click
TCH0009545,CMP0042,CL00476,2024-03-17,conversion
TCH0009546,CMP0042,CL00277,2024-03-20,impression
TCH0009547,CMP0042,CL00388,2024-04-18,impression
TCH0009548,CMP0042,CL00221,2024-03-29,conversion
TCH0009549,CMP0042,CL00442,2024-03-31,conversion
TCH0009550,CMP0042,CL00480,2024-02-20,click
TCH0009551,CMP0042,CL00202,2024-02-21,click
TCH0009552,CMP0042,CL00222,2024-03-11,conversion
TCH0009553,CMP0042,CL00008,2024-02-26,impression
TCH0009554,CMP0042,CL00475,2024-02-27,click
TCH0009555,CMP0043,CL00400,2025-01-07,impression
TCH0009556,CMP0043,CL00003,2024-11-27,click
TCH0009557,CMP0043,CL00101,2024-12-03,impression
TCH0009558,CMP0043,CL00219,2025-01-02,impression
TCH0009559,CMP0043,CL00104,2024-12-11,impression
TCH0009560,CMP0043,CL00310,2024-12-22,click
TCH0009561,CMP0043,CL00064,2024-11-29,impression
TCH0009562,CMP0043,CL00181,2024-12-13,lead
TCH0009563,CMP0043,CL00171,2024-12-26,impression
TCH0009564,CMP0043,CL00305,2024-12-28,lead
TCH0009565,CMP0043,CL00427,2024-11-23,impression
TCH0009566,CMP0043,CL00418,2024-12-21,click
TCH0009567,CMP0043,CL00206,2024-12-02,lead
TCH0009568,CMP0043,CL00161,2024-12-08,impression
TCH0009569,CMP0043,CL00247,2024-12-11,impression
TCH0009570,CMP0043,CL00349,2024-12-16,lead
TCH0009571,CMP0043,CL00324,2024-12-07,impression
TCH0009572,CMP0043,CL00211,2024-12-22,impression
TCH0009573,CMP0043,CL00325,2024-11-20,impression
TCH0009574,CMP0043,CL00097,2024-11-29,impression
TCH0009575,CMP0043,CL00285,2024-12-24,impression
TCH0009576,CMP0043,CL00017,2024-12-02,conversion
TCH0009577,CMP0043,CL00106,2024-12-01,lead
TCH0009578,CMP0043,CL00383,2025-01-06,lead
TCH0009579,CMP0043,CL00096,2024-12-30,click
TCH0009580,CMP0043,CL00437,2024-12-17,impression
TCH0009581,CMP0043,CL00490,2024-11-21,click
TCH0009582,CMP0043,CL00411,2025-01-04,impression
TCH0009583,CMP0043,CL00138,2024-12-06,lead
TCH0009584,CMP0043,CL00093,2024-11-29,click
TCH0009585,CMP0043,CL00116,2024-11-19,lead
TCH0009586,CMP0043,CL00292,2024-11-24,impression
TCH0009587,CMP0043,CL00152,2024-12-31,click
TCH0009588,CMP0043,CL00432,2024-11-28,click
TCH0009589,CMP0043,CL00035,2024-12-07,conversion
TCH0009590,CMP0043,CL00092,2024-11-25,impression
TCH0009591,CMP0043,CL00218,2024-12-04,click
TCH0009592,CMP0043,CL00223,2025-01-06,lead
TCH0009593,CMP0043,CL00048,2024-12-26,lead
TCH0009594,CMP0043,CL00172,2024-12-26,impression
TCH0009595,CMP0043,CL00402,2024-11-23,lead
TCH0009596,CMP0043,CL00226,2024-11-19,impression
TCH0009597,CMP0043,CL00042,2024-11-24,conversion
TCH0009598,CMP0043,CL00428,2024-12-21,impression
TCH0009599,CMP0043,CL00300,2024-11-18,click
TCH0009600,CMP0043,CL00110,2024-11-21,click
TCH0009601,CMP0043,CL00449,2024-11-22,lead
TCH0009602,CMP0043,CL00376,2024-11-30,lead
TCH0009603,CMP0043,CL00217,2024-11-29,click
TCH0009604,CMP0043,CL00367,2024-12-05,impression
TCH0009605,CMP0043,CL00445,2024-12-25,conversion
TCH0009606,CMP0043,CL00167,2024-12-03,impression
TCH0009607,CMP0043,CL00433,2024-12-04,click
TCH0009608,CMP0043,CL00282,2024-12-18,impression
TCH0009609,CMP0043,CL00263,2024-12-29,conversion
TCH0009610,CMP0043,CL00185,2024-12-23,click
TCH0009611,CMP0043,CL00233,2024-11-29,lead
TCH0009612,CMP0043,CL00462,2025-01-05,conversion
TCH0009613,CMP0043,CL00058,2024-11-28,lead
TCH0009614,CMP0043,CL00072,2024-12-30,click
TCH0009615,CMP0043,CL00379,2024-12-16,conversion
TCH0009616,CMP0043,CL00360,2024-12-03,impression
TCH0009617,CMP0043,CL00388,2025-01-04,click
TCH0009618,CMP0043,CL00126,2024-12-21,impression
TCH0009619,CMP0043,CL00268,2024-12-06,lead
TCH0009620,CMP0043,CL00177,2024-12-08,impression
TCH0009621,CMP0043,CL00488,2024-12-31,impression
TCH0009622,CMP0043,CL00394,2024-11-26,lead
TCH0009623,CMP0043,CL00006,2024-11-23,impression
TCH0009624,CMP0043,CL00314,2024-12-12,lead
TCH0009625,CMP0043,CL00439,2024-12-10,click
TCH0009626,CMP0043,CL00128,2024-12-18,impression
TCH0009627,CMP0043,CL00197,2024-12-24,impression
TCH0009628,CMP0043,CL00463,2024-11-19,impression
TCH0009629,CMP0043,CL00440,2024-12-01,lead
TCH0009630,CMP0043,CL00193,2024-12-14,lead
TCH0009631,CMP0043,CL00155,2024-12-20,impression
TCH0009632,CMP0043,CL00429,2025-01-02,impression
TCH0009633,CMP0043,CL00120,2025-01-03,impression
TCH0009634,CMP0043,CL00264,2024-11-19,click
TCH0009635,CMP0043,CL00030,2024-11-25,conversion
TCH0009636,CMP0044,CL00058,2024-12-23,click
TCH0009637,CMP0044,CL00258,2025-01-04,click
TCH0009638,CMP0044,CL00467,2025-01-25,impression
TCH0009639,CMP0044,CL00402,2025-01-25,click
TCH0009640,CMP0044,CL00343,2024-12-23,conversion
TCH0009641,CMP0044,CL00384,2025-02-11,lead
TCH0009642,CMP0044,CL00290,2025-02-08,impression
TCH0009643,CMP0044,CL00309,2024-12-25,impression
TCH0009644,CMP0044,CL00101,2025-01-10,click
TCH0009645,CMP0044,CL00439,2024-12-21,impression
TCH0009646,CMP0044,CL00472,2025-01-15,impression
TCH0009647,CMP0044,CL00102,2025-01-22,impression
TCH0009648,CMP0044,CL00045,2025-01-20,impression
TCH0009649,CMP0044,CL00008,2025-01-19,impression
TCH0009650,CMP0044,CL00028,2025-01-04,impression
TCH0009651,CMP0044,CL00025,2025-01-12,lead
TCH0009652,CMP0044,CL00090,2024-12-22,impression
TCH0009653,CMP0044,CL00010,2024-12-24,click
TCH0009654,CMP0044,CL00463,2025-01-12,impression
TCH0009655,CMP0044,CL00089,2025-01-23,impression
TCH0009656,CMP0044,CL00440,2025-01-20,click
TCH0009657,CMP0044,CL00110,2025-01-28,impression
TCH0009658,CMP0044,CL00126,2024-12-27,impression
TCH0009659,CMP0044,CL00282,2025-01-04,impression
TCH0009660,CMP0044,CL00084,2025-02-13,impression
TCH0009661,CMP0044,CL00369,2025-01-31,impression
TCH0009662,CMP0044,CL00492,2025-02-02,impression
TCH0009663,CMP0044,CL00437,2025-01-14,click
TCH0009664,CMP0044,CL00115,2025-02-07,lead
TCH0009665,CMP0044,CL00264,2025-01-03,impression
TCH0009666,CMP0044,CL00323,2024-12-19,click
TCH0009667,CMP0044,CL00499,2025-01-15,click
TCH0009668,CMP0044,CL00468,2025-01-08,impression
TCH0009669,CMP0044,CL00448,2025-01-31,impression
TCH0009670,CMP0044,CL00164,2025-01-21,lead
TCH0009671,CMP0044,CL00192,2024-12-28,click
TCH0009672,CMP0044,CL00378,2025-01-26,click
TCH0009673,CMP0044,CL00428,2025-01-02,impression
TCH0009674,CMP0044,CL00297,2025-01-27,impression
TCH0009675,CMP0044,CL00051,2025-02-01,click
TCH0009676,CMP0044,CL00086,2024-12-21,impression
TCH0009677,CMP0044,CL00083,2024-12-30,click
TCH0009678,CMP0044,CL00191,2024-12-23,impression
TCH0009679,CMP0044,CL00408,2024-12-18,lead
TCH0009680,CMP0044,CL00108,2024-12-22,impression
TCH0009681,CMP0044,CL00023,2025-01-07,impression
TCH0009682,CMP0044,CL00026,2025-01-03,impression
TCH0009683,CMP0044,CL00317,2024-12-21,click
TCH0009684,CMP0044,CL00412,2025-01-17,impression
TCH0009685,CMP0044,CL00092,2024-12-30,impression
TCH0009686,CMP0044,CL00187,2025-01-18,impression
TCH0009687,CMP0044,CL00426,2025-01-28,lead
TCH0009688,CMP0044,CL00362,2025-01-25,click
TCH0009689,CMP0044,CL00007,2025-01-28,click
TCH0009690,CMP0044,CL00388,2024-12-29,lead
TCH0009691,CMP0044,CL00144,2024-12-30,click
TCH0009692,CMP0044,CL00383,2025-01-25,impression
TCH0009693,CMP0044,CL00186,2025-02-10,click
TCH0009694,CMP0044,CL00174,2024-12-30,impression
TCH0009695,CMP0044,CL00127,2024-12-16,lead
TCH0009696,CMP0044,CL00104,2025-01-20,impression
TCH0009697,CMP0044,CL00271,2025-01-14,click
TCH0009698,CMP0044,CL00093,2024-12-18,impression
TCH0009699,CMP0044,CL00266,2024-12-23,impression
TCH0009700,CMP0044,CL00267,2025-01-28,lead
TCH0009701,CMP0044,CL00285,2025-02-11,conversion
TCH0009702,CMP0044,CL00175,2025-01-12,click
TCH0009703,CMP0044,CL00275,2025-01-01,impression
TCH0009704,CMP0044,CL00233,2025-02-01,lead
TCH0009705,CMP0044,CL00442,2025-01-25,lead
TCH0009706,CMP0044,CL00243,2025-01-04,impression
TCH0009707,CMP0044,CL00105,2025-01-12,click
TCH0009708,CMP0044,CL00141,2024-12-20,impression
TCH0009709,CMP0044,CL00239,2025-01-31,lead
TCH0009710,CMP0044,CL00177,2025-01-22,lead
TCH0009711,CMP0044,CL00299,2025-01-03,impression
TCH0009712,CMP0044,CL00497,2025-01-06,click
TCH0009713,CMP0044,CL00183,2024-12-24,impression
TCH0009714,CMP0044,CL00237,2025-01-05,lead
TCH0009715,CMP0044,CL00018,2025-01-21,click
TCH0009716,CMP0044,CL00167,2025-01-14,impression
TCH0009717,CMP0044,CL00433,2025-01-11,click
TCH0009718,CMP0044,CL00456,2024-12-22,lead
TCH0009719,CMP0044,CL00464,2025-01-15,click
TCH0009720,CMP0044,CL00080,2024-12-24,click
TCH0009721,CMP0044,CL00020,2025-01-20,click
TCH0009722,CMP0044,CL00163,2024-12-24,click
TCH0009723,CMP0044,CL00401,2025-02-03,conversion
TCH0009724,CMP0044,CL00436,2025-01-11,impression
TCH0009725,CMP0044,CL00249,2024-12-17,impression
TCH0009726,CMP0044,CL00489,2024-12-28,impression
TCH0009727,CMP0044,CL00032,2025-01-17,lead
TCH0009728,CMP0044,CL00130,2025-01-13,impression
TCH0009729,CMP0044,CL00194,2025-02-13,impression
TCH0009730,CMP0044,CL00049,2024-12-24,click
TCH0009731,CMP0044,CL00375,2025-02-09,lead
TCH0009732,CMP0044,CL00181,2025-01-02,impression
TCH0009733,CMP0044,CL00193,2024-12-20,impression
TCH0009734,CMP0044,CL00210,2025-01-08,impression
TCH0009735,CMP0044,CL00046,2025-01-14,impression
TCH0009736,CMP0044,CL00413,2024-12-29,impression
TCH0009737,CMP0044,CL00247,2025-01-25,impression
TCH0009738,CMP0044,CL00357,2025-01-12,lead
TCH0009739,CMP0044,CL00490,2025-01-26,impression
TCH0009740,CMP0044,CL00172,2025-01-25,impression
TCH0009741,CMP0044,CL00483,2025-01-02,impression
TCH0009742,CMP0044,CL00318,2025-01-21,conversion
TCH0009743,CMP0044,CL00216,2025-01-29,impression
TCH0009744,CMP0044,CL00209,2025-02-09,impression
TCH0009745,CMP0044,CL00485,2024-12-17,impression
TCH0009746,CMP0044,CL00142,2025-01-03,click
TCH0009747,CMP0044,CL00217,2025-01-18,click
TCH0009748,CMP0044,CL00114,2025-02-08,conversion
TCH0009749,CMP0044,CL00096,2024-12-28,click
TCH0009750,CMP0044,CL00138,2025-01-31,impression
TCH0009751,CMP0044,CL00234,2024-12-17,click
TCH0009752,CMP0044,CL00316,2025-01-14,click
TCH0009753,CMP0044,CL00301,2025-01-23,click
TCH0009754,CMP0044,CL00189,2024-12-29,lead
TCH0009755,CMP0044,CL00298,2025-01-30,click
TCH0009756,CMP0044,CL00087,2024-12-26,conversion
TCH0009757,CMP0044,CL00453,2025-01-31,lead
TCH0009758,CMP0044,CL00303,2025-02-10,impression
TCH0009759,CMP0044,CL00263,2025-01-23,click
TCH0009760,CMP0044,CL00427,2024-12-19,impression
TCH0009761,CMP0044,CL00139,2024-12-29,impression
TCH0009762,CMP0044,CL00246,2025-02-08,impression
TCH0009763,CMP0044,CL00155,2025-01-29,click
TCH0009764,CMP0044,CL00111,2025-01-19,impression
TCH0009765,CMP0044,CL00255,2025-01-12,impression
TCH0009766,CMP0044,CL00476,2024-12-25,click
TCH0009767,CMP0044,CL00128,2025-01-16,impression
TCH0009768,CMP0044,CL00449,2025-01-17,click
TCH0009769,CMP0044,CL00198,2025-01-20,conversion
TCH0009770,CMP0044,CL00353,2025-01-09,impression
TCH0009771,CMP0044,CL00055,2025-02-03,impression
TCH0009772,CMP0044,CL00466,2025-01-11,click
TCH0009773,CMP0044,CL00153,2025-02-01,lead
TCH0009774,CMP0044,CL00379,2025-01-24,lead
TCH0009775,CMP0044,CL00052,2025-01-13,impression
TCH0009776,CMP0044,CL00333,2025-01-21,click
TCH0009777,CMP0044,CL00429,2024-12-19,impression
TCH0009778,CMP0044,CL00364,2025-02-06,impression
TCH0009779,CMP0044,CL00458,2024-12-23,impression
TCH0009780,CMP0044,CL00265,2025-02-05,lead
TCH0009781,CMP0044,CL00079,2025-02-13,impression
TCH0009782,CMP0044,CL00226,2025-01-29,click
TCH0009783,CMP0044,CL00351,2025-01-17,impression
TCH0009784,CMP0044,CL00356,2025-02-10,conversion
TCH0009785,CMP0044,CL00060,2025-01-10,click
TCH0009786,CMP0044,CL00336,2025-01-22,click
TCH0009787,CMP0044,CL00325,2025-02-11,lead
TCH0009788,CMP0044,CL00030,2025-01-09,impression
TCH0009789,CMP0044,CL00268,2025-02-13,impression
TCH0009790,CMP0044,CL00418,2024-12-21,click
TCH0009791,CMP0044,CL00116,2025-02-12,impression
TCH0009792,CMP0044,CL00475,2025-01-06,lead
TCH0009793,CMP0044,CL00278,2025-01-29,lead
TCH0009794,CMP0044,CL00109,2024-12-22,click
TCH0009795,CMP0044,CL00044,2025-01-21,impression
TCH0009796,CMP0044,CL00444,2025-02-08,click
TCH0009797,CMP0044,CL00208,2024-12-21,lead
TCH0009798,CMP0044,CL00099,2024-12-28,lead
TCH0009799,CMP0044,CL00098,2025-01-27,click
TCH0009800,CMP0044,CL00085,2025-02-07,impression
TCH0009801,CMP0044,CL00006,2025-01-16,conversion
TCH0009802,CMP0044,CL00274,2025-01-26,impression
TCH0009803,CMP0044,CL00473,2024-12-28,lead
TCH0009804,CMP0044,CL00041,2025-01-14,click
TCH0009805,CMP0044,CL00066,2025-01-14,impression
TCH0009806,CMP0044,CL00035,2025-01-25,impression
TCH0009807,CMP0044,CL00450,2025-01-08,lead
TCH0009808,CMP0044,CL00403,2025-01-26,click
TCH0009809,CMP0044,CL00406,2024-12-23,lead
TCH0009810,CMP0044,CL00361,2024-12-20,click
TCH0009811,CMP0044,CL00288,2025-01-16,impression
TCH0009812,CMP0044,CL00015,2024-12-18,lead
TCH0009813,CMP0044,CL00367,2025-01-03,click
TCH0009814,CMP0044,CL00207,2024-12-19,click
TCH0009815,CMP0044,CL00363,2024-12-25,impression
TCH0009816,CMP0044,CL00171,2025-01-02,click
TCH0009817,CMP0044,CL00017,2025-01-04,impression
TCH0009818,CMP0044,CL00219,2025-01-26,conversion
TCH0009819,CMP0044,CL00184,2025-02-03,impression
TCH0009820,CMP0044,CL00180,2025-01-20,click
TCH0009821,CMP0044,CL00326,2025-01-30,impression
TCH0009822,CMP0044,CL00037,2025-01-13,impression
TCH0009823,CMP0044,CL00252,2025-01-28,click
TCH0009824,CMP0044,CL00113,2024-12-25,conversion
TCH0009825,CMP0044,CL00305,2025-01-31,lead
TCH0009826,CMP0044,CL00478,2024-12-22,lead
TCH0009827,CMP0044,CL00295,2024-12-20,click
TCH0009828,CMP0044,CL00385,2025-01-29,impression
TCH0009829,CMP0044,CL00064,2025-02-06,impression
TCH0009830,CMP0044,CL00345,2025-01-29,conversion
TCH0009831,CMP0044,CL00484,2025-02-10,impression
TCH0009832,CMP0044,CL00411,2025-01-14,click
TCH0009833,CMP0044,CL00373,2024-12-26,conversion
TCH0009834,CMP0044,CL00001,2025-02-03,conversion
TCH0009835,CMP0044,CL00312,2025-01-27,click
TCH0009836,CMP0044,CL00076,2024-12-18,click
TCH0009837,CMP0044,CL00050,2025-01-08,click
TCH0009838,CMP0044,CL00185,2024-12-31,impression
TCH0009839,CMP0044,CL00154,2025-02-03,lead
TCH0009840,CMP0044,CL00390,2025-01-18,impression
TCH0009841,CMP0044,CL00315,2024-12-21,impression
TCH0009842,CMP0044,CL00022,2025-01-31,click
TCH0009843,CMP0044,CL00203,2024-12-16,lead
TCH0009844,CMP0044,CL00159,2025-01-13,impression
TCH0009845,CMP0044,CL00112,2025-01-24,impression
TCH0009846,CMP0044,CL00036,2025-02-11,impression
TCH0009847,CMP0044,CL00137,2025-01-20,click
TCH0009848,CMP0044,CL00366,2025-01-03,lead
TCH0009849,CMP0044,CL00213,2025-01-19,click
TCH0009850,CMP0044,CL00218,2025-01-22,conversion
TCH0009851,CMP0044,CL00211,2024-12-17,conversion
TCH0009852,CMP0044,CL00470,2025-01-21,lead
TCH0009853,CMP0044,CL00488,2025-01-27,click
TCH0009854,CMP0044,CL00360,2025-01-23,lead
TCH0009855,CMP0044,CL00393,2025-01-04,conversion
TCH0009856,CMP0044,CL00048,2025-02-09,click
TCH0009857,CMP0044,CL00195,2025-01-15,impression
TCH0009858,CMP0044,CL00260,2024-12-28,conversion
TCH0009859,CMP0044,CL00250,2025-01-13,conversion
TCH0009860,CMP0044,CL00376,2025-01-12,click
TCH0009861,CMP0044,CL00033,2024-12-24,click
TCH0009862,CMP0044,CL00173,2024-12-29,impression
TCH0009863,CMP0044,CL00029,2024-12-16,conversion
TCH0009864,CMP0044,CL00314,2025-01-03,click
TCH0009865,CMP0044,CL00445,2025-01-23,lead
TCH0009866,CMP0044,CL00381,2025-02-10,impression
TCH0009867,CMP0044,CL00135,2025-01-22,lead
TCH0009868,CMP0044,CL00359,2025-02-04,impression
TCH0009869,CMP0044,CL00152,2025-02-02,click
TCH0009870,CMP0044,CL00047,2025-02-08,impression
TCH0009871,CMP0044,CL00394,2024-12-30,impression
TCH0009872,CMP0044,CL00082,2025-02-08,impression
TCH0009873,CMP0044,CL00227,2025-01-17,click
TCH0009874,CMP0044,CL00179,2025-01-03,impression
TCH0009875,CMP0044,CL00005,2025-01-02,conversion
TCH0009876,CMP0044,CL00293,2025-02-06,impression
TCH0009877,CMP0044,CL00493,2025-01-25,click
TCH0009878,CMP0044,CL00168,2024-12-25,impression
TCH0009879,CMP0044,CL00091,2025-02-02,lead
TCH0009880,CMP0044,CL00454,2024-12-16,click
TCH0009881,CMP0044,CL00480,2025-01-11,impression
TCH0009882,CMP0044,CL00272,2025-02-07,impression
TCH0009883,CMP0044,CL00459,2025-01-25,click
TCH0009884,CMP0044,CL00042,2025-01-24,conversion
TCH0009885,CMP0044,CL00040,2025-01-09,impression
TCH0009886,CMP0044,CL00242,2025-01-21,click
TCH0009887,CMP0044,CL00215,2024-12-22,click
TCH0009888,CMP0044,CL00370,2024-12-27,click
TCH0009889,CMP0044,CL00106,2025-01-27,lead
TCH0009890,CMP0044,CL00324,2025-01-13,impression
TCH0009891,CMP0044,CL00300,2025-02-03,impression
TCH0009892,CMP0044,CL00229,2025-02-04,conversion
TCH0009893,CMP0044,CL00419,2025-01-26,click
TCH0009894,CMP0044,CL00197,2025-01-15,lead
TCH0009895,CMP0044,CL00129,2025-01-08,impression
TCH0009896,CMP0044,CL00072,2025-02-08,lead
TCH0009897,CMP0044,CL00431,2024-12-17,impression
TCH0009898,CMP0044,CL00230,2025-01-07,click
TCH0009899,CMP0044,CL00292,2024-12-26,click
TCH0009900,CMP0044,CL00460,2025-02-13,impression
TCH0009901,CMP0044,CL00354,2025-02-11,impression
TCH0009902,CMP0044,CL00432,2025-01-07,impression
TCH0009903,CMP0044,CL00043,2025-01-19,conversion
TCH0009904,CMP0044,CL00287,2025-01-10,impression
TCH0009905,CMP0044,CL00097,2024-12-26,impression
TCH0009906,CMP0044,CL00016,2024-12-29,impression
TCH0009907,CMP0044,CL00304,2025-01-19,impression
TCH0009908,CMP0044,CL00259,2024-12-19,lead
TCH0009909,CMP0044,CL00409,2025-01-31,impression
TCH0009910,CMP0044,CL00065,2025-01-25,lead
TCH0009911,CMP0044,CL00248,2025-02-01,lead
TCH0009912,CMP0044,CL00500,2025-01-03,impression
TCH0009913,CMP0044,CL00161,2025-01-22,impression
TCH0009914,CMP0044,CL00457,2024-12-16,click
TCH0009915,CMP0044,CL00337,2024-12-26,lead
TCH0009916,CMP0044,CL00420,2025-01-01,impression
TCH0009917,CMP0044,CL00273,2025-02-02,click
TCH0009918,CMP0044,CL00024,2025-01-17,impression
TCH0009919,CMP0044,CL00462,2024-12-30,impression
TCH0009920,CMP0044,CL00166,2025-01-07,conversion
TCH0009921,CMP0044,CL00095,2025-01-29,impression
TCH0009922,CMP0044,CL00077,2025-02-08,impression
TCH0009923,CMP0044,CL00416,2024-12-18,click
TCH0009924,CMP0044,CL00157,2025-02-02,lead
TCH0009925,CMP0044,CL00200,2024-12-26,impression
TCH0009926,CMP0044,CL00120,2025-01-18,impression
TCH0009927,CMP0044,CL00118,2025-01-22,impression
TCH0009928,CMP0044,CL00038,2025-01-04,impression
TCH0009929,CMP0044,CL00245,2025-01-01,impression
TCH0009930,CMP0044,CL00339,2025-02-03,click
TCH0009931,CMP0044,CL00170,2025-01-05,conversion
TCH0009932,CMP0044,CL00400,2025-02-05,click
TCH0009933,CMP0044,CL00311,2025-02-10,lead
TCH0009934,CMP0044,CL00232,2025-02-13,click
TCH0009935,CMP0044,CL00391,2025-02-06,conversion
TCH0009936,CMP0044,CL00308,2025-02-04,lead
TCH0009937,CMP0044,CL00003,2024-12-30,click
TCH0009938,CMP0044,CL00495,2025-02-08,lead
TCH0009939,CMP0044,CL00056,2025-01-10,impression
TCH0009940,CMP0044,CL00358,2025-01-04,impression
TCH0009941,CMP0044,CL00414,2025-02-05,click
TCH0009942,CMP0044,CL00206,2024-12-18,click
TCH0009943,CMP0044,CL00310,2025-02-02,click
TCH0009944,CMP0044,CL00422,2024-12-16,lead
TCH0009945,CMP0045,CL00468,2024-10-20,impression
TCH0009946,CMP0045,CL00351,2024-11-10,click
TCH0009947,CMP0045,CL00113,2024-12-31,conversion
TCH0009948,CMP0045,CL00055,2024-12-07,click
TCH0009949,CMP0045,CL00462,2024-10-28,impression
TCH0009950,CMP0045,CL00112,2025-01-03,click
TCH0009951,CMP0045,CL00340,2024-11-19,click
TCH0009952,CMP0045,CL00089,2024-10-10,impression
TCH0009953,CMP0045,CL00174,2024-12-03,click
TCH0009954,CMP0045,CL00319,2024-12-21,click
TCH0009955,CMP0045,CL00275,2024-12-23,lead
TCH0009956,CMP0045,CL00361,2024-10-31,impression
TCH0009957,CMP0045,CL00236,2024-12-20,click
TCH0009958,CMP0045,CL00114,2024-12-27,impression
TCH0009959,CMP0045,CL00365,2025-01-03,impression
TCH0009960,CMP0045,CL00314,2024-11-11,lead
TCH0009961,CMP0045,CL00250,2025-01-02,conversion
TCH0009962,CMP0045,CL00095,2024-11-02,impression
TCH0009963,CMP0045,CL00092,2024-11-06,impression
TCH0009964,CMP0045,CL00211,2024-10-31,impression
TCH0009965,CMP0045,CL00086,2024-11-27,impression
TCH0009966,CMP0045,CL00263,2024-12-06,click
TCH0009967,CMP0045,CL00052,2024-09-12,impression
TCH0009968,CMP0045,CL00025,2024-11-07,impression
TCH0009969,CMP0045,CL00128,2024-11-16,lead
TCH0009970,CMP0045,CL00488,2024-10-01,impression
TCH0009971,CMP0045,CL00126,2024-10-04,conversion
TCH0009972,CMP0045,CL00119,2024-11-22,click
TCH0009973,CMP0045,CL00489,2024-11-01,click
TCH0009974,CMP0045,CL00046,2024-09-12,conversion
TCH0009975,CMP0045,CL00285,2024-12-30,impression
TCH0009976,CMP0045,CL00161,2024-12-28,click
TCH0009977,CMP0045,CL00326,2024-12-12,click
TCH0009978,CMP0045,CL00049,2024-12-03,lead
TCH0009979,CMP0045,CL00087,2024-10-07,impression
TCH0009980,CMP0045,CL00367,2024-09-15,lead
TCH0009981,CMP0045,CL00414,2024-12-08,impression
TCH0009982,CMP0045,CL00129,2024-10-01,click
TCH0009983,CMP0045,CL00422,2024-09-18,lead
TCH0009984,CMP0045,CL00015,2024-11-13,impression
TCH0009985,CMP0045,CL00180,2024-10-19,click
TCH0009986,CMP0045,CL00104,2024-10-16,impression
TCH0009987,CMP0045,CL00432,2024-09-25,impression
TCH0009988,CMP0045,CL00358,2024-12-22,lead
TCH0009989,CMP0045,CL00427,2024-11-13,lead
TCH0009990,CMP0045,CL00007,2025-01-07,click
TCH0009991,CMP0045,CL00406,2024-09-30,impression
TCH0009992,CMP0045,CL00377,2024-12-18,click
TCH0009993,CMP0045,CL00440,2024-12-13,click
TCH0009994,CMP0045,CL00103,2024-12-10,impression
TCH0009995,CMP0045,CL00296,2024-11-26,click
TCH0009996,CMP0045,CL00434,2024-12-10,click
TCH0009997,CMP0045,CL00362,2024-11-16,impression
TCH0009998,CMP0045,CL00243,2024-10-26,impression
TCH0009999,CMP0045,CL00483,2024-10-22,impression
TCH0010000,CMP0045,CL00428,2024-12-19,impression
TCH0010001,CMP0045,CL00385,2024-09-19,lead
TCH0010002,CMP0045,CL00389,2024-11-01,click
TCH0010003,CMP0045,CL00223,2024-11-21,impression
TCH0010004,CMP0045,CL00152,2024-12-15,click
TCH0010005,CMP0045,CL00195,2024-09-10,impression
TCH0010006,CMP0045,CL00378,2024-12-29,lead
TCH0010007,CMP0045,CL00493,2024-09-27,lead
TCH0010008,CMP0045,CL00261,2024-12-03,click
TCH0010009,CMP0045,CL00201,2024-11-11,lead
TCH0010010,CMP0045,CL00194,2024-09-15,impression
TCH0010011,CMP0045,CL00234,2024-10-19,impression
TCH0010012,CMP0045,CL00186,2025-01-01,lead
TCH0010013,CMP0045,CL00464,2024-10-05,impression
TCH0010014,CMP0045,CL00067,2024-10-13,click
TCH0010015,CMP0045,CL00215,2024-10-10,click
TCH0010016,CMP0045,CL00189,2024-11-20,lead
TCH0010017,CMP0045,CL00210,2024-12-05,impression
TCH0010018,CMP0045,CL00165,2024-11-13,click
TCH0010019,CMP0045,CL00204,2024-09-28,impression
TCH0010020,CMP0045,CL00218,2024-11-01,click
TCH0010021,CMP0045,CL00315,2024-11-06,lead
TCH0010022,CMP0045,CL00308,2024-12-27,click
TCH0010023,CMP0045,CL00298,2024-10-06,impression
TCH0010024,CMP0045,CL00309,2024-11-02,impression
TCH0010025,CMP0045,CL00257,2024-10-22,click
TCH0010026,CMP0045,CL00466,2024-10-31,click
TCH0010027,CMP0045,CL00045,2024-12-25,impression
TCH0010028,CMP0045,CL00024,2025-01-01,click
TCH0010029,CMP0045,CL00439,2024-10-17,impression
TCH0010030,CMP0045,CL00311,2024-11-22,conversion
TCH0010031,CMP0045,CL00066,2024-12-28,click
TCH0010032,CMP0045,CL00442,2024-12-16,impression
TCH0010033,CMP0045,CL00480,2024-11-08,lead
TCH0010034,CMP0045,CL00041,2024-10-24,impression
TCH0010035,CMP0045,CL00016,2024-10-14,impression
TCH0010036,CMP0045,CL00094,2024-10-14,click
TCH0010037,CMP0045,CL00441,2024-10-20,click
TCH0010038,CMP0045,CL00381,2024-12-20,click
TCH0010039,CMP0045,CL00212,2024-11-04,impression
TCH0010040,CMP0045,CL00490,2024-12-18,impression
TCH0010041,CMP0045,CL00295,2024-12-09,impression
TCH0010042,CMP0045,CL00196,2024-10-26,click
TCH0010043,CMP0045,CL00206,2024-11-06,impression
TCH0010044,CMP0045,CL00097,2024-12-23,impression
TCH0010045,CMP0045,CL00170,2024-12-22,click
TCH0010046,CMP0045,CL00424,2024-10-22,impression
TCH0010047,CMP0045,CL00316,2024-11-02,impression
TCH0010048,CMP0045,CL00450,2024-09-20,impression
TCH0010049,CMP0045,CL00454,2024-11-05,impression
TCH0010050,CMP0045,CL00410,2024-12-12,impression
TCH0010051,CMP0045,CL00416,2024-11-19,lead
TCH0010052,CMP0045,CL00085,2024-11-26,impression
TCH0010053,CMP0045,CL00167,2024-12-21,lead
TCH0010054,CMP0045,CL00179,2024-12-14,impression
TCH0010055,CMP0045,CL00266,2024-10-22,click
TCH0010056,CMP0045,CL00064,2024-10-09,impression
TCH0010057,CMP0045,CL00445,2024-10-11,impression
TCH0010058,CMP0045,CL00447,2025-01-05,lead
TCH0010059,CMP0045,CL00192,2024-11-27,click
TCH0010060,CMP0045,CL00485,2024-10-09,conversion
TCH0010061,CMP0045,CL00472,2024-12-28,lead
TCH0010062,CMP0045,CL00476,2024-09-25,click
TCH0010063,CMP0045,CL00353,2025-01-06,click
TCH0010064,CMP0045,CL00320,2024-12-28,click
TCH0010065,CMP0045,CL00227,2024-09-11,conversion
TCH0010066,CMP0045,CL00375,2024-10-11,impression
TCH0010067,CMP0045,CL00068,2025-01-07,lead
TCH0010068,CMP0045,CL00157,2024-09-18,lead
TCH0010069,CMP0045,CL00139,2024-12-16,click
TCH0010070,CMP0045,CL00093,2024-12-09,impression
TCH0010071,CMP0045,CL00409,2024-10-30,impression
TCH0010072,CMP0045,CL00301,2024-12-01,click
TCH0010073,CMP0045,CL00022,2024-11-17,lead
TCH0010074,CMP0045,CL00177,2024-12-19,conversion
TCH0010075,CMP0045,CL00495,2024-09-20,impression
TCH0010076,CMP0045,CL00088,2024-12-25,click
TCH0010077,CMP0045,CL00221,2024-12-08,click
TCH0010078,CMP0045,CL00429,2024-12-30,click
TCH0010079,CMP0045,CL00123,2024-09-19,lead
TCH0010080,CMP0045,CL00426,2024-11-05,click
TCH0010081,CMP0045,CL00475,2024-09-21,click
TCH0010082,CMP0045,CL00463,2024-11-26,click
TCH0010083,CMP0045,CL00082,2024-11-29,impression
TCH0010084,CMP0045,CL00265,2024-11-04,click
TCH0010085,CMP0045,CL00458,2024-10-27,click
TCH0010086,CMP0045,CL00232,2024-12-12,impression
TCH0010087,CMP0045,CL00343,2024-12-25,lead
TCH0010088,CMP0045,CL00448,2024-09-11,impression
TCH0010089,CMP0045,CL00108,2024-09-25,click
TCH0010090,CMP0045,CL00198,2025-01-05,click
TCH0010091,CMP0045,CL00400,2024-09-12,click
TCH0010092,CMP0045,CL00030,2024-09-18,lead
TCH0010093,CMP0045,CL00073,2024-12-03,click
TCH0010094,CMP0045,CL00446,2024-09-10,impression
TCH0010095,CMP0045,CL00245,2024-12-03,click
TCH0010096,CMP0045,CL00197,2024-12-27,lead
TCH0010097,CMP0045,CL00010,2024-10-17,lead
TCH0010098,CMP0045,CL00050,2024-11-30,click
TCH0010099,CMP0045,CL00249,2024-10-30,conversion
TCH0010100,CMP0045,CL00272,2024-09-18,impression
TCH0010101,CMP0045,CL00048,2024-09-18,lead
TCH0010102,CMP0045,CL00083,2024-11-12,impression
TCH0010103,CMP0045,CL00214,2024-10-16,impression
TCH0010104,CMP0045,CL00403,2024-12-23,impression
TCH0010105,CMP0045,CL00390,2024-11-19,impression
TCH0010106,CMP0045,CL00268,2024-11-03,lead
TCH0010107,CMP0045,CL00255,2024-10-20,impression
TCH0010108,CMP0045,CL00079,2024-10-15,impression
TCH0010109,CMP0045,CL00267,2024-09-25,impression
TCH0010110,CMP0045,CL00032,2024-11-21,impression
TCH0010111,CMP0045,CL00310,2024-09-12,lead
TCH0010112,CMP0045,CL00184,2024-12-23,impression
TCH0010113,CMP0045,CL00276,2024-12-05,lead
TCH0010114,CMP0045,CL00405,2024-11-06,impression
TCH0010115,CMP0045,CL00412,2024-10-22,impression
TCH0010116,CMP0045,CL00393,2024-12-28,click
TCH0010117,CMP0045,CL00376,2024-12-09,click
TCH0010118,CMP0045,CL00333,2024-10-17,lead
TCH0010119,CMP0045,CL00370,2024-11-08,impression
TCH0010120,CMP0045,CL00317,2024-10-04,conversion
TCH0010121,CMP0045,CL00436,2024-12-29,impression
TCH0010122,CMP0045,CL00191,2024-11-29,impression
TCH0010123,CMP0045,CL00373,2024-10-22,impression
TCH0010124,CMP0045,CL00017,2024-10-12,conversion
TCH0010125,CMP0045,CL00080,2024-10-30,impression
TCH0010126,CMP0045,CL00102,2024-12-16,impression
TCH0010127,CMP0045,CL00339,2025-01-02,conversion
TCH0010128,CMP0045,CL00246,2024-12-12,impression
TCH0010129,CMP0045,CL00166,2024-09-30,impression
TCH0010130,CMP0045,CL00329,2024-11-15,impression
TCH0010131,CMP0045,CL00368,2024-12-24,lead
TCH0010132,CMP0045,CL00408,2024-09-16,click
TCH0010133,CMP0045,CL00444,2024-10-16,lead
TCH0010134,CMP0045,CL00460,2024-12-14,impression
TCH0010135,CMP0045,CL00003,2024-09-30,conversion
TCH0010136,CMP0045,CL00456,2025-01-05,impression
TCH0010137,CMP0045,CL00036,2024-12-15,lead
TCH0010138,CMP0045,CL00051,2025-01-04,impression
TCH0010139,CMP0045,CL00181,2024-11-04,lead
TCH0010140,CMP0045,CL00175,2024-10-01,click
TCH0010141,CMP0045,CL00499,2025-01-01,impression
TCH0010142,CMP0045,CL00040,2024-10-06,click
TCH0010143,CMP0045,CL00418,2025-01-02,impression
TCH0010144,CMP0045,CL00159,2024-12-25,lead
TCH0010145,CMP0045,CL00063,2024-12-06,conversion
TCH0010146,CMP0045,CL00149,2025-01-03,impression
TCH0010147,CMP0045,CL00230,2024-10-10,impression
TCH0010148,CMP0045,CL00105,2024-10-11,lead
TCH0010149,CMP0045,CL00171,2025-01-05,impression
TCH0010150,CMP0045,CL00164,2024-12-28,impression
TCH0010151,CMP0045,CL00323,2024-11-21,impression
TCH0010152,CMP0045,CL00168,2024-11-04,lead
TCH0010153,CMP0045,CL00240,2025-01-05,lead
TCH0010154,CMP0045,CL00096,2024-12-19,lead
TCH0010155,CMP0045,CL00071,2024-09-22,impression
TCH0010156,CMP0045,CL00029,2024-10-17,click
TCH0010157,CMP0045,CL00109,2024-10-03,impression
TCH0010158,CMP0045,CL00208,2024-09-20,lead
TCH0010159,CMP0045,CL00321,2024-09-20,impression
TCH0010160,CMP0045,CL00260,2024-10-19,click
TCH0010161,CMP0045,CL00137,2024-10-23,lead
TCH0010162,CMP0045,CL00248,2025-01-02,impression
TCH0010163,CMP0045,CL00013,2024-09-14,impression
TCH0010164,CMP0045,CL00398,2024-10-16,impression
TCH0010165,CMP0045,CL00379,2024-11-01,impression
TCH0010166,CMP0045,CL00299,2024-12-04,lead
TCH0010167,CMP0045,CL00360,2024-11-22,lead
TCH0010168,CMP0045,CL00287,2024-10-28,click
TCH0010169,CMP0045,CL00209,2024-10-16,lead
TCH0010170,CMP0045,CL00290,2024-10-18,click
TCH0010171,CMP0045,CL00256,2024-12-19,click
TCH0010172,CMP0045,CL00084,2024-12-08,impression
TCH0010173,CMP0045,CL00072,2025-01-06,impression
TCH0010174,CMP0045,CL00005,2024-12-12,lead
TCH0010175,CMP0045,CL00185,2024-10-02,click
TCH0010176,CMP0045,CL00284,2024-09-26,conversion
TCH0010177,CMP0045,CL00141,2024-12-21,click
TCH0010178,CMP0045,CL00173,2024-10-20,impression
TCH0010179,CMP0045,CL00300,2024-10-16,impression
TCH0010180,CMP0045,CL00470,2024-11-23,lead
TCH0010181,CMP0045,CL00486,2024-09-22,click
TCH0010182,CMP0045,CL00056,2024-09-22,click
TCH0010183,CMP0045,CL00500,2024-10-25,click
TCH0010184,CMP0045,CL00099,2024-12-01,impression
TCH0010185,CMP0045,CL00247,2024-09-17,lead
TCH0010186,CMP0045,CL00120,2024-12-19,lead
TCH0010187,CMP0045,CL00433,2024-11-12,impression
TCH0010188,CMP0045,CL00111,2024-11-28,impression
TCH0010189,CMP0045,CL00492,2024-12-07,click
TCH0010190,CMP0045,CL00142,2024-09-26,lead
TCH0010191,CMP0045,CL00147,2024-12-30,impression
TCH0010192,CMP0045,CL00437,2024-09-20,lead
TCH0010193,CMP0045,CL00396,2024-10-22,click
TCH0010194,CMP0045,CL00292,2024-09-30,lead
TCH0010195,CMP0045,CL00118,2024-12-19,click
TCH0010196,CMP0045,CL00062,2024-10-25,impression
TCH0010197,CMP0045,CL00305,2024-11-12,click
TCH0010198,CMP0045,CL00312,2024-11-08,lead
TCH0010199,CMP0045,CL00337,2024-12-04,lead
TCH0010200,CMP0045,CL00413,2024-09-11,click
TCH0010201,CMP0045,CL00077,2024-09-26,lead
TCH0010202,CMP0045,CL00359,2024-11-25,conversion
TCH0010203,CMP0045,CL00148,2024-11-25,click
TCH0010204,CMP0045,CL00226,2024-12-10,click
TCH0010205,CMP0045,CL00203,2024-11-03,lead
TCH0010206,CMP0045,CL00038,2024-09-28,impression
TCH0010207,CMP0045,CL00004,2025-01-03,click
TCH0010208,CMP0045,CL00106,2024-12-28,impression
TCH0010209,CMP0045,CL00449,2024-10-20,click
TCH0010210,CMP0045,CL00357,2024-09-25,lead
TCH0010211,CMP0045,CL00431,2024-11-15,conversion
TCH0010212,CMP0045,CL00459,2024-09-27,impression
TCH0010213,CMP0045,CL00478,2024-10-15,impression
TCH0010214,CMP0045,CL00325,2024-12-05,impression
TCH0010215,CMP0045,CL00116,2024-11-30,click
TCH0010216,CMP0045,CL00304,2024-12-30,click
TCH0010217,CMP0045,CL00288,2024-12-03,impression
TCH0010218,CMP0045,CL00388,2024-11-24,click
TCH0010219,CMP0045,CL00153,2024-09-11,impression
TCH0010220,CMP0045,CL00060,2024-10-14,impression
TCH0010221,CMP0045,CL00453,2024-12-13,lead
TCH0010222,CMP0045,CL00354,2024-10-11,click
TCH0010223,CMP0045,CL00187,2024-10-23,impression
TCH0010224,CMP0045,CL00237,2024-11-06,click
TCH0010225,CMP0045,CL00018,2024-12-15,click
TCH0010226,CMP0045,CL00229,2024-11-21,impression
TCH0010227,CMP0045,CL00047,2024-12-05,impression
TCH0010228,CMP0045,CL00356,2024-12-23,click
TCH0010229,CMP0045,CL00193,2025-01-04,click
TCH0010230,CMP0045,CL00042,2024-10-19,impression
TCH0010231,CMP0045,CL00155,2024-12-01,impression
TCH0010232,CMP0045,CL00332,2024-09-21,impression
TCH0010233,CMP0045,CL00496,2024-11-24,impression
TCH0010234,CMP0045,CL00217,2024-12-15,impression
TCH0010235,CMP0045,CL00497,2024-11-16,click
TCH0010236,CMP0045,CL00006,2024-12-30,click
TCH0010237,CMP0045,CL00127,2024-12-24,impression
TCH0010238,CMP0045,CL00469,2024-12-02,conversion
TCH0010239,CMP0045,CL00035,2024-11-22,lead
TCH0010240,CMP0045,CL00163,2024-09-18,impression
TCH0010241,CMP0045,CL00183,2025-01-03,click
TCH0010242,CMP0045,CL00150,2024-09-25,conversion
TCH0010243,CMP0045,CL00216,2024-12-20,impression
TCH0010244,CMP0045,CL00318,2024-09-20,impression
TCH0010245,CMP0045,CL00419,2024-12-06,impression
TCH0010246,CMP0045,CL00457,2024-10-25,conversion
TCH0010247,CMP0045,CL00364,2024-11-06,click
TCH0010248,CMP0045,CL00213,2024-11-28,click
TCH0010249,CMP0045,CL00037,2024-12-24,lead
TCH0010250,CMP0045,CL00239,2024-11-22,impression
TCH0010251,CMP0045,CL00420,2024-09-12,impression
TCH0010252,CMP0045,CL00258,2024-12-10,lead
TCH0010253,CMP0045,CL00058,2024-12-21,click
TCH0010254,CMP0045,CL00383,2024-12-14,lead
TCH0010255,CMP0045,CL00264,2024-12-06,click
TCH0010256,CMP0045,CL00391,2025-01-02,click
TCH0010257,CMP0045,CL00070,2024-10-16,click
TCH0010258,CMP0045,CL00278,2024-12-09,impression
TCH0010259,CMP0045,CL00135,2024-12-16,lead
TCH0010260,CMP0045,CL00282,2025-01-02,impression
TCH0010261,CMP0045,CL00090,2024-11-01,click
TCH0010262,CMP0045,CL00277,2024-11-19,lead
TCH0010263,CMP0045,CL00033,2025-01-02,click
TCH0010264,CMP0045,CL00313,2024-10-05,impression
TCH0010265,CMP0045,CL00481,2024-11-16,lead
TCH0010266,CMP0045,CL00008,2024-09-25,lead
TCH0010267,CMP0045,CL00366,2024-11-08,lead
TCH0010268,CMP0045,CL00401,2024-10-10,click
TCH0010269,CMP0045,CL00043,2024-11-11,lead
TCH0010270,CMP0045,CL00384,2024-11-12,lead
TCH0010271,CMP0045,CL00219,2024-12-19,impression
TCH0010272,CMP0045,CL00438,2024-12-01,impression
TCH0010273,CMP0045,CL00098,2024-12-25,impression
TCH0010274,CMP0045,CL00200,2024-11-28,click
TCH0010275,CMP0045,CL00091,2024-11-28,lead
TCH0010276,CMP0045,CL00101,2024-09-29,conversion
TCH0010277,CMP0045,CL00259,2024-12-05,conversion
TCH0010278,CMP0045,CL00402,2024-12-10,impression
TCH0010279,CMP0045,CL00271,2024-10-06,impression
TCH0010280,CMP0045,CL00044,2024-10-05,click
TCH0010281,CMP0045,CL00394,2024-11-10,impression
TCH0010282,CMP0045,CL00172,2024-11-13,impression
TCH0010283,CMP0045,CL00020,2025-01-01,click
TCH0010284,CMP0045,CL00473,2024-12-27,click
TCH0010285,CMP0045,CL00110,2024-11-09,click
TCH0010286,CMP0045,CL00143,2024-10-27,impression
TCH0010287,CMP0045,CL00065,2024-11-15,click
TCH0010288,CMP0045,CL00130,2024-10-12,impression
TCH0010289,CMP0045,CL00349,2024-10-19,click
TCH0010290,CMP0045,CL00303,2024-10-20,impression
TCH0010291,CMP0045,CL00274,2024-10-22,impression
TCH0010292,CMP0045,CL00289,2024-12-31,impression
TCH0010293,CMP0045,CL00115,2024-10-21,lead
TCH0010294,CMP0045,CL00076,2024-10-19,click
TCH0010295,CMP0045,CL00001,2024-12-29,lead
TCH0010296,CMP0045,CL00273,2024-11-07,click
TCH0010297,CMP0045,CL00144,2024-11-03,impression
TCH0010298,CMP0045,CL00252,2025-01-04,impression
TCH0010299,CMP0045,CL00154,2024-11-25,conversion
TCH0010300,CMP0045,CL00146,2024-10-26,lead
TCH0010301,CMP0045,CL00028,2024-12-30,click
TCH0010302,CMP0045,CL00233,2024-10-18,impression
TCH0010303,CMP0045,CL00336,2024-12-08,impression
TCH0010304,CMP0045,CL00293,2024-11-23,click
TCH0010305,CMP0045,CL00324,2024-10-10,impression
TCH0010306,CMP0045,CL00474,2024-11-22,impression
TCH0010307,CMP0045,CL00207,2024-10-18,lead
TCH0010308,CMP0045,CL00363,2024-12-12,click
TCH0010309,CMP0045,CL00023,2024-12-25,click
TCH0010310,CMP0045,CL00345,2024-11-01,click
TCH0010311,CMP0045,CL00242,2024-10-08,lead
TCH0010312,CMP0045,CL00467,2024-12-28,impression
TCH0010313,CMP0045,CL00297,2025-01-02,impression
TCH0010314,CMP0045,CL00411,2024-11-09,impression
TCH0010315,CMP0045,CL00138,2024-12-19,impression
TCH0010316,CMP0045,CL00151,2024-10-03,impression
TCH0010317,CMP0045,CL00369,2024-12-10,impression
TCH0010318,CMP0045,CL00404,2024-11-06,click
TCH0010319,CMP0045,CL00026,2024-09-30,impression
TCH0010320,CMP0045,CL00039,2024-09-25,impression
TCH0010321,CMP0045,CL00484,2024-11-13,lead
TCH0010322,CMP0046,CL00184,2024-11-15,impression
TCH0010323,CMP0046,CL00049,2024-10-21,click
TCH0010324,CMP0046,CL00056,2024-11-07,click
TCH0010325,CMP0046,CL00213,2024-10-09,click
TCH0010326,CMP0046,CL00383,2024-09-21,impression
TCH0010327,CMP0046,CL00312,2024-11-13,click
TCH0010328,CMP0046,CL00449,2024-09-20,impression
TCH0010329,CMP0046,CL00115,2024-10-05,conversion
TCH0010330,CMP0046,CL00129,2024-11-05,impression
TCH0010331,CMP0046,CL00300,2024-12-02,lead
TCH0010332,CMP0046,CL00013,2024-10-26,impression
TCH0010333,CMP0046,CL00299,2024-11-27,click
TCH0010334,CMP0046,CL00194,2024-10-23,lead
TCH0010335,CMP0046,CL00191,2024-09-26,impression
TCH0010336,CMP0046,CL00030,2024-10-10,click
TCH0010337,CMP0046,CL00247,2024-09-18,impression
TCH0010338,CMP0046,CL00097,2024-09-30,impression
TCH0010339,CMP0046,CL00311,2024-11-11,click
TCH0010340,CMP0046,CL00467,2024-12-03,conversion
TCH0010341,CMP0046,CL00058,2024-11-30,click
TCH0010342,CMP0046,CL00321,2024-11-19,click
TCH0010343,CMP0046,CL00240,2024-09-21,impression
TCH0010344,CMP0046,CL00010,2024-10-05,conversion
TCH0010345,CMP0046,CL00464,2024-12-02,impression
TCH0010346,CMP0046,CL00104,2024-11-07,impression
TCH0010347,CMP0046,CL00128,2024-11-18,lead
TCH0010348,CMP0046,CL00310,2024-11-29,impression
TCH0010349,CMP0046,CL00055,2024-10-27,click
TCH0010350,CMP0046,CL00168,2024-11-17,lead
TCH0010351,CMP0046,CL00076,2024-10-19,impression
TCH0010352,CMP0046,CL00101,2024-12-14,lead
TCH0010353,CMP0046,CL00067,2024-12-11,conversion
TCH0010354,CMP0046,CL00113,2024-11-21,lead
TCH0010355,CMP0046,CL00378,2024-11-14,click
TCH0010356,CMP0046,CL00480,2024-11-06,lead
TCH0010357,CMP0046,CL00434,2024-11-16,click
TCH0010358,CMP0046,CL00118,2024-12-04,click
TCH0010359,CMP0046,CL00343,2024-09-25,impression
TCH0010360,CMP0046,CL00126,2024-10-03,impression
TCH0010361,CMP0046,CL00245,2024-12-10,impression
TCH0010362,CMP0046,CL00474,2024-10-29,click
TCH0010363,CMP0046,CL00234,2024-10-12,impression
TCH0010364,CMP0046,CL00083,2024-10-27,click
TCH0010365,CMP0046,CL00092,2024-11-30,lead
TCH0010366,CMP0046,CL00485,2024-11-30,impression
TCH0010367,CMP0046,CL00268,2024-11-26,click
TCH0010368,CMP0046,CL00446,2024-11-07,impression
TCH0010369,CMP0046,CL00099,2024-11-01,click
TCH0010370,CMP0046,CL00171,2024-10-20,impression
TCH0010371,CMP0046,CL00080,2024-11-07,click
TCH0010372,CMP0046,CL00246,2024-10-13,lead
TCH0010373,CMP0046,CL00108,2024-11-10,impression
TCH0010374,CMP0046,CL00418,2024-10-05,impression
TCH0010375,CMP0046,CL00406,2024-12-08,click
TCH0010376,CMP0046,CL00420,2024-10-03,lead
TCH0010377,CMP0046,CL00422,2024-11-24,click
TCH0010378,CMP0046,CL00297,2024-11-13,click
TCH0010379,CMP0046,CL00476,2024-10-29,click
TCH0010380,CMP0046,CL00427,2024-10-26,impression
TCH0010381,CMP0046,CL00441,2024-10-15,lead
TCH0010382,CMP0046,CL00384,2024-10-30,impression
TCH0010383,CMP0046,CL00207,2024-10-14,click
TCH0010384,CMP0046,CL00305,2024-11-14,lead
TCH0010385,CMP0046,CL00356,2024-11-13,impression
TCH0010386,CMP0046,CL00174,2024-12-14,click
TCH0010387,CMP0046,CL00369,2024-10-29,click
TCH0010388,CMP0046,CL00466,2024-10-17,click
TCH0010389,CMP0046,CL00008,2024-11-06,conversion
TCH0010390,CMP0046,CL00495,2024-11-21,lead
TCH0010391,CMP0046,CL00065,2024-10-10,click
TCH0010392,CMP0046,CL00278,2024-12-06,click
TCH0010393,CMP0046,CL00084,2024-12-11,click
TCH0010394,CMP0046,CL00293,2024-10-13,impression
TCH0010395,CMP0046,CL00303,2024-10-05,click
TCH0010396,CMP0046,CL00154,2024-10-28,conversion
TCH0010397,CMP0046,CL00267,2024-11-15,impression
TCH0010398,CMP0046,CL00295,2024-12-11,click
TCH0010399,CMP0046,CL00192,2024-10-28,lead
TCH0010400,CMP0046,CL00379,2024-11-24,click
TCH0010401,CMP0046,CL00077,2024-10-10,click
TCH0010402,CMP0046,CL00022,2024-11-29,click
TCH0010403,CMP0046,CL00201,2024-11-18,click
TCH0010404,CMP0046,CL00239,2024-10-02,conversion
TCH0010405,CMP0046,CL00048,2024-10-29,click
TCH0010406,CMP0046,CL00236,2024-10-23,impression
TCH0010407,CMP0046,CL00040,2024-10-17,click
TCH0010408,CMP0046,CL00336,2024-11-21,click
TCH0010409,CMP0046,CL00039,2024-09-25,click
TCH0010410,CMP0046,CL00243,2024-12-04,impression
TCH0010411,CMP0046,CL00385,2024-10-06,click
TCH0010412,CMP0046,CL00196,2024-09-30,lead
TCH0010413,CMP0046,CL00226,2024-11-04,conversion
TCH0010414,CMP0046,CL00020,2024-10-18,impression
TCH0010415,CMP0046,CL00258,2024-11-25,lead
TCH0010416,CMP0046,CL00298,2024-11-26,lead
TCH0010417,CMP0046,CL00353,2024-10-30,click
TCH0010418,CMP0046,CL00041,2024-11-30,impression
TCH0010419,CMP0046,CL00025,2024-11-01,click
TCH0010420,CMP0046,CL00276,2024-10-23,impression
TCH0010421,CMP0046,CL00483,2024-12-06,click
TCH0010422,CMP0046,CL00137,2024-12-07,click
TCH0010423,CMP0046,CL00458,2024-09-27,impression
TCH0010424,CMP0046,CL00394,2024-10-02,impression
TCH0010425,CMP0046,CL00195,2024-11-22,lead
TCH0010426,CMP0046,CL00233,2024-11-13,click
TCH0010427,CMP0046,CL00339,2024-10-14,click
TCH0010428,CMP0046,CL00354,2024-10-09,lead
TCH0010429,CMP0046,CL00442,2024-12-15,click
TCH0010430,CMP0046,CL00172,2024-11-20,impression
TCH0010431,CMP0046,CL00260,2024-12-14,click
TCH0010432,CMP0046,CL00007,2024-10-31,lead
TCH0010433,CMP0046,CL00287,2024-11-29,impression
TCH0010434,CMP0046,CL00274,2024-10-13,click
TCH0010435,CMP0046,CL00111,2024-11-20,click
TCH0010436,CMP0046,CL00277,2024-12-15,click
TCH0010437,CMP0046,CL00414,2024-10-06,conversion
TCH0010438,CMP0046,CL00063,2024-10-20,lead
TCH0010439,CMP0046,CL00032,2024-09-20,click
TCH0010440,CMP0046,CL00484,2024-10-04,lead
TCH0010441,CMP0046,CL00106,2024-09-26,impression
TCH0010442,CMP0046,CL00163,2024-10-18,click
TCH0010443,CMP0046,CL00284,2024-11-15,impression
TCH0010444,CMP0046,CL00139,2024-09-26,lead
TCH0010445,CMP0046,CL00035,2024-12-10,click
TCH0010446,CMP0046,CL00051,2024-11-27,impression
TCH0010447,CMP0046,CL00114,2024-09-20,click
TCH0010448,CMP0046,CL00357,2024-11-19,impression
TCH0010449,CMP0046,CL00208,2024-11-03,impression
TCH0010450,CMP0046,CL00252,2024-09-25,conversion
TCH0010451,CMP0046,CL00016,2024-10-01,lead
TCH0010452,CMP0046,CL00017,2024-10-19,lead
TCH0010453,CMP0046,CL00072,2024-10-08,click
TCH0010454,CMP0046,CL00043,2024-11-27,click
TCH0010455,CMP0046,CL00206,2024-10-27,click
TCH0010456,CMP0046,CL00376,2024-10-18,impression
TCH0010457,CMP0046,CL00489,2024-10-25,conversion
TCH0010458,CMP0046,CL00105,2024-10-20,click
TCH0010459,CMP0046,CL00045,2024-10-19,click
TCH0010460,CMP0046,CL00381,2024-10-23,click
TCH0010461,CMP0046,CL00214,2024-10-27,impression
TCH0010462,CMP0046,CL00042,2024-11-04,impression
TCH0010463,CMP0046,CL00282,2024-09-24,impression
TCH0010464,CMP0046,CL00431,2024-11-28,lead
TCH0010465,CMP0046,CL00370,2024-11-23,click
TCH0010466,CMP0046,CL00230,2024-09-23,impression
TCH0010467,CMP0046,CL00249,2024-11-10,conversion
TCH0010468,CMP0046,CL00290,2024-10-14,click
TCH0010469,CMP0046,CL00109,2024-10-14,click
TCH0010470,CMP0046,CL00377,2024-10-25,lead
TCH0010471,CMP0046,CL00211,2024-12-09,impression
TCH0010472,CMP0046,CL00445,2024-11-20,lead
TCH0010473,CMP0046,CL00147,2024-10-24,lead
TCH0010474,CMP0046,CL00318,2024-12-05,conversion
TCH0010475,CMP0046,CL00416,2024-10-11,conversion
TCH0010476,CMP0046,CL00391,2024-10-04,lead
TCH0010477,CMP0046,CL00187,2024-12-13,click
TCH0010478,CMP0046,CL00046,2024-11-15,conversion
TCH0010479,CMP0046,CL00463,2024-11-16,impression
TCH0010480,CMP0046,CL00329,2024-10-19,click
TCH0010481,CMP0046,CL00095,2024-12-01,click
TCH0010482,CMP0046,CL00087,2024-09-30,lead
TCH0010483,CMP0046,CL00237,2024-11-02,conversion
TCH0010484,CMP0046,CL00185,2024-10-17,conversion
TCH0010485,CMP0046,CL00204,2024-11-16,impression
TCH0010486,CMP0046,CL00177,2024-11-21,lead
TCH0010487,CMP0046,CL00167,2024-12-11,lead
TCH0010488,CMP0046,CL00497,2024-11-27,impression
TCH0010489,CMP0046,CL00264,2024-11-01,lead
TCH0010490,CMP0046,CL00015,2024-10-22,conversion
TCH0010491,CMP0046,CL00005,2024-09-26,lead
TCH0010492,CMP0046,CL00324,2024-11-16,conversion
TCH0010493,CMP0046,CL00112,2024-11-27,impression
TCH0010494,CMP0046,CL00001,2024-10-10,click
TCH0010495,CMP0046,CL00098,2024-10-16,impression
TCH0010496,CMP0046,CL00219,2024-10-20,conversion
TCH0010497,CMP0046,CL00345,2024-11-08,lead
TCH0010498,CMP0046,CL00018,2024-11-05,lead
TCH0010499,CMP0046,CL00152,2024-09-30,impression
TCH0010500,CMP0046,CL00412,2024-11-11,impression
TCH0010501,CMP0046,CL00263,2024-12-13,lead
TCH0010502,CMP0046,CL00181,2024-10-27,impression
TCH0010503,CMP0046,CL00493,2024-11-12,impression
TCH0010504,CMP0046,CL00492,2024-10-20,impression
TCH0010505,CMP0046,CL00437,2024-10-20,lead
TCH0010506,CMP0046,CL00398,2024-10-12,conversion
TCH0010507,CMP0046,CL00209,2024-09-26,impression
TCH0010508,CMP0046,CL00094,2024-11-25,click
TCH0010509,CMP0046,CL00259,2024-12-02,conversion
TCH0010510,CMP0046,CL00468,2024-10-17,impression
TCH0010511,CMP0046,CL00444,2024-12-08,impression
TCH0010512,CMP0046,CL00389,2024-12-12,click
TCH0010513,CMP0046,CL00232,2024-09-29,impression
TCH0010514,CMP0046,CL00066,2024-11-30,click
TCH0010515,CMP0046,CL00481,2024-09-26,click
TCH0010516,CMP0046,CL00454,2024-10-27,conversion
TCH0010517,CMP0046,CL00004,2024-10-25,impression
TCH0010518,CMP0046,CL00316,2024-09-25,lead
TCH0010519,CMP0046,CL00285,2024-10-12,click
TCH0010520,CMP0046,CL00390,2024-09-24,impression
TCH0010521,CMP0046,CL00038,2024-09-29,impression
TCH0010522,CMP0046,CL00033,2024-09-23,click
TCH0010523,CMP0046,CL00364,2024-10-08,impression
TCH0010524,CMP0046,CL00179,2024-10-11,impression
TCH0010525,CMP0046,CL00469,2024-09-25,impression
TCH0010526,CMP0046,CL00400,2024-10-02,impression
TCH0010527,CMP0046,CL00403,2024-10-22,impression
TCH0010528,CMP0046,CL00093,2024-11-01,lead
TCH0010529,CMP0046,CL00141,2024-10-22,impression
TCH0010530,CMP0046,CL00164,2024-12-07,impression
TCH0010531,CMP0046,CL00368,2024-11-07,conversion
TCH0010532,CMP0046,CL00314,2024-11-15,click
TCH0010533,CMP0046,CL00396,2024-09-26,click
TCH0010534,CMP0046,CL00439,2024-11-25,impression
TCH0010535,CMP0046,CL00363,2024-11-22,impression
TCH0010536,CMP0046,CL00367,2024-10-30,click
TCH0010537,CMP0046,CL00050,2024-11-18,impression
TCH0010538,CMP0046,CL00292,2024-10-24,conversion
TCH0010539,CMP0046,CL00026,2024-10-31,impression
TCH0010540,CMP0046,CL00272,2024-11-05,lead
TCH0010541,CMP0046,CL00428,2024-10-22,impression
TCH0010542,CMP0046,CL00261,2024-10-13,click
TCH0010543,CMP0046,CL00265,2024-11-29,impression
TCH0010544,CMP0046,CL00315,2024-10-07,lead
TCH0010545,CMP0046,CL00047,2024-10-01,lead
TCH0010546,CMP0046,CL00429,2024-11-14,lead
TCH0010547,CMP0046,CL00064,2024-10-10,click
TCH0010548,CMP0046,CL00288,2024-10-13,click
TCH0010549,CMP0046,CL00436,2024-09-24,impression
TCH0010550,CMP0046,CL00062,2024-11-20,click
TCH0010551,CMP0046,CL00317,2024-10-07,click
TCH0010552,CMP0046,CL00496,2024-10-21,conversion
TCH0010553,CMP0046,CL00096,2024-11-27,click
TCH0010554,CMP0046,CL00227,2024-12-12,lead
TCH0010555,CMP0046,CL00366,2024-11-23,click
TCH0010556,CMP0046,CL00360,2024-10-07,impression
TCH0010557,CMP0046,CL00028,2024-11-29,conversion
TCH0010558,CMP0046,CL00052,2024-11-19,click
TCH0010559,CMP0046,CL00413,2024-11-17,impression
TCH0010560,CMP0046,CL00313,2024-09-23,lead
TCH0010561,CMP0046,CL00221,2024-11-06,impression
TCH0010562,CMP0046,CL00150,2024-10-22,click
TCH0010563,CMP0046,CL00308,2024-11-08,click
TCH0010564,CMP0046,CL00086,2024-09-17,impression
TCH0010565,CMP0046,CL00405,2024-09-27,impression
TCH0010566,CMP0046,CL00166,2024-10-09,click
TCH0010567,CMP0046,CL00304,2024-11-13,impression
TCH0010568,CMP0046,CL00138,2024-09-29,lead
TCH0010569,CMP0046,CL00250,2024-12-11,click
TCH0010570,CMP0046,CL00119,2024-09-17,impression
TCH0010571,CMP0046,CL00309,2024-10-25,lead
TCH0010572,CMP0046,CL00173,2024-11-24,click
TCH0010573,CMP0046,CL00130,2024-11-01,impression
TCH0010574,CMP0046,CL00408,2024-10-11,impression
TCH0010575,CMP0046,CL00453,2024-12-03,conversion
TCH0010576,CMP0046,CL00151,2024-10-07,lead
TCH0010577,CMP0046,CL00351,2024-10-20,impression
TCH0010578,CMP0046,CL00402,2024-11-01,impression
TCH0010579,CMP0046,CL00332,2024-11-17,click
TCH0010580,CMP0046,CL00266,2024-09-24,click
TCH0010581,CMP0046,CL00079,2024-10-27,lead
TCH0010582,CMP0046,CL00037,2024-10-16,impression
TCH0010583,CMP0046,CL00486,2024-10-15,conversion
TCH0010584,CMP0046,CL00488,2024-10-20,impression
TCH0010585,CMP0046,CL00203,2024-11-18,impression
TCH0010586,CMP0046,CL00223,2024-09-19,impression
TCH0010587,CMP0046,CL00123,2024-09-24,impression
TCH0010588,CMP0046,CL00229,2024-11-28,impression
TCH0010589,CMP0046,CL00373,2024-12-07,impression
TCH0010590,CMP0046,CL00438,2024-09-24,impression
TCH0010591,CMP0046,CL00175,2024-11-02,click
TCH0010592,CMP0046,CL00089,2024-11-19,click
TCH0010593,CMP0046,CL00024,2024-09-18,impression
TCH0010594,CMP0046,CL00456,2024-11-28,lead
TCH0010595,CMP0046,CL00388,2024-10-27,click
TCH0010596,CMP0046,CL00326,2024-10-31,lead
TCH0010597,CMP0046,CL00490,2024-11-18,impression
TCH0010598,CMP0046,CL00361,2024-10-18,click
TCH0010599,CMP0046,CL00271,2024-12-07,lead
TCH0010600,CMP0046,CL00216,2024-10-14,impression
TCH0010601,CMP0046,CL00210,2024-12-07,click
TCH0010602,CMP0046,CL00409,2024-09-17,impression
TCH0010603,CMP0046,CL00296,2024-10-22,click
TCH0010604,CMP0046,CL00337,2024-10-07,click
TCH0010605,CMP0046,CL00349,2024-11-05,impression
TCH0010606,CMP0046,CL00460,2024-10-08,impression
TCH0010607,CMP0046,CL00071,2024-10-10,lead
TCH0010608,CMP0046,CL00180,2024-10-27,lead
TCH0010609,CMP0046,CL00475,2024-10-28,lead
TCH0010610,CMP0046,CL00149,2024-10-26,impression
TCH0010611,CMP0046,CL00135,2024-10-21,impression
TCH0010612,CMP0046,CL00448,2024-10-16,conversion
TCH0010613,CMP0046,CL00116,2024-12-01,conversion
TCH0010614,CMP0046,CL00325,2024-11-27,click
TCH0010615,CMP0046,CL00144,2024-11-13,lead
TCH0010616,CMP0046,CL00161,2024-12-01,click
TCH0010617,CMP0046,CL00090,2024-10-29,impression
TCH0010618,CMP0046,CL00085,2024-10-07,impression
TCH0010619,CMP0046,CL00424,2024-11-08,click
TCH0010620,CMP0046,CL00003,2024-11-30,lead
TCH0010621,CMP0046,CL00447,2024-10-16,lead
TCH0010622,CMP0046,CL00404,2024-10-31,conversion
TCH0010623,CMP0046,CL00217,2024-12-15,impression
TCH0010624,CMP0046,CL00472,2024-11-26,impression
TCH0010625,CMP0046,CL00091,2024-10-12,click
TCH0010626,CMP0046,CL00159,2024-09-20,impression
TCH0010627,CMP0046,CL00212,2024-12-04,click
TCH0010628,CMP0046,CL00197,2024-11-28,lead
TCH0010629,CMP0046,CL00333,2024-11-04,conversion
TCH0010630,CMP0046,CL00073,2024-10-21,lead
TCH0010631,CMP0046,CL00248,2024-12-02,impression
TCH0010632,CMP0046,CL00153,2024-09-21,click
TCH0010633,CMP0046,CL00148,2024-12-02,lead
TCH0010634,CMP0046,CL00432,2024-10-19,click
TCH0010635,CMP0046,CL00500,2024-12-06,lead
TCH0010636,CMP0046,CL00375,2024-10-24,impression
TCH0010637,CMP0046,CL00193,2024-09-26,click
TCH0010638,CMP0046,CL00165,2024-12-15,click
TCH0010639,CMP0046,CL00170,2024-10-14,click
TCH0010640,CMP0046,CL00450,2024-10-13,lead
TCH0010641,CMP0046,CL00029,2024-10-24,click
TCH0010642,CMP0046,CL00320,2024-11-02,lead
TCH0010643,CMP0046,CL00006,2024-09-30,impression
TCH0010644,CMP0046,CL00155,2024-11-07,impression
TCH0010645,CMP0046,CL00426,2024-10-17,conversion
TCH0010646,CMP0046,CL00459,2024-11-17,lead
TCH0010647,CMP0046,CL00256,2024-11-08,click
TCH0010648,CMP0046,CL00301,2024-10-10,click
TCH0010649,CMP0046,CL00120,2024-11-03,impression
TCH0010650,CMP0046,CL00462,2024-10-24,lead
TCH0010651,CMP0046,CL00340,2024-10-21,click
TCH0010652,CMP0046,CL00273,2024-11-09,conversion
TCH0010653,CMP0046,CL00198,2024-12-11,lead
TCH0010654,CMP0046,CL00362,2024-10-23,impression
TCH0010655,CMP0046,CL00457,2024-09-28,click
TCH0010656,CMP0046,CL00200,2024-11-05,impression
TCH0010657,CMP0046,CL00433,2024-11-25,click
TCH0010658,CMP0046,CL00215,2024-10-26,click
TCH0010659,CMP0046,CL00275,2024-11-09,click
TCH0010660,CMP0046,CL00393,2024-11-24,impression
TCH0010661,CMP0046,CL00359,2024-11-06,lead
TCH0010662,CMP0046,CL00410,2024-09-29,impression
TCH0010663,CMP0046,CL00142,2024-10-29,impression
TCH0010664,CMP0046,CL00186,2024-11-23,lead
TCH0010665,CMP0046,CL00257,2024-10-26,click
TCH0010666,CMP0046,CL00440,2024-09-24,conversion
TCH0010667,CMP0046,CL00023,2024-11-24,conversion
TCH0010668,CMP0046,CL00102,2024-09-28,click
TCH0010669,CMP0046,CL00255,2024-10-24,impression
TCH0010670,CMP0046,CL00068,2024-11-27,click
TCH0010671,CMP0046,CL00401,2024-12-13,click
TCH0010672,CMP0046,CL00127,2024-10-02,impression
TCH0010673,CMP0046,CL00110,2024-10-07,click
TCH0010674,CMP0046,CL00060,2024-11-25,impression
TCH0010675,CMP0046,CL00082,2024-09-29,click
TCH0010676,CMP0046,CL00473,2024-12-09,impression
TCH0010677,CMP0046,CL00323,2024-10-21,lead
TCH0010678,CMP0046,CL00103,2024-11-29,lead
TCH0010679,CMP0046,CL00189,2024-12-01,conversion
TCH0010680,CMP0046,CL00157,2024-10-21,conversion
TCH0010681,CMP0046,CL00218,2024-10-10,impression
TCH0010682,CMP0046,CL00070,2024-12-08,impression
TCH0010683,CMP0046,CL00319,2024-10-17,impression
TCH0010684,CMP0046,CL00242,2024-10-17,click
TCH0010685,CMP0046,CL00411,2024-10-22,lead
TCH0010686,CMP0046,CL00183,2024-11-09,impression
TCH0010687,CMP0046,CL00358,2024-11-01,impression
TCH0010688,CMP0046,CL00044,2024-11-20,impression
TCH0010689,CMP0046,CL00499,2024-11-26,lead
TCH0010690,CMP0046,CL00478,2024-10-10,click
TCH0010691,CMP0046,CL00470,2024-11-30,impression
TCH0010692,CMP0046,CL00036,2024-11-03,lead
TCH0010693,CMP0046,CL00419,2024-10-17,impression
TCH0010694,CMP0047,CL00237,2025-01-21,lead
TCH0010695,CMP0047,CL00109,2025-01-13,impression
TCH0010696,CMP0047,CL00500,2024-12-17,impression
TCH0010697,CMP0047,CL00138,2024-12-28,impression
TCH0010698,CMP0047,CL00343,2025-02-03,impression
TCH0010699,CMP0047,CL00468,2025-02-16,click
TCH0010700,CMP0047,CL00416,2025-02-17,conversion
TCH0010701,CMP0047,CL00458,2025-01-01,lead
TCH0010702,CMP0047,CL00385,2025-01-09,lead
TCH0010703,CMP0047,CL00153,2025-02-14,click
TCH0010704,CMP0047,CL00375,2025-01-21,click
TCH0010705,CMP0047,CL00040,2025-01-03,click
TCH0010706,CMP0047,CL00480,2024-12-08,lead
TCH0010707,CMP0047,CL00147,2025-02-14,impression
TCH0010708,CMP0047,CL00207,2024-12-23,impression
TCH0010709,CMP0047,CL00276,2025-01-10,conversion
TCH0010710,CMP0047,CL00411,2024-12-11,conversion
TCH0010711,CMP0047,CL00029,2025-02-10,click
TCH0010712,CMP0047,CL00113,2025-02-15,conversion
TCH0010713,CMP0047,CL00439,2025-02-14,lead
TCH0010714,CMP0047,CL00379,2025-01-23,click
TCH0010715,CMP0047,CL00406,2025-01-09,click
TCH0010716,CMP0047,CL00174,2025-01-10,conversion
TCH0010717,CMP0047,CL00080,2025-01-12,impression
TCH0010718,CMP0047,CL00091,2025-02-02,impression
TCH0010719,CMP0047,CL00293,2025-02-03,lead
TCH0010720,CMP0047,CL00046,2025-01-16,lead
TCH0010721,CMP0047,CL00364,2024-12-18,lead
TCH0010722,CMP0047,CL00167,2025-01-09,click
TCH0010723,CMP0047,CL00362,2025-01-03,impression
TCH0010724,CMP0047,CL00388,2025-01-06,impression
TCH0010725,CMP0047,CL00268,2025-01-31,click
TCH0010726,CMP0047,CL00210,2025-01-11,click
TCH0010727,CMP0047,CL00152,2024-12-06,impression
TCH0010728,CMP0047,CL00018,2024-12-08,click
TCH0010729,CMP0047,CL00055,2024-12-28,click
TCH0010730,CMP0047,CL00358,2024-12-16,impression
TCH0010731,CMP0047,CL00249,2025-01-25,lead
TCH0010732,CMP0047,CL00271,2025-01-23,impression
TCH0010733,CMP0047,CL00413,2025-01-28,click
TCH0010734,CMP0047,CL00077,2024-12-27,conversion
TCH0010735,CMP0047,CL00448,2024-12-10,impression
TCH0010736,CMP0047,CL00432,2025-01-11,impression
TCH0010737,CMP0047,CL00001,2025-02-07,impression
TCH0010738,CMP0047,CL00453,2025-02-08,impression
TCH0010739,CMP0047,CL00332,2025-01-05,lead
TCH0010740,CMP0047,CL00024,2024-12-28,lead
TCH0010741,CMP0047,CL00095,2025-02-01,impression
TCH0010742,CMP0047,CL00381,2025-01-04,click
TCH0010743,CMP0047,CL00333,2025-01-07,impression
TCH0010744,CMP0047,CL00026,2025-02-04,impression
TCH0010745,CMP0047,CL00020,2025-01-28,impression
TCH0010746,CMP0047,CL00065,2025-01-14,lead
TCH0010747,CMP0047,CL00110,2024-12-26,click
TCH0010748,CMP0047,CL00360,2025-02-13,impression
TCH0010749,CMP0047,CL00028,2024-12-06,conversion
TCH0010750,CMP0047,CL00226,2025-01-12,click
TCH0010751,CMP0047,CL00460,2025-02-10,click
TCH0010752,CMP0047,CL00168,2024-12-21,click
TCH0010753,CMP0047,CL00108,2025-01-22,click
TCH0010754,CMP0047,CL00126,2025-02-02,lead
TCH0010755,CMP0047,CL00370,2024-12-30,conversion
TCH0010756,CMP0047,CL00305,2024-12-16,impression
TCH0010757,CMP0047,CL00050,2025-01-10,impression
TCH0010758,CMP0047,CL00390,2025-01-23,impression
TCH0010759,CMP0047,CL00297,2025-01-26,click
TCH0010760,CMP0047,CL00373,2025-01-08,impression
TCH0010761,CMP0047,CL00118,2024-12-08,impression
TCH0010762,CMP0047,CL00234,2025-01-06,click
TCH0010763,CMP0047,CL00248,2025-02-06,click
TCH0010764,CMP0047,CL00314,2024-12-14,click
TCH0010765,CMP0047,CL00394,2024-12-31,click
TCH0010766,CMP0047,CL00252,2024-12-08,lead
TCH0010767,CMP0047,CL00426,2024-12-16,lead
TCH0010768,CMP0047,CL00047,2024-12-31,impression
TCH0010769,CMP0047,CL00139,2025-01-26,conversion
TCH0010770,CMP0047,CL00106,2025-01-07,impression
TCH0010771,CMP0047,CL00181,2024-12-25,click
TCH0010772,CMP0047,CL00414,2024-12-19,click
TCH0010773,CMP0047,CL00337,2024-12-30,impression
TCH0010774,CMP0047,CL00258,2025-02-11,impression
TCH0010775,CMP0047,CL00285,2025-02-15,click
TCH0010776,CMP0047,CL00499,2025-01-01,impression
TCH0010777,CMP0047,CL00357,2024-12-14,click
TCH0010778,CMP0047,CL00166,2024-12-20,click
TCH0010779,CMP0047,CL00437,2025-01-07,impression
TCH0010780,CMP0047,CL00393,2024-12-17,impression
TCH0010781,CMP0047,CL00383,2025-02-02,impression
TCH0010782,CMP0047,CL00492,2025-02-13,impression
TCH0010783,CMP0047,CL00339,2025-02-07,conversion
TCH0010784,CMP0047,CL00185,2025-02-15,conversion
TCH0010785,CMP0047,CL00092,2024-12-27,lead
TCH0010786,CMP0047,CL00216,2025-02-05,click
TCH0010787,CMP0047,CL00105,2024-12-16,impression
TCH0010788,CMP0047,CL00189,2025-01-19,click
TCH0010789,CMP0047,CL00187,2025-01-14,click
TCH0010790,CMP0047,CL00295,2024-12-18,click
TCH0010791,CMP0047,CL00101,2025-02-14,conversion
TCH0010792,CMP0047,CL00317,2025-02-11,lead
TCH0010793,CMP0047,CL00255,2024-12-22,conversion
TCH0010794,CMP0047,CL00042,2025-01-06,lead
TCH0010795,CMP0047,CL00016,2025-01-10,lead
TCH0010796,CMP0047,CL00384,2024-12-24,impression
TCH0010797,CMP0047,CL00213,2024-12-27,click
TCH0010798,CMP0047,CL00099,2024-12-30,impression
TCH0010799,CMP0047,CL00311,2025-02-10,click
TCH0010800,CMP0047,CL00356,2024-12-17,conversion
TCH0010801,CMP0047,CL00445,2025-01-02,click
TCH0010802,CMP0047,CL00177,2024-12-30,click
TCH0010803,CMP0047,CL00135,2025-01-27,impression
TCH0010804,CMP0047,CL00400,2025-02-10,lead
TCH0010805,CMP0047,CL00463,2025-01-22,lead
TCH0010806,CMP0047,CL00045,2025-01-20,click
TCH0010807,CMP0047,CL00299,2025-01-31,impression
TCH0010808,CMP0047,CL00186,2025-02-12,click
TCH0010809,CMP0047,CL00032,2025-01-22,impression
TCH0010810,CMP0047,CL00043,2025-01-09,lead
TCH0010811,CMP0047,CL00243,2025-02-15,click
TCH0010812,CMP0047,CL00017,2025-01-28,click
TCH0010813,CMP0047,CL00195,2024-12-05,impression
TCH0010814,CMP0047,CL00300,2025-01-26,click
TCH0010815,CMP0047,CL00183,2025-01-09,impression
TCH0010816,CMP0047,CL00303,2025-02-08,click
TCH0010817,CMP0047,CL00263,2025-01-26,conversion
TCH0010818,CMP0047,CL00033,2025-02-05,impression
TCH0010819,CMP0047,CL00227,2024-12-24,impression
TCH0010820,CMP0047,CL00052,2024-12-07,click
TCH0010821,CMP0047,CL00378,2025-01-18,impression
TCH0010822,CMP0047,CL00048,2025-01-31,lead
TCH0010823,CMP0047,CL00184,2024-12-25,lead
TCH0010824,CMP0047,CL00023,2025-02-16,conversion
TCH0010825,CMP0047,CL00163,2025-01-24,impression
TCH0010826,CMP0047,CL00060,2024-12-23,conversion
TCH0010827,CMP0047,CL00066,2024-12-13,click
TCH0010828,CMP0047,CL00245,2025-02-04,impression
TCH0010829,CMP0047,CL00497,2025-02-11,impression
TCH0010830,CMP0047,CL00290,2025-02-15,impression
TCH0010831,CMP0047,CL00035,2025-01-16,lead
TCH0010832,CMP0047,CL00112,2025-02-08,click
TCH0010833,CMP0047,CL00008,2025-01-13,impression
TCH0010834,CMP0047,CL00367,2025-01-19,impression
TCH0010835,CMP0047,CL00287,2025-02-16,click
TCH0010836,CMP0047,CL00218,2025-02-16,impression
TCH0010837,CMP0047,CL00488,2025-02-03,impression
TCH0010838,CMP0047,CL00267,2025-01-17,click
TCH0010839,CMP0047,CL00120,2025-02-05,conversion
TCH0010840,CMP0047,CL00049,2025-01-22,impression
TCH0010841,CMP0047,CL00127,2025-01-05,click
TCH0010842,CMP0047,CL00473,2025-01-26,lead
TCH0010843,CMP0047,CL00369,2025-02-02,impression
TCH0010844,CMP0047,CL00444,2024-12-31,lead
TCH0010845,CMP0047,CL00250,2024-12-06,impression
TCH0010846,CMP0047,CL00409,2025-01-06,conversion
TCH0010847,CMP0047,CL00087,2025-01-29,click
TCH0010848,CMP0047,CL00089,2025-02-01,click
TCH0010849,CMP0047,CL00431,2024-12-05,lead
TCH0010850,CMP0047,CL00418,2024-12-15,click
TCH0010851,CMP0047,CL00266,2025-01-17,lead
TCH0010852,CMP0047,CL00308,2025-01-21,click
TCH0010853,CMP0047,CL00044,2025-02-06,click
TCH0010854,CMP0047,CL00192,2025-02-07,click
TCH0010855,CMP0047,CL00457,2024-12-27,click
TCH0010856,CMP0047,CL00200,2025-01-10,lead
TCH0010857,CMP0047,CL00366,2025-01-26,impression
TCH0010858,CMP0047,CL00064,2025-01-23,impression
TCH0010859,CMP0047,CL00203,2025-02-12,impression
TCH0010860,CMP0047,CL00157,2024-12-23,click
TCH0010861,CMP0047,CL00427,2025-01-10,impression
TCH0010862,CMP0047,CL00025,2025-01-26,impression
TCH0010863,CMP0047,CL00003,2025-01-06,conversion
TCH0010864,CMP0047,CL00301,2025-02-03,impression
TCH0010865,CMP0047,CL00022,2025-01-16,click
TCH0010866,CMP0047,CL00072,2024-12-27,impression
TCH0010867,CMP0047,CL00041,2025-01-17,click
TCH0010868,CMP0047,CL00206,2024-12-25,lead
TCH0010869,CMP0047,CL00361,2025-01-29,click
TCH0010870,CMP0047,CL00323,2025-02-07,lead
TCH0010871,CMP0047,CL00030,2025-01-25,impression
TCH0010872,CMP0047,CL00083,2025-01-09,click
TCH0010873,CMP0047,CL00470,2024-12-30,impression
TCH0010874,CMP0047,CL00324,2025-02-05,lead
TCH0010875,CMP0047,CL00402,2024-12-12,impression
TCH0010876,CMP0047,CL00466,2024-12-06,click
TCH0010877,CMP0047,CL00229,2024-12-25,impression
TCH0010878,CMP0047,CL00312,2025-02-10,click
TCH0010879,CMP0047,CL00316,2024-12-08,conversion
TCH0010880,CMP0047,CL00141,2025-01-05,impression
TCH0010881,CMP0047,CL00273,2024-12-18,impression
TCH0010882,CMP0047,CL00336,2025-01-09,impression
TCH0010883,CMP0047,CL00246,2025-01-21,click
TCH0010884,CMP0047,CL00485,2024-12-19,lead
TCH0010885,CMP0047,CL00298,2024-12-16,impression
TCH0010886,CMP0047,CL00429,2024-12-31,impression
TCH0010887,CMP0047,CL00304,2024-12-10,impression
TCH0010888,CMP0047,CL00376,2024-12-23,impression
TCH0010889,CMP0047,CL00005,2024-12-12,impression
TCH0010890,CMP0047,CL00264,2025-01-27,impression
TCH0010891,CMP0047,CL00440,2024-12-31,click
TCH0010892,CMP0047,CL00232,2025-01-11,lead
TCH0010893,CMP0047,CL00129,2025-02-14,impression
TCH0010894,CMP0047,CL00006,2025-02-17,impression
TCH0010895,CMP0047,CL00173,2024-12-16,lead
TCH0010896,CMP0047,CL00282,2025-02-04,click
TCH0010897,CMP0047,CL00359,2025-02-13,impression
TCH0010898,CMP0047,CL00191,2024-12-10,click
TCH0010899,CMP0047,CL00159,2024-12-16,lead
TCH0010900,CMP0047,CL00495,2025-02-07,impression
TCH0010901,CMP0047,CL00467,2024-12-22,lead
TCH0010902,CMP0047,CL00128,2024-12-07,click
TCH0010903,CMP0047,CL00142,2025-01-12,click
TCH0010904,CMP0047,CL00155,2025-02-06,lead
TCH0010905,CMP0047,CL00442,2025-01-28,lead
TCH0010906,CMP0047,CL00464,2025-02-10,impression
TCH0010907,CMP0047,CL00209,2025-01-29,lead
TCH0010908,CMP0047,CL00098,2024-12-28,conversion
TCH0010909,CMP0047,CL00114,2025-02-12,conversion
TCH0010910,CMP0047,CL00310,2025-01-20,lead
TCH0010911,CMP0047,CL00010,2024-12-13,click
TCH0010912,CMP0047,CL00104,2025-02-07,impression
TCH0010913,CMP0047,CL00493,2025-01-11,impression
TCH0010914,CMP0047,CL00309,2025-02-12,click
TCH0010915,CMP0047,CL00096,2024-12-22,conversion
TCH0010916,CMP0047,CL00259,2025-01-21,impression
TCH0010917,CMP0047,CL00454,2024-12-25,impression
TCH0010918,CMP0047,CL00239,2025-02-05,click
TCH0010919,CMP0047,CL00483,2025-01-29,impression
TCH0010920,CMP0047,CL00076,2025-02-06,click
TCH0010921,CMP0047,CL00093,2025-02-08,click
TCH0010922,CMP0047,CL00447,2025-02-09,lead
TCH0010923,CMP0047,CL00325,2024-12-22,impression
TCH0010924,CMP0047,CL00489,2025-02-08,impression
TCH0010925,CMP0047,CL00459,2025-01-06,impression
TCH0010926,CMP0047,CL00275,2024-12-08,impression
TCH0010927,CMP0047,CL00472,2024-12-28,click
TCH0010928,CMP0047,CL00211,2025-01-02,lead
TCH0010929,CMP0047,CL00038,2025-01-24,click
TCH0010930,CMP0047,CL00476,2025-01-07,lead
TCH0010931,CMP0047,CL00015,2024-12-27,click
TCH0010932,CMP0047,CL00315,2025-01-25,click
TCH0010933,CMP0047,CL00111,2025-02-11,click
TCH0010934,CMP0047,CL00433,2025-01-29,click
TCH0010935,CMP0047,CL00408,2024-12-13,impression
TCH0010936,CMP0047,CL00056,2024-12-26,lead
TCH0010937,CMP0047,CL00260,2025-01-28,lead
TCH0010938,CMP0047,CL00051,2025-01-28,click
TCH0010939,CMP0047,CL00449,2025-01-10,click
TCH0010940,CMP0047,CL00353,2025-01-11,impression
TCH0010941,CMP0047,CL00144,2025-01-18,impression
TCH0010942,CMP0047,CL00164,2025-02-02,lead
TCH0010943,CMP0047,CL00247,2025-01-23,impression
TCH0010944,CMP0047,CL00428,2024-12-23,click
TCH0010945,CMP0047,CL00478,2025-01-04,click
TCH0010946,CMP0047,CL00097,2025-01-27,lead
TCH0010947,CMP0047,CL00475,2024-12-11,lead
TCH0010948,CMP0047,CL00274,2024-12-31,click
TCH0010949,CMP0047,CL00419,2025-01-18,conversion
TCH0010950,CMP0047,CL00090,2025-01-21,click
TCH0010951,CMP0047,CL00403,2025-01-02,conversion
TCH0010952,CMP0047,CL00036,2025-01-30,click
TCH0010953,CMP0047,CL00233,2024-12-17,click
TCH0010954,CMP0047,CL00037,2025-01-13,impression
TCH0010955,CMP0047,CL00326,2025-02-14,lead
TCH0010956,CMP0047,CL00401,2024-12-16,impression
TCH0010957,CMP0047,CL00422,2025-01-21,click
TCH0010958,CMP0047,CL00230,2025-01-24,conversion
TCH0010959,CMP0047,CL00292,2024-12-26,impression
TCH0010960,CMP0047,CL00082,2024-12-19,impression
TCH0010961,CMP0047,CL00242,2025-01-05,impression
TCH0010962,CMP0047,CL00412,2025-01-12,lead
TCH0010963,CMP0047,CL00084,2025-01-27,impression
TCH0010964,CMP0047,CL00161,2025-01-14,impression
TCH0010965,CMP0047,CL00450,2025-01-04,click
TCH0010966,CMP0047,CL00079,2025-02-09,lead
TCH0010967,CMP0047,CL00217,2025-01-17,conversion
TCH0010968,CMP0047,CL00391,2025-01-01,click
TCH0010969,CMP0047,CL00278,2024-12-31,impression
TCH0010970,CMP0047,CL00086,2025-01-15,click
TCH0010971,CMP0047,CL00194,2025-02-09,impression
TCH0010972,CMP0047,CL00154,2025-01-10,click
TCH0010973,CMP0047,CL00265,2025-02-13,impression
TCH0010974,CMP0047,CL00272,2025-01-12,click
TCH0010975,CMP0047,CL00345,2025-01-01,lead
TCH0010976,CMP0047,CL00197,2024-12-30,click
TCH0010977,CMP0047,CL00208,2024-12-12,click
TCH0010978,CMP0047,CL00130,2024-12-31,impression
TCH0010979,CMP0047,CL00085,2025-01-24,lead
TCH0010980,CMP0047,CL00198,2025-02-04,impression
TCH0010981,CMP0047,CL00170,2024-12-27,conversion
TCH0010982,CMP0047,CL00462,2024-12-11,impression
TCH0010983,CMP0047,CL00484,2025-01-20,click
TCH0010984,CMP0047,CL00179,2025-01-18,impression
TCH0010985,CMP0047,CL00354,2025-01-27,impression
TCH0010986,CMP0047,CL00363,2025-01-13,conversion
TCH0010987,CMP0047,CL00288,2025-01-06,lead
TCH0010988,CMP0047,CL00193,2024-12-21,lead
TCH0010989,CMP0047,CL00456,2025-01-26,click
TCH0010990,CMP0047,CL00058,2024-12-23,click
TCH0010991,CMP0047,CL00172,2024-12-12,click
TCH0010992,CMP0047,CL00171,2025-01-15,impression
TCH0010993,CMP0047,CL00318,2025-02-01,lead
TCH0010994,CMP0047,CL00215,2024-12-13,impression
TCH0010995,CMP0047,CL00420,2025-01-10,impression
TCH0010996,CMP0047,CL00175,2025-02-06,impression
TCH0010997,CMP0047,CL00102,2025-01-23,impression
TCH0010998,CMP0047,CL00115,2025-01-02,lead
TCH0010999,CMP0047,CL00180,2024-12-30,impression
TCH0011000,CMP0047,CL00351,2024-12-09,impression
TCH0011001,CMP0047,CL00116,2025-01-18,impression
TCH0011002,CMP0047,CL00007,2025-02-17,lead
TCH0011003,CMP0047,CL00436,2025-01-23,click
TCH0011004,CMP0047,CL00137,2025-01-15,impression
TCH0011005,CMP0047,CL00219,2025-02-06,click
TCH0011006,CMP0047,CL00490,2025-01-08,click
TCH0011007,CMP0047,CL00039,2025-01-09,impression
TCH0011008,CMP0048,CL00080,2024-06-18,lead
TCH0011009,CMP0048,CL00025,2024-06-25,click
TCH0011010,CMP0048,CL00123,2024-08-08,impression
TCH0011011,CMP0048,CL00363,2024-06-02,impression
TCH0011012,CMP0048,CL00309,2024-06-20,impression
TCH0011013,CMP0048,CL00375,2024-06-27,conversion
TCH0011014,CMP0048,CL00182,2024-08-27,click
TCH0011015,CMP0048,CL00209,2024-08-26,impression
TCH0011016,CMP0048,CL00108,2024-07-09,click
TCH0011017,CMP0048,CL00311,2024-08-25,click
TCH0011018,CMP0048,CL00388,2024-08-28,click
TCH0011019,CMP0048,CL00152,2024-07-04,click
TCH0011020,CMP0048,CL00489,2024-07-14,impression
TCH0011021,CMP0048,CL00056,2024-06-08,click
TCH0011022,CMP0048,CL00414,2024-07-03,impression
TCH0011023,CMP0048,CL00303,2024-06-13,lead
TCH0011024,CMP0048,CL00351,2024-07-26,impression
TCH0011025,CMP0048,CL00180,2024-06-14,impression
TCH0011026,CMP0048,CL00029,2024-06-11,lead
TCH0011027,CMP0048,CL00010,2024-06-25,impression
TCH0011028,CMP0048,CL00038,2024-08-05,click
TCH0011029,CMP0048,CL00428,2024-08-15,conversion
TCH0011030,CMP0048,CL00495,2024-06-16,impression
TCH0011031,CMP0048,CL00063,2024-07-03,click
TCH0011032,CMP0048,CL00058,2024-06-03,impression
TCH0011033,CMP0048,CL00361,2024-08-22,lead
TCH0011034,CMP0048,CL00412,2024-06-14,lead
TCH0011035,CMP0048,CL00284,2024-08-18,impression
TCH0011036,CMP0048,CL00436,2024-06-06,click
TCH0011037,CMP0048,CL00314,2024-06-03,click
TCH0011038,CMP0048,CL00376,2024-06-10,impression
TCH0011039,CMP0048,CL00332,2024-07-22,click
TCH0011040,CMP0048,CL00193,2024-07-19,lead
TCH0011041,CMP0048,CL00460,2024-07-13,click
TCH0011042,CMP0048,CL00474,2024-07-22,impression
TCH0011043,CMP0048,CL00154,2024-06-17,impression
TCH0011044,CMP0048,CL00394,2024-06-12,impression
TCH0011045,CMP0048,CL00329,2024-06-29,click
TCH0011046,CMP0048,CL00040,2024-08-12,lead
TCH0011047,CMP0048,CL00393,2024-06-27,impression
TCH0011048,CMP0048,CL00260,2024-06-13,lead
TCH0011049,CMP0048,CL00351,2024-06-23,click
TCH0011050,CMP0048,CL00405,2024-06-22,click
TCH0011051,CMP0048,CL00359,2024-07-05,lead
TCH0011052,CMP0048,CL00278,2024-06-21,click
TCH0011053,CMP0048,CL00357,2024-07-11,impression
TCH0011054,CMP0048,CL00364,2024-06-03,conversion
TCH0011055,CMP0048,CL00019,2024-08-14,lead
TCH0011056,CMP0048,CL00236,2024-08-21,impression
TCH0011057,CMP0048,CL00079,2024-06-13,click
TCH0011058,CMP0048,CL00174,2024-07-26,lead
TCH0011059,CMP0048,CL00274,2024-08-21,lead
TCH0011060,CMP0048,CL00288,2024-07-24,impression
TCH0011061,CMP0048,CL00087,2024-07-21,impression
TCH0011062,CMP0048,CL00236,2024-06-07,impression
TCH0011063,CMP0048,CL00225,2024-08-22,lead
TCH0011064,CMP0048,CL00458,2024-08-17,click
TCH0011065,CMP0048,CL00171,2024-08-05,lead
TCH0011066,CMP0048,CL00124,2024-08-12,lead
TCH0011067,CMP0048,CL00183,2024-07-25,lead
TCH0011068,CMP0048,CL00255,2024-08-15,impression
TCH0011069,CMP0048,CL00207,2024-07-29,click
TCH0011070,CMP0048,CL00427,2024-08-18,lead
TCH0011071,CMP0048,CL00384,2024-07-06,click
TCH0011072,CMP0048,CL00204,2024-08-08,impression
TCH0011073,CMP0048,CL00201,2024-08-26,impression
TCH0011074,CMP0048,CL00249,2024-06-07,impression
TCH0011075,CMP0048,CL00480,2024-08-07,click
TCH0011076,CMP0048,CL00278,2024-06-09,lead
TCH0011077,CMP0048,CL00301,2024-08-15,click
TCH0011078,CMP0048,CL00225,2024-06-28,conversion
TCH0011079,CMP0048,CL00292,2024-06-30,impression
TCH0011080,CMP0048,CL00138,2024-08-02,impression
TCH0011081,CMP0048,CL00370,2024-07-27,click
TCH0011082,CMP0048,CL00091,2024-07-22,impression
TCH0011083,CMP0048,CL00425,2024-06-28,impression
TCH0011084,CMP0048,CL00028,2024-07-02,impression
TCH0011085,CMP0048,CL00279,2024-08-06,lead
TCH0011086,CMP0048,CL00151,2024-08-11,conversion
TCH0011087,CMP0048,CL00035,2024-07-10,impression
TCH0011088,CMP0048,CL00107,2024-08-12,click
TCH0011089,CMP0048,CL00065,2024-06-19,impression
TCH0011090,CMP0048,CL00003,2024-06-09,lead
TCH0011091,CMP0048,CL00230,2024-07-01,conversion
TCH0011092,CMP0048,CL00437,2024-06-24,click
TCH0011093,CMP0048,CL00277,2024-08-24,impression
TCH0011094,CMP0048,CL00177,2024-06-29,conversion
TCH0011095,CMP0048,CL00413,2024-07-23,lead
TCH0011096,CMP0048,CL00450,2024-07-10,impression
TCH0011097,CMP0048,CL00287,2024-06-20,lead
TCH0011098,CMP0048,CL00258,2024-08-23,impression
TCH0011099,CMP0048,CL00239,2024-07-25,click
TCH0011100,CMP0048,CL00050,2024-08-21,click
TCH0011101,CMP0048,CL00208,2024-05-31,conversion
TCH0011102,CMP0048,CL00263,2024-06-22,impression
TCH0011103,CMP0048,CL00385,2024-06-20,lead
TCH0011104,CMP0048,CL00473,2024-08-28,impression
TCH0011105,CMP0048,CL00140,2024-06-16,click
TCH0011106,CMP0048,CL00335,2024-08-25,impression
TCH0011107,CMP0048,CL00406,2024-08-14,impression
TCH0011108,CMP0048,CL00336,2024-06-15,lead
TCH0011109,CMP0048,CL00398,2024-07-10,impression
TCH0011110,CMP0048,CL00228,2024-06-05,click
TCH0011111,CMP0048,CL00443,2024-06-04,click
TCH0011112,CMP0048,CL00044,2024-08-24,impression
TCH0011113,CMP0048,CL00188,2024-07-31,impression
TCH0011114,CMP0048,CL00106,2024-06-02,click
TCH0011115,CMP0048,CL00416,2024-07-06,impression
TCH0011116,CMP0048,CL00092,2024-07-06,impression
TCH0011117,CMP0048,CL00289,2024-06-28,impression
TCH0011118,CMP0048,CL00340,2024-07-04,impression
TCH0011119,CMP0048,CL00192,2024-06-05,click
TCH0011120,CMP0048,CL00050,2024-08-24,click
TCH0011121,CMP0048,CL00173,2024-07-23,lead
TCH0011122,CMP0048,CL00339,2024-07-04,click
TCH0011123,CMP0048,CL00012,2024-07-22,click
TCH0011124,CMP0048,CL00008,2024-06-24,impression
TCH0011125,CMP0048,CL00197,2024-06-06,impression
TCH0011126,CMP0048,CL00286,2024-07-28,click
TCH0011127,CMP0048,CL00351,2024-06-09,conversion
TCH0011128,CMP0048,CL00255,2024-08-21,click
TCH0011129,CMP0048,CL00099,2024-07-12,lead
TCH0011130,CMP0048,CL00144,2024-07-10,conversion
TCH0011131,CMP0048,CL00269,2024-08-07,impression
TCH0011132,CMP0048,CL00005,2024-07-13,click
TCH0011133,CMP0048,CL00030,2024-06-27,impression
TCH0011134,CMP0048,CL00216,2024-06-18,conversion
TCH0011135,CMP0048,CL00376,2024-06-03,click
TCH0011136,CMP0048,CL00234,2024-06-09,lead
TCH0011137,CMP0048,CL00236,2024-07-09,click
TCH0011138,CMP0048,CL00263,2024-08-07,lead
TCH0011139,CMP0048,CL00467,2024-08-28,impression
TCH0011140,CMP0048,CL00165,2024-06-02,conversion
TCH0011141,CMP0048,CL00469,2024-06-24,impression
TCH0011142,CMP0048,CL00184,2024-08-24,lead
TCH0011143,CMP0048,CL00037,2024-06-30,click
TCH0011144,CMP0048,CL00094,2024-07-10,impression
TCH0011145,CMP0048,CL00464,2024-06-20,click
TCH0011146,CMP0048,CL00202,2024-06-27,click
TCH0011147,CMP0048,CL00213,2024-07-06,lead
TCH0011148,CMP0048,CL00408,2024-06-30,conversion
TCH0011149,CMP0048,CL00094,2024-06-20,conversion
TCH0011150,CMP0048,CL00179,2024-07-13,click
TCH0011151,CMP0048,CL00356,2024-08-12,lead
TCH0011152,CMP0048,CL00438,2024-07-02,conversion
TCH0011153,CMP0048,CL00039,2024-08-17,lead
TCH0011154,CMP0048,CL00439,2024-06-28,click
TCH0011155,CMP0048,CL00483,2024-07-22,impression
TCH0011156,CMP0048,CL00243,2024-07-26,conversion
TCH0011157,CMP0048,CL00175,2024-06-19,impression
TCH0011158,CMP0048,CL00285,2024-06-10,lead
TCH0011159,CMP0048,CL00102,2024-07-12,lead
TCH0011160,CMP0048,CL00423,2024-06-21,conversion
TCH0011161,CMP0048,CL00486,2024-06-19,click
TCH0011162,CMP0048,CL00269,2024-06-27,click
TCH0011163,CMP0048,CL00067,2024-08-21,impression
TCH0011164,CMP0048,CL00300,2024-07-14,lead
TCH0011165,CMP0048,CL00365,2024-08-22,impression
TCH0011166,CMP0048,CL00138,2024-08-06,click
TCH0011167,CMP0048,CL00139,2024-07-01,click
TCH0011168,CMP0048,CL00113,2024-08-16,conversion
TCH0011169,CMP0048,CL00315,2024-06-21,click
TCH0011170,CMP0048,CL00342,2024-08-16,click
TCH0011171,CMP0048,CL00456,2024-07-04,click
TCH0011172,CMP0048,CL00296,2024-06-08,lead
TCH0011173,CMP0048,CL00167,2024-08-28,conversion
TCH0011174,CMP0048,CL00134,2024-06-24,impression
TCH0011175,CMP0048,CL00411,2024-06-11,lead
TCH0011176,CMP0048,CL00312,2024-08-21,impression
TCH0011177,CMP0048,CL00041,2024-08-23,click
TCH0011178,CMP0048,CL00440,2024-07-02,click
TCH0011179,CMP0048,CL00125,2024-06-09,lead
TCH0011180,CMP0048,CL00247,2024-08-13,click
TCH0011181,CMP0048,CL00109,2024-06-11,lead
TCH0011182,CMP0048,CL00457,2024-06-10,impression
TCH0011183,CMP0048,CL00168,2024-06-02,click
TCH0011184,CMP0048,CL00259,2024-07-22,click
TCH0011185,CMP0048,CL00446,2024-08-23,impression
TCH0011186,CMP0048,CL00376,2024-06-23,impression
TCH0011187,CMP0048,CL00265,2024-06-18,click
TCH0011188,CMP0048,CL00410,2024-08-01,click
TCH0011189,CMP0048,CL00163,2024-06-09,impression
TCH0011190,CMP0048,CL00048,2024-08-26,click
TCH0011191,CMP0048,CL00289,2024-07-02,impression
TCH0011192,CMP0048,CL00157,2024-08-17,click
TCH0011193,CMP0048,CL00305,2024-06-21,click
TCH0011194,CMP0048,CL00133,2024-07-12,lead
TCH0011195,CMP0048,CL00068,2024-06-08,click
TCH0011196,CMP0048,CL00205,2024-07-05,conversion
TCH0011197,CMP0048,CL00468,2024-07-22,impression
TCH0011198,CMP0048,CL00020,2024-06-28,click
TCH0011199,CMP0048,CL00401,2024-08-15,impression
TCH0011200,CMP0048,CL00001,2024-06-02,conversion
TCH0011201,CMP0048,CL00314,2024-07-05,impression
TCH0011202,CMP0048,CL00112,2024-06-04,impression
TCH0011203,CMP0048,CL00349,2024-08-25,lead
TCH0011204,CMP0048,CL00372,2024-07-30,lead
TCH0011205,CMP0048,CL00472,2024-06-07,impression
TCH0011206,CMP0048,CL00354,2024-06-06,impression
TCH0011207,CMP0048,CL00341,2024-07-22,impression
TCH0011208,CMP0048,CL00187,2024-06-23,impression
TCH0011209,CMP0048,CL00381,2024-08-08,click
TCH0011210,CMP0049,CL00020,2025-02-07,impression
TCH0011211,CMP0049,CL00181,2025-02-15,impression
TCH0011212,CMP0049,CL00478,2025-04-02,click
TCH0011213,CMP0049,CL00437,2025-03-25,impression
TCH0011214,CMP0049,CL00467,2025-04-12,click
TCH0011215,CMP0049,CL00185,2025-02-28,click
TCH0011216,CMP0049,CL00144,2025-01-30,click
TCH0011217,CMP0049,CL00206,2025-04-21,conversion
TCH0011218,CMP0049,CL00345,2025-04-09,lead
TCH0011219,CMP0049,CL00362,2025-03-10,impression
TCH0011220,CMP0049,CL00416,2025-04-19,impression
TCH0011221,CMP0049,CL00047,2025-02-18,impression
TCH0011222,CMP0049,CL00442,2025-02-06,click
TCH0011223,CMP0049,CL00314,2025-04-20,click
TCH0011224,CMP0049,CL00495,2025-03-23,click
TCH0011225,CMP0049,CL00099,2025-03-04,conversion
TCH0011226,CMP0049,CL00110,2025-02-27,impression
TCH0011227,CMP0049,CL00391,2025-03-04,click
TCH0011228,CMP0049,CL00414,2025-02-06,impression
TCH0011229,CMP0049,CL00250,2025-04-25,click
TCH0011230,CMP0049,CL00179,2025-04-15,impression
TCH0011231,CMP0049,CL00375,2025-02-14,impression
TCH0011232,CMP0049,CL00422,2025-04-01,impression
TCH0011233,CMP0049,CL00323,2025-02-20,click
TCH0011234,CMP0049,CL00005,2025-01-31,click
TCH0011235,CMP0049,CL00137,2025-04-23,impression
TCH0011236,CMP0049,CL00079,2025-01-28,impression
TCH0011237,CMP0049,CL00056,2025-02-18,impression
TCH0011238,CMP0049,CL00215,2025-03-23,click
TCH0011239,CMP0049,CL00010,2025-03-05,impression
TCH0011240,CMP0049,CL00035,2025-04-18,click
TCH0011241,CMP0049,CL00141,2025-01-31,lead
TCH0011242,CMP0049,CL00207,2025-03-06,impression
TCH0011243,CMP0049,CL00226,2025-02-16,impression
TCH0011244,CMP0049,CL00216,2025-03-18,impression
TCH0011245,CMP0049,CL00008,2025-03-18,impression
TCH0011246,CMP0049,CL00401,2025-02-11,impression
TCH0011247,CMP0049,CL00242,2025-04-06,click
TCH0011248,CMP0049,CL00440,2025-04-15,click
TCH0011249,CMP0049,CL00152,2025-03-03,click
TCH0011250,CMP0049,CL00161,2025-02-04,impression
TCH0011251,CMP0049,CL00304,2025-03-21,click
TCH0011252,CMP0049,CL00388,2025-02-18,lead
TCH0011253,CMP0049,CL00400,2025-03-18,lead
TCH0011254,CMP0049,CL00272,2025-02-09,impression
TCH0011255,CMP0049,CL00450,2025-02-11,click
TCH0011256,CMP0049,CL00171,2025-04-04,impression
TCH0011257,CMP0049,CL00278,2025-03-28,impression
TCH0011258,CMP0049,CL00297,2025-04-22,lead
TCH0011259,CMP0049,CL00138,2025-04-03,click
TCH0011260,CMP0049,CL00232,2025-03-30,click
TCH0011261,CMP0049,CL00028,2025-03-12,lead
TCH0011262,CMP0049,CL00037,2025-04-15,impression
TCH0011263,CMP0049,CL00364,2025-04-06,impression
TCH0011264,CMP0049,CL00234,2025-01-30,impression
TCH0011265,CMP0049,CL00418,2025-03-21,click
TCH0011266,CMP0049,CL00098,2025-02-23,click
TCH0011267,CMP0049,CL00086,2025-02-02,impression
TCH0011268,CMP0049,CL00464,2025-03-30,click
TCH0011269,CMP0049,CL00384,2025-03-26,click
TCH0011270,CMP0049,CL00093,2025-04-05,conversion
TCH0011271,CMP0049,CL00167,2025-03-29,impression
TCH0011272,CMP0049,CL00219,2025-03-10,click
TCH0011273,CMP0049,CL00459,2025-03-21,impression
TCH0011274,CMP0049,CL00030,2025-02-27,impression
TCH0011275,CMP0049,CL00090,2025-02-08,lead
TCH0011276,CMP0049,CL00007,2025-02-18,impression
TCH0011277,CMP0049,CL00109,2025-02-16,impression
TCH0011278,CMP0049,CL00325,2025-03-04,lead
TCH0011279,CMP0049,CL00082,2025-04-22,impression
TCH0011280,CMP0049,CL00227,2025-01-28,impression
TCH0011281,CMP0049,CL00271,2025-02-24,impression
TCH0011282,CMP0049,CL00483,2025-03-15,impression
TCH0011283,CMP0049,CL00489,2025-03-23,impression
TCH0011284,CMP0049,CL00370,2025-03-22,click
TCH0011285,CMP0049,CL00064,2025-03-11,lead
TCH0011286,CMP0049,CL00170,2025-03-31,conversion
TCH0011287,CMP0049,CL00476,2025-04-07,impression
TCH0011288,CMP0049,CL00105,2025-04-10,conversion
TCH0011289,CMP0049,CL00102,2025-04-12,impression
TCH0011290,CMP0049,CL00194,2025-02-26,click
TCH0011291,CMP0049,CL00292,2025-03-24,impression
TCH0011292,CMP0049,CL00183,2025-03-31,impression
TCH0011293,CMP0049,CL00210,2025-02-02,impression
TCH0011294,CMP0049,CL00432,2025-03-27,conversion
TCH0011295,CMP0049,CL00264,2025-04-22,click
TCH0011296,CMP0049,CL00290,2025-02-14,click
TCH0011297,CMP0049,CL00448,2025-02-08,impression
TCH0011298,CMP0049,CL00333,2025-04-22,click
TCH0011299,CMP0049,CL00003,2025-03-05,impression
TCH0011300,CMP0049,CL00101,2025-02-27,click
TCH0011301,CMP0049,CL00041,2025-04-01,impression
TCH0011302,CMP0049,CL00248,2025-02-13,lead
TCH0011303,CMP0049,CL00299,2025-03-15,impression
TCH0011304,CMP0049,CL00475,2025-04-22,impression
TCH0011305,CMP0049,CL00139,2025-04-21,click
TCH0011306,CMP0049,CL00444,2025-03-19,impression
TCH0011307,CMP0049,CL00429,2025-02-17,click
TCH0011308,CMP0049,CL00189,2025-02-07,click
TCH0011309,CMP0049,CL00252,2025-04-22,lead
TCH0011310,CMP0049,CL00096,2025-02-10,impression
TCH0011311,CMP0049,CL00229,2025-04-15,click
TCH0011312,CMP0049,CL00318,2025-03-13,impression
TCH0011313,CMP0049,CL00015,2025-02-10,click
TCH0011314,CMP0049,CL00458,2025-03-31,conversion
TCH0011315,CMP0049,CL00337,2025-04-04,impression
TCH0011316,CMP0049,CL00017,2025-02-26,impression
TCH0011317,CMP0049,CL00247,2025-03-09,impression
TCH0011318,CMP0049,CL00032,2025-03-22,lead
TCH0011319,CMP0049,CL00052,2025-03-16,impression
TCH0011320,CMP0049,CL00408,2025-03-09,lead
TCH0011321,CMP0049,CL00218,2025-02-01,click
TCH0011322,CMP0049,CL00412,2025-02-09,click
TCH0011323,CMP0049,CL00018,2025-03-05,lead
TCH0011324,CMP0049,CL00359,2025-03-23,impression
TCH0011325,CMP0049,CL00285,2025-02-09,lead
TCH0011326,CMP0049,CL00072,2025-02-24,impression
TCH0011327,CMP0049,CL00111,2025-03-28,impression
TCH0011328,CMP0049,CL00409,2025-04-22,lead
TCH0011329,CMP0049,CL00006,2025-01-28,impression
TCH0011330,CMP0049,CL00454,2025-02-22,click
TCH0011331,CMP0049,CL00287,2025-02-18,impression
TCH0011332,CMP0049,CL00379,2025-03-05,impression
TCH0011333,CMP0049,CL00419,2025-03-29,impression
TCH0011334,CMP0049,CL00361,2025-03-04,conversion
TCH0011335,CMP0049,CL00065,2025-02-07,impression
TCH0011336,CMP0049,CL00213,2025-01-29,lead
TCH0011337,CMP0049,CL00381,2025-03-14,impression
TCH0011338,CMP0049,CL00172,2025-04-17,click
TCH0011339,CMP0049,CL00113,2025-03-28,lead
TCH0011340,CMP0049,CL00130,2025-03-24,impression
TCH0011341,CMP0049,CL00200,2025-03-08,lead
TCH0011342,CMP0049,CL00233,2025-03-18,conversion
TCH0011343,CMP0049,CL00051,2025-04-05,impression
TCH0011344,CMP0049,CL00288,2025-04-22,impression
TCH0011345,CMP0049,CL00050,2025-03-21,lead
TCH0011346,CMP0049,CL00163,2025-03-30,impression
TCH0011347,CMP0049,CL00385,2025-03-04,lead
TCH0011348,CMP0049,CL00174,2025-03-05,impression
TCH0011349,CMP0049,CL00466,2025-03-17,lead
TCH0011350,CMP0049,CL00357,2025-02-22,impression
TCH0011351,CMP0049,CL00023,2025-04-13,impression
TCH0011352,CMP0049,CL00026,2025-02-20,impression
TCH0011353,CMP0049,CL00203,2025-04-20,impression
TCH0011354,CMP0049,CL00043,2025-03-06,impression
TCH0011355,CMP0049,CL00354,2025-03-08,impression
TCH0011356,CMP0049,CL00060,2025-03-16,impression
TCH0011357,CMP0049,CL00309,2025-04-02,click
TCH0011358,CMP0049,CL00353,2025-02-03,lead
TCH0011359,CMP0049,CL00197,2025-02-03,click
TCH0011360,CMP0049,CL00411,2025-02-07,conversion
TCH0011361,CMP0049,CL00339,2025-04-10,impression
TCH0011362,CMP0049,CL00193,2025-01-26,impression
TCH0011363,CMP0049,CL00245,2025-02-03,impression
TCH0011364,CMP0049,CL00239,2025-02-23,impression
TCH0011365,CMP0049,CL00326,2025-03-21,lead
TCH0011366,CMP0049,CL00336,2025-03-22,conversion
TCH0011367,CMP0049,CL00343,2025-03-04,lead
TCH0011368,CMP0049,CL00029,2025-04-05,impression
TCH0011369,CMP0049,CL00208,2025-04-11,lead
TCH0011370,CMP0049,CL00045,2025-02-28,click
TCH0011371,CMP0049,CL00049,2025-03-29,impression
TCH0011372,CMP0049,CL00473,2025-04-07,click
TCH0011373,CMP0049,CL00367,2025-01-30,click
TCH0011374,CMP0049,CL00403,2025-03-16,conversion
TCH0011375,CMP0049,CL00175,2025-03-25,click
TCH0011376,CMP0049,CL00449,2025-02-16,conversion
TCH0011377,CMP0049,CL00356,2025-04-02,conversion
TCH0011378,CMP0049,CL00095,2025-04-12,impression
TCH0011379,CMP0049,CL00324,2025-04-25,impression
TCH0011380,CMP0049,CL00293,2025-02-25,lead
TCH0011381,CMP0049,CL00108,2025-02-12,impression
TCH0011382,CMP0049,CL00097,2025-04-05,impression
TCH0011383,CMP0049,CL00187,2025-04-18,lead
TCH0011384,CMP0049,CL00192,2025-04-09,impression
TCH0011385,CMP0049,CL00428,2025-03-28,lead
TCH0011386,CMP0049,CL00445,2025-03-08,lead
TCH0011387,CMP0049,CL00460,2025-03-16,impression
TCH0011388,CMP0049,CL00402,2025-01-29,impression
TCH0011389,CMP0049,CL00104,2025-03-07,click
TCH0011390,CMP0049,CL00114,2025-01-27,impression
TCH0011391,CMP0049,CL00217,2025-02-17,conversion
TCH0011392,CMP0049,CL00259,2025-04-08,click
TCH0011393,CMP0049,CL00298,2025-04-07,impression
TCH0011394,CMP0049,CL00129,2025-04-04,click
TCH0011395,CMP0049,CL00083,2025-04-11,click
TCH0011396,CMP0049,CL00420,2025-04-07,lead
TCH0011397,CMP0049,CL00274,2025-02-22,conversion
TCH0011398,CMP0049,CL00406,2025-02-11,conversion
TCH0011399,CMP0049,CL00317,2025-02-14,conversion
TCH0011400,CMP0049,CL00472,2025-02-24,click
TCH0011401,CMP0049,CL00115,2025-02-21,lead
TCH0011402,CMP0049,CL00195,2025-03-20,impression
TCH0011403,CMP0049,CL00154,2025-02-24,lead
TCH0011404,CMP0049,CL00177,2025-03-17,click
TCH0011405,CMP0049,CL00463,2025-03-07,click
TCH0011406,CMP0049,CL00038,2025-04-24,impression
TCH0011407,CMP0049,CL00076,2025-03-28,lead
TCH0011408,CMP0049,CL00300,2025-04-25,lead
TCH0011409,CMP0049,CL00258,2025-02-15,lead
TCH0011410,CMP0049,CL00159,2025-04-04,click
TCH0011411,CMP0049,CL00426,2025-04-23,click
TCH0011412,CMP0049,CL00211,2025-02-17,lead
TCH0011413,CMP0049,CL00080,2025-03-28,impression
TCH0011414,CMP0049,CL00485,2025-03-02,click
TCH0011415,CMP0049,CL00048,2025-04-24,lead
TCH0011416,CMP0049,CL00308,2025-04-23,click
TCH0011417,CMP0049,CL00106,2025-04-18,impression
TCH0011418,CMP0049,CL00084,2025-04-04,lead
TCH0011419,CMP0049,CL00462,2025-03-26,conversion
TCH0011420,CMP0049,CL00126,2025-02-11,lead
TCH0011421,CMP0049,CL00246,2025-02-13,lead
TCH0011422,CMP0049,CL00022,2025-03-20,impression
TCH0011423,CMP0049,CL00191,2025-01-26,click
TCH0011424,CMP0049,CL00036,2025-02-19,click
TCH0011425,CMP0049,CL00310,2025-04-03,impression
TCH0011426,CMP0049,CL00493,2025-03-12,click
TCH0011427,CMP0049,CL00157,2025-03-13,click
TCH0011428,CMP0049,CL00230,2025-02-15,click
TCH0011429,CMP0049,CL00128,2025-04-18,impression
TCH0011430,CMP0049,CL00456,2025-04-17,lead
TCH0011431,CMP0049,CL00390,2025-04-03,lead
TCH0011432,CMP0049,CL00055,2025-03-18,lead
TCH0011433,CMP0049,CL00497,2025-03-10,lead
TCH0011434,CMP0049,CL00066,2025-04-12,impression
TCH0011435,CMP0049,CL00376,2025-02-04,conversion
TCH0011436,CMP0049,CL00044,2025-02-24,impression
TCH0011437,CMP0049,CL00378,2025-01-30,lead
TCH0011438,CMP0049,CL00360,2025-04-12,impression
TCH0011439,CMP0049,CL00373,2025-03-27,lead
TCH0011440,CMP0049,CL00315,2025-04-15,click
TCH0011441,CMP0049,CL00249,2025-04-15,impression
TCH0011442,CMP0049,CL00363,2025-02-27,click
TCH0011443,CMP0049,CL00209,2025-04-20,lead
TCH0011444,CMP0049,CL00173,2025-03-13,click
TCH0011445,CMP0049,CL00413,2025-02-04,lead
TCH0011446,CMP0049,CL00268,2025-02-18,impression
TCH0011447,CMP0049,CL00453,2025-03-18,impression
TCH0011448,CMP0049,CL00480,2025-02-16,lead
TCH0011449,CMP0049,CL00266,2025-04-16,impression
TCH0011450,CMP0049,CL00077,2025-01-26,impression
TCH0011451,CMP0049,CL00058,2025-03-19,click
TCH0011452,CMP0049,CL00001,2025-04-24,lead
TCH0011453,CMP0049,CL00184,2025-04-20,click
TCH0011454,CMP0049,CL00166,2025-02-21,impression
TCH0011455,CMP0049,CL00260,2025-03-08,conversion
TCH0011456,CMP0049,CL00025,2025-03-26,lead
TCH0011457,CMP0049,CL00393,2025-02-22,impression
TCH0011458,CMP0049,CL00153,2025-04-22,click
TCH0011459,CMP0049,CL00457,2025-03-19,lead
TCH0011460,CMP0049,CL00470,2025-04-02,impression
TCH0011461,CMP0049,CL00164,2025-03-24,conversion
TCH0011462,CMP0049,CL00282,2025-02-20,impression
TCH0011463,CMP0049,CL00186,2025-04-05,lead
TCH0011464,CMP0049,CL00369,2025-04-25,impression
TCH0011465,CMP0049,CL00358,2025-03-02,conversion
TCH0011466,CMP0049,CL00267,2025-04-02,impression
TCH0011467,CMP0049,CL00024,2025-03-19,conversion
TCH0011468,CMP0049,CL00439,2025-02-13,click
TCH0011469,CMP0049,CL00180,2025-02-24,click
TCH0011470,CMP0049,CL00033,2025-03-30,click
TCH0011471,CMP0049,CL00120,2025-01-30,lead
TCH0011472,CMP0049,CL00312,2025-03-30,click
TCH0011473,CMP0049,CL00433,2025-03-05,click
TCH0011474,CMP0049,CL00265,2025-02-23,click
TCH0011475,CMP0049,CL00275,2025-02-15,click
TCH0011476,CMP0049,CL00091,2025-02-24,click
TCH0011477,CMP0049,CL00135,2025-04-07,impression
TCH0011478,CMP0049,CL00237,2025-03-09,impression
TCH0011479,CMP0049,CL00092,2025-04-10,conversion
TCH0011480,CMP0049,CL00436,2025-03-27,click
TCH0011481,CMP0049,CL00046,2025-04-21,impression
TCH0011482,CMP0049,CL00311,2025-04-25,click
TCH0011483,CMP0049,CL00198,2025-02-03,click
TCH0011484,CMP0049,CL00427,2025-03-08,conversion
TCH0011485,CMP0049,CL00116,2025-02-03,conversion
TCH0011486,CMP0049,CL00295,2025-03-24,impression
TCH0011487,CMP0049,CL00016,2025-03-26,click
TCH0011488,CMP0049,CL00273,2025-01-26,click
TCH0011489,CMP0049,CL00500,2025-02-14,click
TCH0011490,CMP0049,CL00042,2025-02-08,impression
TCH0011491,CMP0049,CL00488,2025-03-31,impression
TCH0011492,CMP0049,CL00383,2025-01-27,conversion
TCH0011493,CMP0049,CL00118,2025-03-03,click
TCH0011494,CMP0049,CL00468,2025-02-25,conversion
TCH0011495,CMP0049,CL00303,2025-02-24,lead
TCH0011496,CMP0049,CL00127,2025-04-01,impression
TCH0011497,CMP0049,CL00492,2025-04-04,conversion
TCH0011498,CMP0050,CL00119,2024-02-26,impression
TCH0011499,CMP0050,CL00283,2024-02-04,click
TCH0011500,CMP0050,CL00464,2024-02-09,click
TCH0011501,CMP0050,CL00171,2024-02-10,impression
TCH0011502,CMP0050,CL00422,2024-02-23,impression
TCH0011503,CMP0050,CL00450,2024-02-22,impression
TCH0011504,CMP0050,CL00343,2024-02-02,impression
TCH0011505,CMP0050,CL00163,2024-02-07,click
TCH0011506,CMP0050,CL00436,2024-02-08,lead
TCH0011507,CMP0050,CL00260,2024-02-10,impression
TCH0011508,CMP0050,CL00326,2024-02-06,impression
TCH0011509,CMP0050,CL00327,2024-02-12,click
TCH0011510,CMP0050,CL00379,2024-03-10,impression
TCH0011511,CMP0050,CL00289,2024-03-10,impression
TCH0011512,CMP0050,CL00138,2024-02-14,click
TCH0011513,CMP0050,CL00468,2024-01-30,click
TCH0011514,CMP0050,CL00063,2024-02-09,conversion
TCH0011515,CMP0050,CL00390,2024-03-01,click
TCH0011516,CMP0050,CL00334,2024-03-02,lead
TCH0011517,CMP0050,CL00293,2024-01-31,impression
TCH0011518,CMP0050,CL00200,2024-02-20,impression
TCH0011519,CMP0050,CL00365,2024-02-25,impression
TCH0011520,CMP0050,CL00485,2024-02-23,click
TCH0011521,CMP0050,CL00491,2024-02-28,lead
TCH0011522,CMP0050,CL00362,2024-03-04,impression
TCH0011523,CMP0050,CL00281,2024-02-15,click
TCH0011524,CMP0050,CL00480,2024-03-06,impression
TCH0011525,CMP0050,CL00128,2024-02-02,conversion
TCH0011526,CMP0050,CL00408,2024-02-24,click
TCH0011527,CMP0050,CL00037,2024-02-23,impression
TCH0011528,CMP0050,CL00127,2024-02-09,click
TCH0011529,CMP0050,CL00271,2024-02-26,impression
TCH0011530,CMP0050,CL00166,2024-01-27,impression
TCH0011531,CMP0050,CL00186,2024-02-12,lead
TCH0011532,CMP0050,CL00350,2024-02-10,impression
TCH0011533,CMP0050,CL00070,2024-02-01,click
TCH0011534,CMP0050,CL00227,2024-02-27,click
TCH0011535,CMP0050,CL00323,2024-02-17,click
TCH0011536,CMP0050,CL00431,2024-02-19,lead
TCH0011537,CMP0050,CL00020,2024-02-09,lead
TCH0011538,CMP0050,CL00453,2024-02-06,impression
TCH0011539,CMP0050,CL00241,2024-02-14,conversion
TCH0011540,CMP0050,CL00255,2024-02-21,click
TCH0011541,CMP0050,CL00180,2024-02-07,lead
TCH0011542,CMP0050,CL00495,2024-01-28,click
TCH0011543,CMP0050,CL00022,2024-02-26,lead
TCH0011544,CMP0050,CL00172,2024-02-13,impression
TCH0011545,CMP0050,CL00473,2024-02-25,lead
TCH0011546,CMP0050,CL00311,2024-02-02,conversion
TCH0011547,CMP0050,CL00209,2024-03-06,click
TCH0011548,CMP0050,CL00034,2024-02-04,click
TCH0011549,CMP0050,CL00168,2024-02-02,click
TCH0011550,CMP0050,CL00432,2024-02-12,impression
TCH0011551,CMP0050,CL00113,2024-01-28,impression
TCH0011552,CMP0050,CL00093,2024-03-01,impression
TCH0011553,CMP0050,CL00100,2024-02-24,conversion
TCH0011554,CMP0050,CL00059,2024-01-28,lead
TCH0011555,CMP0050,CL00032,2024-03-09,click
TCH0011556,CMP0050,CL00437,2024-02-03,impression
TCH0011557,CMP0050,CL00445,2024-02-21,impression
TCH0011558,CMP0050,CL00110,2024-02-09,impression
TCH0011559,CMP0050,CL00175,2024-02-15,click
TCH0011560,CMP0050,CL00096,2024-02-03,impression
TCH0011561,CMP0050,CL00089,2024-02-04,impression
TCH0011562,CMP0050,CL00188,2024-02-24,click
TCH0011563,CMP0050,CL00073,2024-02-29,lead
TCH0011564,CMP0050,CL00402,2024-02-21,click
TCH0011565,CMP0050,CL00005,2024-03-03,lead
TCH0011566,CMP0050,CL00044,2024-02-02,conversion
TCH0011567,CMP0050,CL00156,2024-03-01,click
TCH0011568,CMP0050,CL00142,2024-01-31,lead
TCH0011569,CMP0050,CL00151,2024-02-05,click
TCH0011570,CMP0050,CL00091,2024-02-03,conversion
TCH0011571,CMP0050,CL00086,2024-01-28,impression
TCH0011572,CMP0050,CL00497,2024-02-20,lead
TCH0011573,CMP0050,CL00288,2024-02-18,click
TCH0011574,CMP0050,CL00017,2024-02-15,impression
TCH0011575,CMP0050,CL00298,2024-02-15,impression
TCH0011576,CMP0050,CL00374,2024-02-08,click
TCH0011577,CMP0050,CL00403,2024-02-17,click
TCH0011578,CMP0050,CL00004,2024-03-06,lead
TCH0011579,CMP0050,CL00333,2024-03-06,conversion
TCH0011580,CMP0050,CL00124,2024-01-29,impression
TCH0011581,CMP0050,CL00126,2024-02-02,click
TCH0011582,CMP0050,CL00352,2024-03-03,lead
TCH0011583,CMP0050,CL00341,2024-01-28,impression
TCH0011584,CMP0050,CL00307,2024-03-10,click
TCH0011585,CMP0050,CL00404,2024-02-21,impression
TCH0011586,CMP0050,CL00417,2024-02-08,click
TCH0011587,CMP0050,CL00247,2024-02-14,click
TCH0011588,CMP0050,CL00021,2024-02-10,lead
TCH0011589,CMP0050,CL00302,2024-02-07,click
TCH0011590,CMP0050,CL00132,2024-03-04,click
TCH0011591,CMP0050,CL00275,2024-02-26,impression
TCH0011592,CMP0050,CL00201,2024-02-14,lead
TCH0011593,CMP0050,CL00143,2024-02-07,impression
TCH0011594,CMP0050,CL00010,2024-02-23,conversion
TCH0011595,CMP0050,CL00258,2024-03-10,impression
TCH0011596,CMP0050,CL00118,2024-02-16,click
TCH0011597,CMP0050,CL00285,2024-02-16,impression
TCH0011598,CMP0050,CL00456,2024-02-17,conversion
TCH0011599,CMP0050,CL00391,2024-02-07,click
TCH0011600,CMP0050,CL00019,2024-03-02,click
TCH0011601,CMP0050,CL00196,2024-02-07,impression
TCH0011602,CMP0050,CL00358,2024-02-16,lead
TCH0011603,CMP0050,CL00478,2024-01-29,click
TCH0011604,CMP0050,CL00267,2024-02-02,click
TCH0011605,CMP0050,CL00109,2024-02-18,click
TCH0011606,CMP0050,CL00038,2024-03-07,click
TCH0011607,CMP0050,CL00117,2024-02-02,click
TCH0011608,CMP0050,CL00226,2024-03-02,impression
TCH0011609,CMP0050,CL00165,2024-03-02,impression
TCH0011610,CMP0050,CL00413,2024-02-13,lead
TCH0011611,CMP0050,CL00003,2024-02-27,lead
TCH0011612,CMP0050,CL00235,2024-02-07,click
TCH0011613,CMP0050,CL00313,2024-01-27,impression
TCH0011614,CMP0050,CL00177,2024-02-17,click
TCH0011615,CMP0050,CL00129,2024-03-08,impression
TCH0011616,CMP0050,CL00154,2024-02-13,lead
TCH0011617,CMP0050,CL00055,2024-02-19,impression
TCH0011618,CMP0050,CL00406,2024-02-04,click
TCH0011619,CMP0050,CL00068,2024-03-09,click
TCH0011620,CMP0050,CL00328,2024-02-09,click
TCH0011621,CMP0050,CL00193,2024-03-05,lead
TCH0011622,CMP0050,CL00031,2024-02-23,impression
TCH0011623,CMP0050,CL00144,2024-02-21,impression
TCH0011624,CMP0050,CL00317,2024-02-01,impression
TCH0011625,CMP0050,CL00160,2024-02-29,impression
TCH0011626,CMP0050,CL00167,2024-02-20,impression
TCH0011627,CMP0050,CL00088,2024-03-10,click
TCH0011628,CMP0050,CL00426,2024-02-07,lead
TCH0011629,CMP0050,CL00486,2024-03-01,impression
TCH0011630,CMP0050,CL00376,2024-02-22,conversion
TCH0011631,CMP0050,CL00057,2024-02-20,impression
TCH0011632,CMP0050,CL00137,2024-01-27,click
TCH0011633,CMP0050,CL00190,2024-03-07,impression
TCH0011634,CMP0050,CL00332,2024-01-27,click
TCH0011635,CMP0050,CL00443,2024-02-27,click
TCH0011636,CMP0050,CL00224,2024-03-05,impression
TCH0011637,CMP0050,CL00225,2024-02-03,click
TCH0011638,CMP0050,CL00423,2024-02-24,lead
TCH0011639,CMP0050,CL00076,2024-01-29,lead
TCH0011640,CMP0050,CL00210,2024-01-29,impression
TCH0011641,CMP0050,CL00014,2024-02-14,click
TCH0011642,CMP0050,CL00050,2024-02-12,click
TCH0011643,CMP0050,CL00373,2024-02-12,click
TCH0011644,CMP0050,CL00216,2024-02-24,impression
TCH0011645,CMP0050,CL00301,2024-01-30,impression
TCH0011646,CMP0050,CL00111,2024-03-09,impression
TCH0011647,CMP0050,CL00371,2024-03-07,click
TCH0011648,CMP0050,CL00130,2024-01-27,click
TCH0011649,CMP0050,CL00194,2024-01-29,impression
TCH0011650,CMP0050,CL00152,2024-02-20,impression
TCH0011651,CMP0050,CL00141,2024-02-27,impression
TCH0011652,CMP0050,CL00474,2024-01-29,impression
TCH0011653,CMP0050,CL00060,2024-02-08,click
TCH0011654,CMP0050,CL00471,2024-02-26,conversion
TCH0011655,CMP0050,CL00357,2024-02-06,click
TCH0011656,CMP0050,CL00460,2024-02-03,impression
TCH0011657,CMP0050,CL00222,2024-03-10,impression
TCH0011658,CMP0050,CL00287,2024-03-06,click
TCH0011659,CMP0050,CL00103,2024-03-06,lead
TCH0011660,CMP0050,CL00122,2024-02-16,click
TCH0011661,CMP0050,CL00370,2024-02-25,click
TCH0011662,CMP0050,CL00080,2024-03-04,impression
TCH0011663,CMP0050,CL00381,2024-02-06,click
TCH0011664,CMP0050,CL00444,2024-02-10,lead
TCH0011665,CMP0050,CL00380,2024-03-10,lead
TCH0011666,CMP0050,CL00354,2024-02-07,lead
TCH0011667,CMP0050,CL00368,2024-02-11,impression
TCH0011668,CMP0050,CL00396,2024-02-25,click
TCH0011669,CMP0050,CL00033,2024-02-28,click
TCH0011670,CMP0050,CL00312,2024-02-03,impression
TCH0011671,CMP0050,CL00206,2024-02-13,impression
TCH0011672,CMP0050,CL00280,2024-03-01,impression
TCH0011673,CMP0050,CL00040,2024-02-08,conversion
TCH0011674,CMP0050,CL00205,2024-03-01,lead
TCH0011675,CMP0050,CL00297,2024-01-31,lead
TCH0011676,CMP0050,CL00383,2024-02-04,click
TCH0011677,CMP0050,CL00269,2024-03-01,click
TCH0011678,CMP0050,CL00189,2024-02-06,click
TCH0011679,CMP0050,CL00389,2024-02-14,lead
TCH0011680,CMP0050,CL00090,2024-02-28,lead
TCH0011681,CMP0050,CL00262,2024-02-26,click
TCH0011682,CMP0050,CL00349,2024-02-19,lead
TCH0011683,CMP0050,CL00414,2024-03-06,lead
TCH0011684,CMP0050,CL00329,2024-01-27,click
TCH0011685,CMP0050,CL00082,2024-02-11,lead
TCH0011686,CMP0050,CL00427,2024-03-02,click
TCH0011687,CMP0050,CL00410,2024-02-22,impression
TCH0011688,CMP0050,CL00061,2024-02-11,impression
TCH0011689,CMP0050,CL00066,2024-02-27,click
TCH0011690,CMP0050,CL00030,2024-01-30,impression
TCH0011691,CMP0050,CL00024,2024-02-22,click
TCH0011692,CMP0050,CL00259,2024-02-05,lead
TCH0011693,CMP0050,CL00367,2024-02-10,click
TCH0011694,CMP0050,CL00419,2024-02-08,impression
TCH0011695,CMP0050,CL00102,2024-02-11,impression
TCH0011696,CMP0050,CL00150,2024-02-10,click
TCH0011697,CMP0050,CL00238,2024-02-21,click
TCH0011698,CMP0050,CL00145,2024-02-04,impression
TCH0011699,CMP0050,CL00462,2024-02-06,impression
TCH0011700,CMP0050,CL00372,2024-02-15,click
TCH0011701,CMP0050,CL00399,2024-01-31,impression
TCH0011702,CMP0050,CL00438,2024-02-26,impression
TCH0011703,CMP0050,CL00012,2024-02-26,impression
TCH0011704,CMP0050,CL00316,2024-02-26,impression
TCH0011705,CMP0050,CL00212,2024-02-19,click
TCH0011706,CMP0050,CL00134,2024-02-14,click
TCH0011707,CMP0050,CL00336,2024-02-20,conversion
TCH0011708,CMP0050,CL00011,2024-02-10,impression
TCH0011709,CMP0050,CL00087,2024-02-03,impression
TCH0011710,CMP0050,CL00054,2024-03-03,click
TCH0011711,CMP0050,CL00207,2024-02-18,impression
TCH0011712,CMP0050,CL00158,2024-03-03,click
TCH0011713,CMP0050,CL00319,2024-02-26,click
TCH0011714,CMP0050,CL00006,2024-02-26,lead
TCH0011715,CMP0050,CL00069,2024-01-27,lead
TCH0011716,CMP0050,CL00472,2024-03-05,impression
TCH0011717,CMP0050,CL00218,2024-03-04,impression
TCH0011718,CMP0050,CL00353,2024-02-11,conversion
TCH0011719,CMP0050,CL00482,2024-02-17,conversion
TCH0011720,CMP0050,CL00153,2024-01-27,lead
TCH0011721,CMP0050,CL00213,2024-02-09,lead
TCH0011722,CMP0050,CL00256,2024-03-03,click
TCH0011723,CMP0050,CL00294,2024-03-05,click
TCH0011724,CMP0050,CL00416,2024-03-01,lead
TCH0011725,CMP0050,CL00342,2024-02-27,impression
TCH0011726,CMP0050,CL00058,2024-01-29,lead
TCH0011727,CMP0050,CL00092,2024-02-08,conversion
TCH0011728,CMP0050,CL00001,2024-02-07,lead
TCH0011729,CMP0050,CL00149,2024-02-08,impression
TCH0011730,CMP0050,CL00320,2024-01-27,impression
TCH0011731,CMP0050,CL00488,2024-02-06,click
TCH0011732,CMP0050,CL00270,2024-01-31,lead
TCH0011733,CMP0050,CL00026,2024-03-07,click
TCH0011734,CMP0050,CL00394,2024-03-10,lead
TCH0011735,CMP0050,CL00273,2024-01-30,click
TCH0011736,CMP0050,CL00393,2024-02-16,click
TCH0011737,CMP0050,CL00133,2024-02-19,lead
TCH0011738,CMP0050,CL00187,2024-02-11,impression
TCH0011739,CMP0050,CL00415,2024-03-03,impression
TCH0011740,CMP0050,CL00299,2024-02-15,conversion
TCH0011741,CMP0050,CL00042,2024-02-14,conversion
TCH0011742,CMP0050,CL00220,2024-02-18,click
TCH0011743,CMP0050,CL00221,2024-02-21,click
TCH0011744,CMP0050,CL00500,2024-02-16,click
TCH0011745,CMP0050,CL00481,2024-02-08,impression
TCH0011746,CMP0050,CL00477,2024-02-07,click
TCH0011747,CMP0050,CL00251,2024-02-08,impression
TCH0011748,CMP0050,CL00219,2024-02-08,impression
TCH0011749,CMP0050,CL00475,2024-02-22,conversion
TCH0011750,CMP0050,CL00101,2024-02-27,click
TCH0011751,CMP0050,CL00496,2024-02-26,impression
TCH0011752,CMP0050,CL00237,2024-03-10,conversion
TCH0011753,CMP0050,CL00331,2024-02-26,conversion
TCH0011754,CMP0050,CL00479,2024-02-15,click
TCH0011755,CMP0050,CL00392,2024-02-10,conversion
TCH0011756,CMP0050,CL00045,2024-03-10,click
TCH0011757,CMP0050,CL00016,2024-02-07,lead
TCH0011758,CMP0050,CL00400,2024-02-18,impression
TCH0011759,CMP0050,CL00469,2024-02-02,impression
TCH0011760,CMP0050,CL00236,2024-03-10,impression
TCH0011761,CMP0050,CL00268,2024-02-08,click
TCH0011762,CMP0050,CL00204,2024-02-14,lead
TCH0011763,CMP0050,CL00239,2024-02-11,impression
TCH0011764,CMP0050,CL00248,2024-03-06,conversion
TCH0011765,CMP0050,CL00009,2024-02-14,lead
TCH0011766,CMP0050,CL00246,2024-02-01,impression
TCH0011767,CMP0050,CL00338,2024-03-07,lead
TCH0011768,CMP0050,CL00348,2024-01-29,conversion
TCH0011769,CMP0050,CL00337,2024-02-16,click
TCH0011770,CMP0050,CL00203,2024-02-10,impression
TCH0011771,CMP0050,CL00266,2024-01-28,impression
TCH0011772,CMP0050,CL00421,2024-02-06,impression
TCH0011773,CMP0050,CL00263,2024-02-01,impression
TCH0011774,CMP0050,CL00467,2024-02-23,impression
TCH0011775,CMP0050,CL00412,2024-02-06,impression
TCH0011776,CMP0050,CL00107,2024-02-15,click
TCH0011777,CMP0050,CL00303,2024-03-02,conversion
TCH0011778,CMP0050,CL00452,2024-02-27,conversion
TCH0011779,CMP0050,CL00407,2024-01-29,click
TCH0011780,CMP0050,CL00347,2024-02-24,impression
TCH0011781,CMP0050,CL00321,2024-02-16,lead
TCH0011782,CMP0050,CL00384,2024-02-14,lead
TCH0011783,CMP0050,CL00228,2024-03-02,impression
TCH0011784,CMP0050,CL00123,2024-02-23,impression
TCH0011785,CMP0050,CL00176,2024-02-26,click
TCH0011786,CMP0050,CL00284,2024-03-04,click
TCH0011787,CMP0050,CL00318,2024-02-17,lead
TCH0011788,CMP0050,CL00214,2024-01-29,impression
TCH0011789,CMP0050,CL00499,2024-01-30,click
TCH0011790,CMP0050,CL00483,2024-02-09,click
TCH0011791,CMP0050,CL00108,2024-02-18,click
TCH0011792,CMP0050,CL00252,2024-02-12,impression
TCH0011793,CMP0050,CL00234,2024-02-10,lead
TCH0011794,CMP0050,CL00448,2024-01-30,conversion
TCH0011795,CMP0050,CL00286,2024-02-03,lead
TCH0011796,CMP0050,CL00265,2024-02-25,impression
TCH0011797,CMP0050,CL00174,2024-02-02,conversion
TCH0011798,CMP0050,CL00131,2024-03-07,click
TCH0011799,CMP0050,CL00106,2024-02-19,click
TCH0011800,CMP0050,CL00425,2024-01-28,conversion
TCH0011801,CMP0050,CL00430,2024-03-03,click
TCH0011802,CMP0050,CL00114,2024-02-13,conversion
TCH0011803,CMP0050,CL00029,2024-02-22,lead
TCH0011804,CMP0050,CL00161,2024-02-03,click
TCH0011805,CMP0050,CL00230,2024-02-02,click
TCH0011806,CMP0050,CL00125,2024-02-19,impression
TCH0011807,CMP0050,CL00363,2024-03-05,impression
TCH0011808,CMP0050,CL00157,2024-01-28,impression
TCH0011809,CMP0050,CL00062,2024-02-05,click
TCH0011810,CMP0050,CL00077,2024-03-02,click
TCH0011811,CMP0050,CL00466,2024-03-05,click
TCH0011812,CMP0050,CL00264,2024-03-01,lead
TCH0011813,CMP0050,CL00325,2024-02-03,lead
TCH0011814,CMP0050,CL00304,2024-03-07,impression
TCH0011815,CMP0050,CL00492,2024-02-15,impression
TCH0011816,CMP0050,CL00254,2024-02-15,impression
TCH0011817,CMP0050,CL00442,2024-03-01,conversion
TCH0011818,CMP0050,CL00232,2024-02-28,click
TCH0011819,CMP0050,CL00139,2024-02-01,conversion
TCH0011820,CMP0050,CL00395,2024-02-26,lead
TCH0011821,CMP0050,CL00170,2024-02-04,impression
TCH0011822,CMP0050,CL00340,2024-02-16,impression
TCH0011823,CMP0050,CL00112,2024-01-28,impression
TCH0011824,CMP0050,CL00051,2024-01-27,conversion
TCH0011825,CMP0050,CL00364,2024-02-17,click
TCH0011826,CMP0050,CL00388,2024-03-03,click
TCH0011827,CMP0050,CL00300,2024-01-30,lead
TCH0011828,CMP0050,CL00308,2024-02-13,click
TCH0011829,CMP0050,CL00361,2024-02-06,impression
TCH0011830,CMP0050,CL00476,2024-02-24,impression
TCH0011831,CMP0050,CL00276,2024-03-05,lead
TCH0011832,CMP0050,CL00155,2024-03-09,lead
TCH0011833,CMP0050,CL00085,2024-02-17,impression
TCH0011834,CMP0050,CL00182,2024-02-14,impression
TCH0011835,CMP0050,CL00245,2024-02-24,lead
TCH0011836,CMP0050,CL00043,2024-03-04,click
TCH0011837,CMP0050,CL00305,2024-02-24,lead
TCH0011838,CMP0050,CL00375,2024-01-29,impression
TCH0011839,CMP0050,CL00243,2024-02-10,impression
TCH0011840,CMP0050,CL00229,2024-02-21,impression
TCH0011841,CMP0050,CL00065,2024-03-08,lead
TCH0011842,CMP0050,CL00146,2024-02-05,click
TCH0011843,CMP0050,CL00441,2024-03-03,impression
TCH0011844,CMP0050,CL00095,2024-02-11,conversion
TCH0011845,CMP0050,CL00434,2024-02-15,conversion
TCH0011846,CMP0050,CL00036,2024-02-09,impression
TCH0011847,CMP0050,CL00047,2024-02-07,lead
TCH0011848,CMP0050,CL00309,2024-03-09,impression
TCH0011849,CMP0050,CL00292,2024-02-10,conversion
TCH0011850,CMP0050,CL00360,2024-02-18,lead
TCH0011851,CMP0050,CL00233,2024-02-26,impression
TCH0011852,CMP0050,CL00135,2024-02-21,click
TCH0011853,CMP0050,CL00493,2024-03-07,click
TCH0011854,CMP0050,CL00039,2024-01-28,impression
TCH0011855,CMP0050,CL00115,2024-02-14,conversion
TCH0011856,CMP0050,CL00169,2024-02-19,conversion
TCH0011857,CMP0050,CL00398,2024-02-11,click
TCH0011858,CMP0050,CL00104,2024-02-24,lead
TCH0011859,CMP0050,CL00075,2024-02-13,click
TCH0011860,CMP0050,CL00409,2024-02-06,impression
TCH0011861,CMP0050,CL00463,2024-03-01,lead
TCH0011862,CMP0050,CL00208,2024-02-12,impression
TCH0011863,CMP0050,CL00094,2024-03-09,impression
TCH0011864,CMP0050,CL00199,2024-02-25,lead
TCH0011865,CMP0050,CL00244,2024-02-28,click
TCH0011866,CMP0050,CL00454,2024-02-28,impression
TCH0011867,CMP0050,CL00025,2024-02-27,click
TCH0011868,CMP0050,CL00215,2024-01-30,click
TCH0011869,CMP0050,CL00008,2024-02-08,click
TCH0011870,CMP0050,CL00064,2024-02-11,click
TCH0011871,CMP0050,CL00458,2024-02-26,impression
TCH0011872,CMP0050,CL00079,2024-02-25,click
TCH0011873,CMP0050,CL00397,2024-02-03,click
TCH0011874,CMP0050,CL00178,2024-02-07,impression
TCH0011875,CMP0050,CL00249,2024-03-03,click
TCH0011876,CMP0050,CL00279,2024-02-08,impression
TCH0011877,CMP0050,CL00048,2024-02-08,click
TCH0011878,CMP0050,CL00083,2024-01-28,click
TCH0011879,CMP0050,CL00140,2024-02-10,impression
TCH0011880,CMP0050,CL00405,2024-02-01,lead
TCH0011881,CMP0050,CL00099,2024-02-05,conversion
TCH0011882,CMP0050,CL00250,2024-02-21,impression
TCH0011883,CMP0050,CL00202,2024-02-01,lead
TCH0011884,CMP0050,CL00035,2024-02-18,impression
TCH0011885,CMP0050,CL00377,2024-02-29,impression
TCH0011886,CMP0050,CL00253,2024-02-05,impression
TCH0011887,CMP0050,CL00435,2024-02-20,impression
TCH0011888,CMP0050,CL00072,2024-03-06,click
TCH0011889,CMP0050,CL00217,2024-03-10,impression
TCH0011890,CMP0050,CL00052,2024-02-25,conversion
TCH0011891,CMP0050,CL00295,2024-02-12,impression
TCH0011892,CMP0050,CL00053,2024-02-16,lead
TCH0011893,CMP0050,CL00272,2024-02-04,click
TCH0011894,CMP0050,CL00446,2024-01-27,click
TCH0011895,CMP0050,CL00455,2024-02-15,impression
TCH0011896,CMP0050,CL00494,2024-02-29,impression
TCH0011897,CMP0050,CL00197,2024-02-10,impression
TCH0011898,CMP0050,CL00310,2024-02-22,click
TCH0011899,CMP0050,CL00282,2024-02-12,click
TCH0011900,CMP0050,CL00120,2024-02-21,lead
TCH0011901,CMP0050,CL00449,2024-02-11,click
TCH0011902,CMP0050,CL00179,2024-02-21,click
TCH0011903,CMP0050,CL00459,2024-02-12,impression
TCH0011904,CMP0050,CL00277,2024-03-06,impression
TCH0011905,CMP0050,CL00351,2024-02-24,click
TCH0011906,CMP0050,CL00484,2024-02-13,click
TCH0011907,CMP0050,CL00173,2024-02-23,click
TCH0011908,CMP0050,CL00198,2024-02-09,impression
TCH0011909,CMP0050,CL00184,2024-03-06,lead
TCH0011910,CMP0050,CL00136,2024-03-06,click
TCH0011911,CMP0050,CL00335,2024-02-23,conversion
TCH0011912,CMP0050,CL00007,2024-02-26,impression
TCH0011913,CMP0050,CL00424,2024-03-04,lead
TCH0011914,CMP0050,CL00159,2024-02-02,conversion
TCH0011915,CMP0050,CL00470,2024-03-08,lead
TCH0011916,CMP0050,CL00084,2024-03-01,click
TCH0011917,CMP0050,CL00346,2024-02-18,lead
TCH0011918,CMP0050,CL00418,2024-01-30,click
TCH0011919,CMP0050,CL00261,2024-01-31,impression
TCH0011920,CMP0050,CL00041,2024-02-23,impression
TCH0011921,CMP0050,CL00359,2024-02-09,conversion
TCH0011922,CMP0050,CL00378,2024-02-17,lead
TCH0011923,CMP0050,CL00429,2024-02-10,impression
TCH0011924,CMP0050,CL00439,2024-02-04,lead
TCH0011925,CMP0050,CL00489,2024-02-25,click
TCH0011926,CMP0050,CL00071,2024-02-12,click
TCH0011927,CMP0050,CL00322,2024-02-07,impression
TCH0011928,CMP0050,CL00028,2024-02-18,lead
TCH0011929,CMP0050,CL00231,2024-02-02,conversion
TCH0011930,CMP0050,CL00056,2024-02-04,lead
TCH0011931,CMP0050,CL00195,2024-02-26,impression
TCH0011932,CMP0050,CL00185,2024-02-27,impression
TCH0011933,CMP0050,CL00385,2024-02-03,conversion
TCH0011934,CMP0050,CL00013,2024-03-05,impression
TCH0011935,CMP0050,CL00240,2024-02-28,impression
TCH0011936,CMP0050,CL00386,2024-02-04,lead
TCH0011937,CMP0050,CL00366,2024-02-06,click
TCH0011938,CMP0050,CL00314,2024-03-01,impression
TCH0011939,CMP0050,CL00457,2024-02-07,impression
TCH0011940,CMP0050,CL00356,2024-02-27,lead
TCH0011941,CMP0050,CL00002,2024-03-06,impression
TCH0011942,CMP0050,CL00027,2024-03-03,impression
TCH0011943,CMP0050,CL00428,2024-02-17,impression
TCH0011944,CMP0050,CL00278,2024-02-21,lead
TCH0011945,CMP0050,CL00420,2024-02-08,lead
TCH0011946,CMP0050,CL00447,2024-02-22,impression
TCH0011947,CMP0050,CL00257,2024-02-01,conversion
TCH0011948,CMP0050,CL00018,2024-02-06,impression
TCH0011949,CMP0050,CL00242,2024-02-09,impression
TCH0011950,CMP0050,CL00296,2024-02-20,click
TCH0011951,CMP0050,CL00324,2024-03-09,lead
TCH0011952,CMP0050,CL00078,2024-02-04,impression
TCH0011953,CMP0050,CL00121,2024-03-09,conversion
TCH0011954,CMP0050,CL00382,2024-02-07,click
TCH0011955,CMP0050,CL00015,2024-02-12,impression
TCH0011956,CMP0050,CL00345,2024-02-05,lead
TCH0011957,CMP0050,CL00223,2024-02-23,click
TCH0011958,CMP0050,CL00147,2024-03-06,click
TCH0011959,CMP0050,CL00433,2024-02-14,impression
TCH0011960,CMP0050,CL00081,2024-02-06,lead
TCH0011961,CMP0050,CL00046,2024-02-01,impression
TCH0011962,CMP0050,CL00290,2024-01-28,impression
TCH0011963,CMP0050,CL00291,2024-01-30,click
TCH0011964,CMP0050,CL00067,2024-02-04,impression
TCH0011965,CMP0050,CL00164,2024-02-05,impression
TCH0011966,CMP0050,CL00105,2024-02-22,impression
TCH0011967,CMP0050,CL00487,2024-01-28,click
TCH0011968,CMP0050,CL00440,2024-03-08,impression
TCH0011969,CMP0050,CL00344,2024-02-19,click
TCH0011970,CMP0050,CL00148,2024-01-30,impression
TCH0011971,CMP0050,CL00183,2024-02-14,lead
TCH0011972,CMP0050,CL00191,2024-02-02,impression
TCH0011973,CMP0050,CL00315,2024-02-21,click
TCH0011974,CMP0050,CL00411,2024-03-05,impression
TCH0011975,CMP0050,CL00401,2024-02-02,click
TCH0011976,CMP0050,CL00330,2024-02-04,impression
TCH0011977,CMP0050,CL00098,2024-02-20,lead
TCH0011978,CMP0050,CL00023,2024-02-05,click
TCH0011979,CMP0050,CL00116,2024-02-02,lead
TCH0011980,CMP0050,CL00211,2024-03-05,click
TCH0011981,CMP0050,CL00339,2024-02-17,conversion
TCH0011982,CMP0050,CL00490,2024-03-09,lead
TCH0011983,CMP0050,CL00049,2024-02-26,impression
TCH0011984,CMP0050,CL00274,2024-02-17,impression
TCH0011985,CMP0050,CL00451,2024-02-24,click
TCH0011986,CMP0050,CL00074,2024-03-06,impression
TCH0011987,CMP0050,CL00192,2024-02-01,click
TCH0011988,CMP0050,CL00097,2024-02-29,impression
TCH0011989,CMP0050,CL00181,2024-02-10,lead
TCH0011990,CMP0050,CL00369,2024-01-31,lead
