sale_id,client_id,sale_date,product,product_category,gross_amount_eur,discount_eur,net_amount_eur,deal_stage,sales_cycle_days,sales_rep
SAL001898,CL00162,2024-01-07,Lex Subscription,subscription,1551.04,0.0,1551.04,Won,71,Marie D.
SAL003647,CL00306,2024-01-10,Ledger Subscription,subscription,662.79,33.14,629.65,Won,82,Yanis F.
SAL004702,CL00387,2024-01-17,Ledger Subscription,subscription,1376.98,0.0,1376.98,Won,48,Amine B.
SAL004276,CL00355,2024-01-17,Ledger Subscription,subscription,510.52,25.53,484.99,Won,117,Marie D.
SAL004666,CL00386,2024-01-22,Premium Support,subscription,500.49,0.0,500.49,Won,13,Yanis F.
SAL003114,CL00262,2024-01-23,Premium Support,subscription,431.76,86.35,345.41,Won,47,Yanis F.
SAL004674,CL00386,2024-01-26,Ledger Subscription,subscription,416.04,0.0,416.04,Won,28,Yanis F.
SAL000586,CL00057,2024-01-30,Vector Subscription,subscription,907.06,45.35,861.71,Won,53,Marie D.
SAL003862,CL00330,2024-01-31,Custom Development,one_time,18927.41,0.0,18927.41,Won,34,Léa M.
SAL006095,CL00498,2024-01-31,Premium Support,subscription,498.7,24.94,473.76,Won,49,Léa M.
SAL002283,CL00199,2024-01-31,Core Premium,subscription,1876.35,93.82,1782.53,Won,76,Yanis F.
SAL003961,CL00334,2024-02-02,Vector Subscription,subscription,912.03,45.6,866.43,Won,71,Karim T.
SAL004314,CL00355,2024-02-02,Premium Support,subscription,477.53,0.0,477.53,Won,109,Marie D.
SAL001597,CL00131,2024-02-05,Vector Subscription,subscription,1477.32,73.87,1403.45,Won,60,Marie D.
SAL006006,CL00494,2024-02-06,Core Premium,subscription,2722.84,0.0,2722.84,Won,69,Amine B.
SAL004660,CL00386,2024-02-09,Core Premium,subscription,3280.54,0.0,3280.54,Won,7,Yanis F.
SAL003611,CL00302,2024-02-10,Vector Subscription,subscription,1584.84,0.0,1584.84,Won,24,Karim T.
SAL004774,CL00397,2024-02-11,Custom Development,one_time,9788.41,1957.68,7830.73,Won,49,Yanis F.
SAL000096,CL00011,2024-02-12,Premium Support,subscription,246.64,0.0,246.64,Won,23,Karim T.
SAL004291,CL00355,2024-02-12,Lex Subscription,subscription,652.01,97.8,554.21,Won,96,Marie D.
SAL001419,CL00121,2024-02-14,Core Premium,subscription,4542.8,454.28,4088.52,Won,90,Amine B.
SAL003897,CL00330,2024-02-15,Ledger Subscription,subscription,1098.77,109.88,988.89,Won,24,Léa M.
SAL000113,CL00011,2024-02-15,Training & Onboarding,one_time,3027.42,0.0,3027.42,Won,33,Karim T.
SAL002298,CL00199,2024-02-16,Core Premium,subscription,4875.75,487.58,4388.17,Won,49,Yanis F.
SAL000002,CL00002,2024-02-18,Core Premium,subscription,1944.96,291.74,1653.22,Won,67,Marie D.
SAL005995,CL00491,2024-02-19,Lex Subscription,subscription,1648.78,0.0,1648.78,Won,40,Amine B.
SAL000606,CL00057,2024-02-19,Premium Support,subscription,308.85,46.33,262.52,Won,32,Marie D.
SAL004299,CL00355,2024-02-19,Core Premium,subscription,3077.18,461.58,2615.6,Won,120,Marie D.
SAL004778,CL00397,2024-02-21,Training & Onboarding,one_time,1357.24,67.86,1289.38,Won,16,Yanis F.
SAL002200,CL00190,2024-02-22,Vector Subscription,subscription,1333.04,66.65,1266.39,Won,41,Marie D.
SAL001411,CL00121,2024-02-23,Ledger Subscription,subscription,765.26,38.26,727.0,Won,77,Amine B.
SAL003790,CL00322,2024-02-23,Lex Subscription,subscription,995.91,0.0,995.91,Won,8,Sophie L.
SAL003905,CL00330,2024-02-24,Training & Onboarding,one_time,1910.18,191.02,1719.16,Won,72,Léa M.
SAL001684,CL00136,2024-02-24,Premium Support,subscription,808.61,40.43,768.18,Won,11,Karim T.
SAL004751,CL00395,2024-02-26,Ledger Subscription,subscription,1105.76,0.0,1105.76,Won,23,Karim T.
SAL002198,CL00190,2024-02-29,Vector Subscription,subscription,1258.99,0.0,1258.99,Won,82,Marie D.
SAL001694,CL00136,2024-03-05,Vector Subscription,subscription,1753.89,0.0,1753.89,Won,34,Karim T.
SAL003861,CL00330,2024-03-07,Vector Subscription,subscription,2005.08,100.25,1904.83,Won,26,Léa M.
SAL003594,CL00302,2024-03-08,Custom Development,one_time,32547.86,0.0,32547.86,Won,29,Karim T.
SAL000500,CL00053,2024-03-08,Premium Support,subscription,576.57,0.0,576.57,Won,58,Amine B.
SAL000266,CL00027,2024-03-09,Custom Development,one_time,27275.14,0.0,27275.14,Won,58,Amine B.
SAL002815,CL00241,2024-03-10,Vector Subscription,subscription,772.2,0.0,772.2,Won,76,Amine B.
SAL000112,CL00011,2024-03-10,Premium Support,subscription,371.42,0.0,371.42,Won,13,Karim T.
SAL002524,CL00220,2024-03-10,Lex Subscription,subscription,748.96,37.45,711.51,Won,36,Amine B.
SAL004323,CL00355,2024-03-10,Vector Subscription,subscription,1274.15,63.71,1210.44,Won,74,Marie D.
SAL006016,CL00494,2024-03-10,Lex Subscription,subscription,524.01,0.0,524.01,Won,11,Amine B.
SAL001682,CL00136,2024-03-11,Premium Support,subscription,425.85,21.29,404.56,Won,11,Karim T.
SAL003602,CL00302,2024-03-11,Vector Subscription,subscription,1842.74,184.27,1658.47,Won,35,Karim T.
SAL006066,CL00498,2024-03-12,Custom Development,one_time,8818.05,0.0,8818.05,Won,72,Léa M.
SAL005659,CL00465,2024-03-12,Core Premium,subscription,5192.09,259.6,4932.49,Won,56,Marie D.
SAL006074,CL00498,2024-03-15,Core Premium,subscription,4452.17,222.61,4229.56,Won,63,Léa M.
SAL006073,CL00498,2024-03-16,Training & Onboarding,one_time,4249.38,0.0,4249.38,Won,20,Léa M.
SAL003182,CL00270,2024-03-16,Vector Subscription,subscription,2033.3,203.33,1829.97,Won,34,Amine B.
SAL004200,CL00347,2024-03-16,Premium Support,subscription,259.33,0.0,259.33,Won,110,Karim T.
SAL003105,CL00262,2024-03-16,Training & Onboarding,one_time,3624.99,362.5,3262.49,Won,37,Yanis F.
SAL000010,CL00002,2024-03-17,Core Premium,subscription,4998.14,0.0,4998.14,Won,51,Marie D.
SAL004697,CL00387,2024-03-19,Custom Development,one_time,17671.09,883.55,16787.54,Won,90,Amine B.
SAL004308,CL00355,2024-03-19,Core Premium,subscription,2314.89,115.74,2199.15,Won,114,Marie D.
SAL002789,CL00241,2024-03-20,Core Premium,subscription,2751.29,0.0,2751.29,Won,101,Amine B.
SAL001627,CL00132,2024-03-22,Ledger Subscription,subscription,677.17,0.0,677.17,Won,36,Karim T.
SAL002791,CL00241,2024-03-23,Training & Onboarding,one_time,4234.57,0.0,4234.57,Won,33,Amine B.
SAL006070,CL00498,2024-03-24,Lex Subscription,subscription,581.85,58.18,523.67,Won,112,Léa M.
SAL003646,CL00306,2024-03-25,Training & Onboarding,one_time,3774.65,0.0,3774.65,Won,89,Yanis F.
SAL004764,CL00395,2024-03-25,Premium Support,subscription,878.35,87.83,790.52,Won,67,Karim T.
SAL005593,CL00461,2024-03-25,Training & Onboarding,one_time,3683.41,0.0,3683.41,Won,49,Marie D.
SAL004735,CL00392,2024-03-26,Core Premium,subscription,2029.23,0.0,2029.23,Won,19,Amine B.
SAL000522,CL00053,2024-03-27,Custom Development,one_time,29869.16,2986.92,26882.24,Won,62,Amine B.
SAL001457,CL00122,2024-03-29,Core Premium,subscription,4145.41,0.0,4145.41,Won,51,Marie D.
SAL003874,CL00330,2024-03-31,Vector Subscription,subscription,1945.49,194.55,1750.94,Won,65,Léa M.
SAL000165,CL00014,2024-03-31,Ledger Subscription,subscription,1166.76,0.0,1166.76,Won,68,Yanis F.
SAL000174,CL00014,2024-04-01,Premium Support,subscription,427.59,0.0,427.59,Won,7,Yanis F.
SAL003789,CL00322,2024-04-03,Training & Onboarding,one_time,2734.74,0.0,2734.74,Won,35,Sophie L.
SAL002958,CL00253,2024-04-04,Training & Onboarding,one_time,2579.28,128.96,2450.32,Won,104,Yanis F.
SAL000230,CL00021,2024-04-04,Core Premium,subscription,2793.52,0.0,2793.52,Won,70,Yanis F.
SAL002973,CL00253,2024-04-04,Training & Onboarding,one_time,1873.8,374.76,1499.04,Won,112,Yanis F.
SAL003788,CL00322,2024-04-05,Training & Onboarding,one_time,3815.64,190.78,3624.86,Won,18,Sophie L.
SAL005269,CL00430,2024-04-06,Core Premium,subscription,2011.75,0.0,2011.75,Won,49,Marie D.
SAL005475,CL00451,2024-04-08,Premium Support,subscription,681.22,0.0,681.22,Won,8,Marie D.
SAL002977,CL00253,2024-04-09,Lex Subscription,subscription,1163.55,58.18,1105.37,Won,45,Yanis F.
SAL005658,CL00465,2024-04-09,Ledger Subscription,subscription,1140.12,0.0,1140.12,Won,89,Marie D.
SAL006010,CL00494,2024-04-10,Core Premium,subscription,3839.48,383.95,3455.53,Won,27,Amine B.
SAL004290,CL00355,2024-04-10,Training & Onboarding,one_time,1960.41,196.04,1764.37,Won,29,Marie D.
SAL003946,CL00334,2024-04-10,Ledger Subscription,subscription,1104.04,165.61,938.43,Won,50,Karim T.
SAL002681,CL00235,2024-04-10,Training & Onboarding,one_time,3969.22,0.0,3969.22,Won,38,Yanis F.
SAL002513,CL00220,2024-04-11,Lex Subscription,subscription,739.01,0.0,739.01,Won,64,Amine B.
SAL004318,CL00355,2024-04-11,Core Premium,subscription,3615.29,0.0,3615.29,Won,52,Marie D.
SAL004125,CL00344,2024-04-12,Core Premium,subscription,2318.38,0.0,2318.38,Won,25,Marie D.
SAL004171,CL00347,2024-04-12,Premium Support,subscription,404.74,0.0,404.74,Won,51,Karim T.
SAL003779,CL00322,2024-04-12,Custom Development,one_time,6949.71,0.0,6949.71,Won,65,Sophie L.
SAL006063,CL00498,2024-04-12,Vector Subscription,subscription,806.94,40.35,766.59,Won,39,Léa M.
SAL004153,CL00347,2024-04-12,Premium Support,subscription,315.38,0.0,315.38,Won,116,Karim T.
SAL004165,CL00347,2024-04-13,Ledger Subscription,subscription,412.17,20.61,391.56,Won,89,Karim T.
SAL002877,CL00244,2024-04-13,Premium Support,subscription,720.77,0.0,720.77,Won,51,Amine B.
SAL001626,CL00132,2024-04-14,Premium Support,subscription,217.08,0.0,217.08,Won,82,Karim T.
SAL002830,CL00241,2024-04-14,Premium Support,subscription,799.14,0.0,799.14,Won,27,Amine B.
SAL004661,CL00386,2024-04-15,Core Premium,subscription,4786.02,0.0,4786.02,Won,45,Yanis F.
SAL003321,CL00281,2024-04-15,Lex Subscription,subscription,456.42,0.0,456.42,Won,60,Amine B.
SAL000233,CL00021,2024-04-15,Lex Subscription,subscription,754.52,0.0,754.52,Won,32,Yanis F.
SAL004759,CL00395,2024-04-15,Lex Subscription,subscription,539.89,107.98,431.91,Won,19,Karim T.
SAL002924,CL00251,2024-04-16,Core Premium,subscription,3734.11,186.71,3547.4,Won,77,Sophie L.
SAL003964,CL00334,2024-04-16,Premium Support,subscription,713.21,0.0,713.21,Won,89,Karim T.
SAL004270,CL00352,2024-04-16,Lex Subscription,subscription,1894.02,0.0,1894.02,Won,26,Léa M.
SAL001897,CL00162,2024-04-16,Vector Subscription,subscription,1159.43,0.0,1159.43,Won,8,Marie D.
SAL002783,CL00241,2024-04-16,Premium Support,subscription,674.94,0.0,674.94,Won,88,Amine B.
SAL004681,CL00386,2024-04-16,Vector Subscription,subscription,1680.46,0.0,1680.46,Won,55,Yanis F.
SAL003313,CL00281,2024-04-18,Vector Subscription,subscription,606.85,0.0,606.85,Won,40,Amine B.
SAL005767,CL00477,2024-04-19,Premium Support,subscription,338.73,0.0,338.73,Won,66,Sophie L.
SAL004191,CL00347,2024-04-20,Lex Subscription,subscription,1148.36,229.67,918.69,Won,79,Karim T.
SAL002784,CL00241,2024-04-20,Vector Subscription,subscription,1458.36,0.0,1458.36,Won,55,Amine B.
SAL002521,CL00220,2024-04-21,Ledger Subscription,subscription,1073.54,0.0,1073.54,Won,22,Amine B.
SAL002071,CL00178,2024-04-23,Premium Support,subscription,474.29,47.43,426.86,Won,110,Karim T.
SAL002685,CL00235,2024-04-23,Training & Onboarding,one_time,3630.81,544.62,3086.19,Won,24,Yanis F.
SAL000257,CL00027,2024-04-23,Vector Subscription,subscription,1438.65,0.0,1438.65,Won,107,Amine B.
SAL003333,CL00281,2024-04-23,Custom Development,one_time,14382.43,0.0,14382.43,Won,11,Amine B.
SAL004787,CL00397,2024-04-26,Core Premium,subscription,2588.9,517.78,2071.12,Won,31,Yanis F.
SAL003872,CL00330,2024-04-26,Premium Support,subscription,792.22,0.0,792.22,Won,62,Léa M.
SAL003827,CL00328,2024-04-26,Custom Development,one_time,26124.36,3918.65,22205.71,Won,60,Yanis F.
SAL003598,CL00302,2024-04-26,Ledger Subscription,subscription,1059.22,0.0,1059.22,Won,11,Karim T.
SAL005313,CL00435,2024-04-27,Custom Development,one_time,22093.79,1104.69,20989.1,Won,50,Léa M.
SAL002063,CL00178,2024-04-27,Training & Onboarding,one_time,2039.65,0.0,2039.65,Won,35,Karim T.
SAL004206,CL00348,2024-04-28,Vector Subscription,subscription,1180.32,118.03,1062.29,Won,42,Léa M.
SAL006012,CL00494,2024-04-28,Training & Onboarding,one_time,2228.32,0.0,2228.32,Won,29,Amine B.
SAL001759,CL00145,2024-04-29,Training & Onboarding,one_time,2061.45,309.22,1752.23,Won,61,Karim T.
SAL001458,CL00122,2024-04-29,Vector Subscription,subscription,1223.85,122.39,1101.46,Won,82,Marie D.
SAL005792,CL00479,2024-04-29,Ledger Subscription,subscription,1003.59,200.72,802.87,Won,40,Yanis F.
SAL005592,CL00461,2024-04-29,Premium Support,subscription,433.96,21.7,412.26,Won,36,Marie D.
SAL003183,CL00270,2024-04-29,Ledger Subscription,subscription,649.52,97.43,552.09,Won,31,Amine B.
SAL001435,CL00121,2024-04-30,Training & Onboarding,one_time,2726.96,272.7,2454.26,Won,33,Amine B.
SAL002517,CL00220,2024-05-01,Vector Subscription,subscription,1206.19,0.0,1206.19,Won,41,Amine B.
SAL000822,CL00074,2024-05-02,Custom Development,one_time,18491.3,1849.13,16642.17,Won,7,Léa M.
SAL002926,CL00251,2024-05-04,Training & Onboarding,one_time,3166.17,0.0,3166.17,Won,88,Sophie L.
SAL002601,CL00224,2024-05-04,Training & Onboarding,one_time,1493.57,0.0,1493.57,Won,54,Karim T.
SAL005267,CL00430,2024-05-04,Lex Subscription,subscription,488.53,0.0,488.53,Won,79,Marie D.
SAL001619,CL00132,2024-05-04,Core Premium,subscription,2351.05,117.55,2233.5,Won,30,Karim T.
SAL000006,CL00002,2024-05-05,Vector Subscription,subscription,1752.87,87.64,1665.23,Won,89,Marie D.
SAL002081,CL00178,2024-05-05,Custom Development,one_time,13556.05,0.0,13556.05,Won,27,Karim T.
SAL001629,CL00132,2024-05-06,Lex Subscription,subscription,704.97,105.75,599.22,Won,44,Karim T.
SAL000095,CL00011,2024-05-06,Custom Development,one_time,11786.16,0.0,11786.16,Won,51,Karim T.
SAL004855,CL00399,2024-05-06,Core Premium,subscription,4383.28,219.16,4164.12,Won,21,Léa M.
SAL000588,CL00057,2024-05-07,Premium Support,subscription,301.05,0.0,301.05,Won,7,Marie D.
SAL004212,CL00348,2024-05-08,Premium Support,subscription,492.93,0.0,492.93,Won,84,Léa M.
SAL004608,CL00380,2024-05-08,Lex Subscription,subscription,820.03,0.0,820.03,Won,59,Léa M.
SAL001431,CL00121,2024-05-08,Core Premium,subscription,2904.56,290.46,2614.1,Won,80,Amine B.
SAL005595,CL00461,2024-05-09,Ledger Subscription,subscription,869.15,43.46,825.69,Won,80,Marie D.
SAL001465,CL00122,2024-05-10,Lex Subscription,subscription,1432.36,143.24,1289.12,Won,62,Marie D.
SAL006081,CL00498,2024-05-10,Training & Onboarding,one_time,2021.09,101.05,1920.04,Won,20,Léa M.
SAL004187,CL00347,2024-05-10,Core Premium,subscription,2065.48,0.0,2065.48,Won,65,Karim T.
SAL005761,CL00477,2024-05-10,Premium Support,subscription,299.38,0.0,299.38,Won,9,Sophie L.
SAL000594,CL00057,2024-05-10,Training & Onboarding,one_time,2156.76,323.51,1833.25,Won,48,Marie D.
SAL005046,CL00415,2024-05-12,Training & Onboarding,one_time,2735.04,410.26,2324.78,Won,11,Amine B.
SAL003484,CL00294,2024-05-13,Core Premium,subscription,2745.64,0.0,2745.64,Won,58,Amine B.
SAL003328,CL00281,2024-05-14,Training & Onboarding,one_time,1003.21,100.32,902.89,Won,12,Amine B.
SAL002567,CL00222,2024-05-14,Core Premium,subscription,4909.8,0.0,4909.8,Won,90,Léa M.
SAL003778,CL00322,2024-05-15,Lex Subscription,subscription,1290.42,0.0,1290.42,Won,57,Sophie L.
SAL005271,CL00430,2024-05-15,Lex Subscription,subscription,1330.72,266.14,1064.58,Won,75,Marie D.
SAL005312,CL00435,2024-05-15,Premium Support,subscription,700.29,0.0,700.29,Won,37,Léa M.
SAL004750,CL00395,2024-05-15,Premium Support,subscription,392.46,19.62,372.84,Won,70,Karim T.
SAL003955,CL00334,2024-05-16,Vector Subscription,subscription,1362.83,68.14,1294.69,Won,31,Karim T.
SAL004701,CL00387,2024-05-16,Training & Onboarding,one_time,4864.42,0.0,4864.42,Won,41,Amine B.
SAL005809,CL00479,2024-05-16,Training & Onboarding,one_time,3898.88,194.94,3703.94,Won,77,Yanis F.
SAL001882,CL00158,2024-05-16,Premium Support,subscription,605.84,0.0,605.84,Won,40,Sophie L.
SAL003781,CL00322,2024-05-17,Vector Subscription,subscription,1034.2,103.42,930.78,Won,20,Sophie L.
SAL004269,CL00352,2024-05-18,Training & Onboarding,one_time,4629.1,0.0,4629.1,Won,24,Léa M.
SAL005982,CL00491,2024-05-18,Ledger Subscription,subscription,764.68,114.7,649.98,Won,13,Amine B.
SAL002523,CL00220,2024-05-19,Ledger Subscription,subscription,715.14,107.27,607.87,Won,28,Amine B.
SAL003857,CL00330,2024-05-20,Premium Support,subscription,786.76,0.0,786.76,Won,20,Léa M.
SAL002795,CL00241,2024-05-21,Training & Onboarding,one_time,3305.64,330.56,2975.08,Won,70,Amine B.
SAL000830,CL00074,2024-05-21,Core Premium,subscription,2453.25,0.0,2453.25,Won,42,Léa M.
SAL000285,CL00027,2024-05-21,Ledger Subscription,subscription,1183.3,118.33,1064.97,Won,32,Amine B.
SAL004784,CL00397,2024-05-21,Core Premium,subscription,2692.75,0.0,2692.75,Won,86,Yanis F.
SAL005476,CL00451,2024-05-21,Training & Onboarding,one_time,2676.67,0.0,2676.67,Won,32,Marie D.
SAL005606,CL00461,2024-05-22,Ledger Subscription,subscription,804.34,0.0,804.34,Won,47,Marie D.
SAL005598,CL00461,2024-05-23,Premium Support,subscription,730.14,73.01,657.13,Won,28,Marie D.
SAL002579,CL00222,2024-05-23,Lex Subscription,subscription,695.54,0.0,695.54,Won,30,Léa M.
SAL004268,CL00352,2024-05-23,Training & Onboarding,one_time,4410.3,0.0,4410.3,Won,80,Léa M.
SAL000177,CL00014,2024-05-24,Premium Support,subscription,482.02,0.0,482.02,Won,66,Yanis F.
SAL003482,CL00294,2024-05-24,Core Premium,subscription,1718.91,0.0,1718.91,Won,92,Amine B.
SAL005259,CL00430,2024-05-24,Ledger Subscription,subscription,347.33,0.0,347.33,Won,77,Marie D.
SAL005647,CL00465,2024-05-24,Custom Development,one_time,20231.47,3034.72,17196.75,Won,30,Marie D.
SAL001468,CL00122,2024-05-25,Vector Subscription,subscription,660.82,33.04,627.78,Won,20,Marie D.
SAL005996,CL00491,2024-05-25,Vector Subscription,subscription,1690.13,84.51,1605.62,Won,20,Amine B.
SAL004485,CL00371,2024-05-25,Premium Support,subscription,209.31,0.0,209.31,Won,67,Léa M.
SAL000272,CL00027,2024-05-25,Custom Development,one_time,26773.59,0.0,26773.59,Won,25,Amine B.
SAL005811,CL00479,2024-05-25,Core Premium,subscription,1744.53,0.0,1744.53,Won,118,Yanis F.
SAL004476,CL00371,2024-05-25,Premium Support,subscription,442.82,22.14,420.68,Won,41,Léa M.
SAL003110,CL00262,2024-05-26,Ledger Subscription,subscription,321.27,32.13,289.14,Won,46,Yanis F.
SAL004109,CL00342,2024-05-26,Custom Development,one_time,7215.75,0.0,7215.75,Won,87,Amine B.
SAL005612,CL00461,2024-05-26,Core Premium,subscription,4649.2,697.38,3951.82,Won,8,Marie D.
SAL002029,CL00176,2024-05-26,Vector Subscription,subscription,701.98,70.2,631.78,Won,42,Yanis F.
SAL002195,CL00190,2024-05-27,Core Premium,subscription,2944.07,0.0,2944.07,Won,56,Marie D.
SAL002113,CL00182,2024-05-27,Ledger Subscription,subscription,409.88,81.98,327.9,Won,86,Marie D.
SAL002598,CL00224,2024-05-27,Core Premium,subscription,1523.2,0.0,1523.2,Won,62,Karim T.
SAL002811,CL00241,2024-05-27,Premium Support,subscription,547.22,0.0,547.22,Won,32,Amine B.
SAL001613,CL00132,2024-05-27,Premium Support,subscription,378.82,75.76,303.06,Won,36,Karim T.
SAL004491,CL00371,2024-05-28,Vector Subscription,subscription,857.94,171.59,686.35,Won,13,Léa M.
SAL005054,CL00415,2024-05-28,Lex Subscription,subscription,548.31,27.42,520.89,Won,52,Amine B.
SAL003181,CL00270,2024-05-29,Training & Onboarding,one_time,3176.65,0.0,3176.65,Won,32,Amine B.
SAL003340,CL00281,2024-05-29,Training & Onboarding,one_time,1135.75,0.0,1135.75,Won,28,Amine B.
SAL002960,CL00253,2024-05-29,Ledger Subscription,subscription,507.23,0.0,507.23,Won,68,Yanis F.
SAL001894,CL00162,2024-05-30,Ledger Subscription,subscription,1186.15,0.0,1186.15,Won,36,Marie D.
SAL003349,CL00283,2024-05-31,Ledger Subscription,subscription,1016.09,101.61,914.48,Won,57,Yanis F.
SAL004834,CL00399,2024-06-01,Ledger Subscription,subscription,533.63,53.36,480.27,Won,89,Léa M.
SAL000507,CL00053,2024-06-02,Core Premium,subscription,3617.96,0.0,3617.96,Won,52,Amine B.
SAL001875,CL00156,2024-06-02,Premium Support,subscription,742.29,74.23,668.06,Won,7,Karim T.
SAL004594,CL00380,2024-06-02,Training & Onboarding,one_time,1739.78,173.98,1565.8,Won,54,Léa M.
SAL000252,CL00027,2024-06-03,Training & Onboarding,one_time,1350.27,202.54,1147.73,Won,106,Amine B.
SAL001880,CL00158,2024-06-03,Vector Subscription,subscription,652.97,97.94,555.03,Won,16,Sophie L.
SAL001881,CL00158,2024-06-03,Lex Subscription,subscription,455.8,0.0,455.8,Won,49,Sophie L.
SAL000271,CL00027,2024-06-03,Custom Development,one_time,26687.14,5337.43,21349.71,Won,47,Amine B.
SAL004684,CL00386,2024-06-04,Training & Onboarding,one_time,1149.95,0.0,1149.95,Won,52,Yanis F.
SAL000256,CL00027,2024-06-04,Core Premium,subscription,2547.3,254.73,2292.57,Won,77,Amine B.
SAL005488,CL00452,2024-06-04,Custom Development,one_time,29179.63,0.0,29179.63,Won,96,Karim T.
SAL003592,CL00302,2024-06-04,Custom Development,one_time,21925.12,1096.26,20828.86,Won,37,Karim T.
SAL004762,CL00395,2024-06-04,Lex Subscription,subscription,1110.72,111.07,999.65,Won,89,Karim T.
SAL002206,CL00190,2024-06-04,Core Premium,subscription,4971.49,0.0,4971.49,Won,58,Marie D.
SAL005507,CL00452,2024-06-05,Custom Development,one_time,27349.31,0.0,27349.31,Won,85,Karim T.
SAL004482,CL00371,2024-06-06,Lex Subscription,subscription,446.77,22.34,424.43,Won,80,Léa M.
SAL004256,CL00350,2024-06-06,Custom Development,one_time,13795.86,0.0,13795.86,Won,65,Yanis F.
SAL005034,CL00415,2024-06-07,Core Premium,subscription,2772.52,0.0,2772.52,Won,64,Amine B.
SAL006068,CL00498,2024-06-07,Custom Development,one_time,25817.17,3872.58,21944.59,Won,25,Léa M.
SAL004615,CL00380,2024-06-08,Premium Support,subscription,405.31,0.0,405.31,Won,42,Léa M.
SAL002284,CL00199,2024-06-08,Vector Subscription,subscription,1469.47,0.0,1469.47,Won,10,Yanis F.
SAL001604,CL00131,2024-06-08,Premium Support,subscription,758.81,0.0,758.81,Won,28,Marie D.
SAL006058,CL00498,2024-06-09,Training & Onboarding,one_time,3454.04,172.7,3281.34,Won,62,Léa M.
SAL003825,CL00327,2024-06-09,Core Premium,subscription,2245.24,0.0,2245.24,Won,42,Sophie L.
SAL003490,CL00294,2024-06-11,Lex Subscription,subscription,1184.24,59.21,1125.03,Won,91,Amine B.
SAL004675,CL00386,2024-06-11,Custom Development,one_time,19035.79,1903.58,17132.21,Won,53,Yanis F.
SAL003430,CL00291,2024-06-11,Core Premium,subscription,4870.63,243.53,4627.1,Won,87,Marie D.
SAL005820,CL00479,2024-06-11,Core Premium,subscription,2628.87,0.0,2628.87,Won,30,Yanis F.
SAL003913,CL00331,2024-06-12,Premium Support,subscription,559.28,0.0,559.28,Won,84,Léa M.
SAL002068,CL00178,2024-06-12,Training & Onboarding,one_time,2079.84,0.0,2079.84,Won,96,Karim T.
SAL000103,CL00011,2024-06-12,Lex Subscription,subscription,698.94,0.0,698.94,Won,68,Karim T.
SAL000521,CL00053,2024-06-12,Core Premium,subscription,3293.86,494.08,2799.78,Won,22,Amine B.
SAL003335,CL00281,2024-06-12,Ledger Subscription,subscription,407.84,81.57,326.27,Won,66,Amine B.
SAL000178,CL00014,2024-06-13,Custom Development,one_time,9364.56,0.0,9364.56,Won,14,Yanis F.
SAL005474,CL00451,2024-06-13,Premium Support,subscription,423.29,0.0,423.29,Won,58,Marie D.
SAL004665,CL00386,2024-06-13,Custom Development,one_time,26787.51,1339.38,25448.13,Won,37,Yanis F.
SAL003972,CL00335,2024-06-13,Custom Development,one_time,7790.62,0.0,7790.62,Won,64,Léa M.
SAL004866,CL00399,2024-06-14,Training & Onboarding,one_time,2861.61,286.16,2575.45,Won,76,Léa M.
SAL005764,CL00477,2024-06-14,Custom Development,one_time,10944.39,1094.44,9849.95,Won,39,Sophie L.
SAL001415,CL00121,2024-06-15,Training & Onboarding,one_time,2747.5,137.37,2610.13,Won,23,Amine B.
SAL002961,CL00253,2024-06-15,Core Premium,subscription,2143.28,0.0,2143.28,Won,55,Yanis F.
SAL004004,CL00335,2024-06-15,Lex Subscription,subscription,1438.86,287.77,1151.09,Won,53,Léa M.
SAL001617,CL00132,2024-06-15,Vector Subscription,subscription,1699.68,84.98,1614.7,Won,39,Karim T.
SAL000083,CL00009,2024-06-15,Vector Subscription,subscription,1652.8,0.0,1652.8,Won,8,Amine B.
SAL004303,CL00355,2024-06-15,Training & Onboarding,one_time,2664.25,0.0,2664.25,Won,85,Marie D.
SAL004199,CL00347,2024-06-16,Vector Subscription,subscription,1697.27,0.0,1697.27,Won,57,Karim T.
SAL004478,CL00371,2024-06-16,Custom Development,one_time,13332.76,0.0,13332.76,Won,16,Léa M.
SAL002122,CL00182,2024-06-17,Lex Subscription,subscription,1141.82,0.0,1141.82,Won,33,Marie D.
SAL003314,CL00281,2024-06-18,Core Premium,subscription,2102.31,0.0,2102.31,Won,29,Amine B.
SAL003881,CL00330,2024-06-18,Vector Subscription,subscription,1650.9,0.0,1650.9,Won,31,Léa M.
SAL004596,CL00380,2024-06-18,Core Premium,subscription,1915.69,0.0,1915.69,Won,41,Léa M.
SAL005519,CL00455,2024-06-18,Lex Subscription,subscription,1457.8,72.89,1384.91,Won,62,Sophie L.
SAL005496,CL00452,2024-06-18,Lex Subscription,subscription,1750.62,0.0,1750.62,Won,23,Karim T.
SAL004534,CL00374,2024-06-19,Core Premium,subscription,2626.21,525.24,2100.97,Won,55,Léa M.
SAL004685,CL00387,2024-06-19,Training & Onboarding,one_time,4582.84,0.0,4582.84,Won,56,Amine B.
SAL004700,CL00387,2024-06-20,Core Premium,subscription,5570.16,835.52,4734.64,Won,86,Amine B.
SAL005498,CL00452,2024-06-20,Lex Subscription,subscription,737.49,0.0,737.49,Won,108,Karim T.
SAL004844,CL00399,2024-06-20,Vector Subscription,subscription,1499.35,74.97,1424.38,Won,82,Léa M.
SAL002836,CL00241,2024-06-21,Training & Onboarding,one_time,1499.99,150.0,1349.99,Won,59,Amine B.
SAL004981,CL00407,2024-06-21,Vector Subscription,subscription,1987.84,198.78,1789.06,Won,74,Karim T.
SAL004983,CL00407,2024-06-22,Lex Subscription,subscription,1104.72,0.0,1104.72,Won,30,Karim T.
SAL003315,CL00281,2024-06-22,Lex Subscription,subscription,1032.17,51.61,980.56,Won,55,Amine B.
SAL002689,CL00235,2024-06-22,Premium Support,subscription,633.21,63.32,569.89,Won,65,Yanis F.
SAL002075,CL00178,2024-06-23,Premium Support,subscription,696.55,34.83,661.72,Won,58,Karim T.
SAL004167,CL00347,2024-06-23,Ledger Subscription,subscription,985.4,0.0,985.4,Won,74,Karim T.
SAL001248,CL00107,2024-06-23,Training & Onboarding,one_time,3983.7,0.0,3983.7,Won,61,Yanis F.
SAL004770,CL00395,2024-06-23,Ledger Subscription,subscription,435.1,43.51,391.59,Won,82,Karim T.
SAL000270,CL00027,2024-06-24,Lex Subscription,subscription,901.98,180.4,721.58,Won,85,Amine B.
SAL001697,CL00136,2024-06-24,Ledger Subscription,subscription,394.04,0.0,394.04,Won,80,Karim T.
SAL001899,CL00162,2024-06-24,Premium Support,subscription,322.68,0.0,322.68,Won,19,Marie D.
SAL004103,CL00342,2024-06-25,Premium Support,subscription,590.05,0.0,590.05,Won,84,Amine B.
SAL005270,CL00430,2024-06-25,Ledger Subscription,subscription,940.83,94.08,846.75,Won,55,Marie D.
SAL003822,CL00327,2024-06-25,Training & Onboarding,one_time,3652.04,0.0,3652.04,Won,72,Sophie L.
SAL004605,CL00380,2024-06-25,Lex Subscription,subscription,1454.17,218.13,1236.04,Won,50,Léa M.
SAL000286,CL00027,2024-06-25,Custom Development,one_time,5727.23,0.0,5727.23,Won,79,Amine B.
SAL004492,CL00371,2024-06-25,Ledger Subscription,subscription,1109.74,0.0,1109.74,Won,57,Léa M.
SAL004116,CL00342,2024-06-26,Ledger Subscription,subscription,517.12,25.86,491.26,Won,15,Amine B.
SAL003308,CL00280,2024-06-27,Core Premium,subscription,3234.28,485.14,2749.14,Won,22,Léa M.
SAL003988,CL00335,2024-06-27,Premium Support,subscription,696.76,34.84,661.92,Won,98,Léa M.
SAL001135,CL00100,2024-06-28,Lex Subscription,subscription,622.57,62.26,560.31,Won,36,Marie D.
SAL004021,CL00335,2024-06-28,Ledger Subscription,subscription,397.44,0.0,397.44,Won,68,Léa M.
SAL003595,CL00302,2024-06-28,Vector Subscription,subscription,2234.63,335.19,1899.44,Won,30,Karim T.
SAL005605,CL00461,2024-06-29,Lex Subscription,subscription,1091.5,54.57,1036.93,Won,16,Marie D.
SAL003836,CL00328,2024-07-01,Core Premium,subscription,2920.72,292.07,2628.65,Won,47,Yanis F.
SAL002867,CL00244,2024-07-01,Training & Onboarding,one_time,615.65,92.35,523.3,Won,64,Amine B.
SAL005768,CL00477,2024-07-01,Custom Development,one_time,9892.88,989.29,8903.59,Won,74,Sophie L.
SAL003497,CL00294,2024-07-01,Vector Subscription,subscription,1004.77,50.24,954.53,Won,41,Amine B.
SAL004635,CL00382,2024-07-01,Lex Subscription,subscription,590.83,88.62,502.21,Won,26,Marie D.
SAL003423,CL00291,2024-07-02,Training & Onboarding,one_time,1991.89,99.59,1892.3,Won,10,Marie D.
SAL001138,CL00100,2024-07-02,Lex Subscription,subscription,629.58,31.48,598.1,Won,32,Marie D.
SAL002695,CL00235,2024-07-02,Ledger Subscription,subscription,627.37,0.0,627.37,Won,67,Yanis F.
SAL001895,CL00162,2024-07-02,Vector Subscription,subscription,459.25,0.0,459.25,Won,14,Marie D.
SAL002936,CL00251,2024-07-02,Ledger Subscription,subscription,190.49,0.0,190.49,Won,54,Sophie L.
SAL004624,CL00382,2024-07-03,Premium Support,subscription,162.22,0.0,162.22,Won,13,Marie D.
SAL004662,CL00386,2024-07-03,Premium Support,subscription,258.04,51.61,206.43,Won,40,Yanis F.
SAL004173,CL00347,2024-07-04,Custom Development,one_time,12781.73,0.0,12781.73,Won,100,Karim T.
SAL004197,CL00347,2024-07-05,Premium Support,subscription,111.62,5.58,106.04,Won,33,Karim T.
SAL004160,CL00347,2024-07-05,Custom Development,one_time,7400.95,0.0,7400.95,Won,32,Karim T.
SAL000172,CL00014,2024-07-05,Custom Development,one_time,14118.33,0.0,14118.33,Won,54,Yanis F.
SAL000167,CL00014,2024-07-05,Training & Onboarding,one_time,2565.39,0.0,2565.39,Won,30,Yanis F.
SAL002118,CL00182,2024-07-06,Core Premium,subscription,1942.42,291.36,1651.06,Won,34,Marie D.
SAL003960,CL00334,2024-07-06,Custom Development,one_time,16368.29,0.0,16368.29,Won,32,Karim T.
SAL003842,CL00328,2024-07-06,Training & Onboarding,one_time,2594.29,259.43,2334.86,Won,37,Yanis F.
SAL000652,CL00061,2024-07-07,Premium Support,subscription,416.17,0.0,416.17,Won,9,Sophie L.
SAL000597,CL00057,2024-07-07,Lex Subscription,subscription,655.19,32.76,622.43,Won,10,Marie D.
SAL004524,CL00374,2024-07-07,Ledger Subscription,subscription,260.33,0.0,260.33,Won,44,Léa M.
SAL005947,CL00487,2024-07-07,Ledger Subscription,subscription,524.54,26.23,498.31,Won,8,Yanis F.
SAL004216,CL00348,2024-07-08,Vector Subscription,subscription,386.6,38.66,347.94,Won,33,Léa M.
SAL001136,CL00100,2024-07-08,Premium Support,subscription,233.32,0.0,233.32,Won,74,Marie D.
SAL003425,CL00291,2024-07-08,Training & Onboarding,one_time,841.48,126.22,715.26,Won,76,Marie D.
SAL004229,CL00348,2024-07-09,Vector Subscription,subscription,568.52,0.0,568.52,Won,50,Léa M.
SAL004102,CL00342,2024-07-09,Core Premium,subscription,2451.43,0.0,2451.43,Won,64,Amine B.
SAL004132,CL00344,2024-07-09,Ledger Subscription,subscription,601.83,60.18,541.65,Won,18,Marie D.
SAL004973,CL00407,2024-07-09,Lex Subscription,subscription,238.89,47.78,191.11,Won,65,Karim T.
SAL006057,CL00498,2024-07-09,Ledger Subscription,subscription,183.5,18.35,165.15,Won,58,Léa M.
SAL000970,CL00081,2024-07-10,Lex Subscription,subscription,781.4,78.14,703.26,Won,33,Léa M.
SAL004756,CL00395,2024-07-10,Premium Support,subscription,409.57,20.48,389.09,Won,52,Karim T.
SAL002394,CL00205,2024-07-11,Training & Onboarding,one_time,1095.86,54.79,1041.07,Won,70,Amine B.
SAL003838,CL00328,2024-07-11,Vector Subscription,subscription,767.2,38.36,728.84,Won,8,Yanis F.
SAL001427,CL00121,2024-07-11,Training & Onboarding,one_time,1909.62,0.0,1909.62,Won,77,Amine B.
SAL000173,CL00014,2024-07-12,Custom Development,one_time,10841.32,1084.13,9757.19,Won,58,Yanis F.
SAL004786,CL00397,2024-07-13,Lex Subscription,subscription,298.08,59.62,238.46,Won,64,Yanis F.
SAL004847,CL00399,2024-07-13,Ledger Subscription,subscription,329.55,0.0,329.55,Won,40,Léa M.
SAL004602,CL00380,2024-07-13,Training & Onboarding,one_time,698.31,0.0,698.31,Won,18,Léa M.
SAL005489,CL00452,2024-07-13,Core Premium,subscription,2943.95,147.2,2796.75,Won,77,Karim T.
SAL000292,CL00027,2024-07-14,Core Premium,subscription,1825.36,0.0,1825.36,Won,92,Amine B.
SAL005148,CL00423,2024-07-14,Custom Development,one_time,15442.37,2316.35,13126.02,Won,58,Marie D.
SAL005950,CL00487,2024-07-14,Training & Onboarding,one_time,1565.69,78.28,1487.41,Won,82,Yanis F.
SAL006055,CL00498,2024-07-15,Custom Development,one_time,10215.2,0.0,10215.2,Won,95,Léa M.
SAL005504,CL00452,2024-07-15,Lex Subscription,subscription,722.38,0.0,722.38,Won,64,Karim T.
SAL005883,CL00482,2024-07-16,Vector Subscription,subscription,1056.4,105.64,950.76,Won,78,Yanis F.
SAL002680,CL00235,2024-07-16,Custom Development,one_time,11939.83,0.0,11939.83,Won,89,Yanis F.
SAL004126,CL00344,2024-07-16,Premium Support,subscription,382.05,57.31,324.74,Won,40,Marie D.
SAL005520,CL00455,2024-07-17,Training & Onboarding,one_time,1386.66,138.67,1247.99,Won,47,Sophie L.
SAL004100,CL00342,2024-07-17,Training & Onboarding,one_time,757.96,0.0,757.96,Won,23,Amine B.
SAL004757,CL00395,2024-07-17,Core Premium,subscription,827.35,0.0,827.35,Won,87,Karim T.
SAL002280,CL00199,2024-07-18,Ledger Subscription,subscription,168.14,8.41,159.73,Won,25,Yanis F.
SAL006076,CL00498,2024-07-18,Custom Development,one_time,3132.86,0.0,3132.86,Won,45,Léa M.
SAL005484,CL00452,2024-07-18,Training & Onboarding,one_time,1576.74,0.0,1576.74,Won,91,Karim T.
SAL001257,CL00107,2024-07-18,Vector Subscription,subscription,1031.0,51.55,979.45,Won,11,Yanis F.
SAL001237,CL00107,2024-07-18,Core Premium,subscription,1086.44,54.32,1032.12,Won,10,Yanis F.
SAL002404,CL00205,2024-07-18,Premium Support,subscription,551.88,27.59,524.29,Won,71,Amine B.
SAL002641,CL00228,2024-07-18,Training & Onboarding,one_time,1695.99,0.0,1695.99,Won,31,Amine B.
SAL004282,CL00355,2024-07-19,Training & Onboarding,one_time,2032.41,101.62,1930.79,Won,34,Marie D.
SAL000844,CL00074,2024-07-20,Custom Development,one_time,13550.36,0.0,13550.36,Won,22,Léa M.
SAL005165,CL00423,2024-07-20,Premium Support,subscription,346.63,0.0,346.63,Won,75,Marie D.
SAL000913,CL00078,2024-07-21,Core Premium,subscription,2473.52,247.35,2226.17,Won,96,Yanis F.
SAL000714,CL00069,2024-07-21,Lex Subscription,subscription,491.64,73.75,417.89,Won,65,Amine B.
SAL005090,CL00417,2024-07-21,Vector Subscription,subscription,444.31,0.0,444.31,Won,60,Yanis F.
SAL002832,CL00241,2024-07-21,Lex Subscription,subscription,344.07,34.41,309.66,Won,68,Amine B.
SAL000504,CL00053,2024-07-22,Training & Onboarding,one_time,1927.21,0.0,1927.21,Won,34,Amine B.
SAL002518,CL00220,2024-07-22,Lex Subscription,subscription,478.79,0.0,478.79,Won,39,Amine B.
SAL004099,CL00342,2024-07-23,Vector Subscription,subscription,767.79,0.0,767.79,Won,47,Amine B.
SAL001469,CL00122,2024-07-23,Training & Onboarding,one_time,1280.5,64.03,1216.47,Won,75,Marie D.
SAL002398,CL00205,2024-07-25,Custom Development,one_time,10266.42,0.0,10266.42,Won,24,Amine B.
SAL004207,CL00348,2024-07-25,Training & Onboarding,one_time,941.53,47.08,894.45,Won,58,Léa M.
SAL001255,CL00107,2024-07-25,Vector Subscription,subscription,975.77,97.58,878.19,Won,56,Yanis F.
SAL000115,CL00011,2024-07-25,Lex Subscription,subscription,756.57,0.0,756.57,Won,22,Karim T.
SAL004627,CL00382,2024-07-26,Custom Development,one_time,16455.21,0.0,16455.21,Won,77,Marie D.
SAL002807,CL00241,2024-07-26,Premium Support,subscription,367.84,55.18,312.66,Won,36,Amine B.
SAL004760,CL00395,2024-07-26,Training & Onboarding,one_time,1860.4,279.06,1581.34,Won,64,Karim T.
SAL002581,CL00222,2024-07-26,Core Premium,subscription,2388.12,0.0,2388.12,Won,49,Léa M.
SAL000296,CL00027,2024-07-26,Vector Subscription,subscription,835.65,0.0,835.65,Won,34,Amine B.
SAL005873,CL00482,2024-07-26,Training & Onboarding,one_time,1925.82,192.58,1733.24,Won,43,Yanis F.
SAL000213,CL00019,2024-07-26,Core Premium,subscription,847.24,42.36,804.88,Won,49,Sophie L.
SAL004975,CL00407,2024-07-26,Core Premium,subscription,1939.19,290.88,1648.31,Won,39,Karim T.
SAL004488,CL00371,2024-07-26,Vector Subscription,subscription,927.2,0.0,927.2,Won,14,Léa M.
SAL002825,CL00241,2024-07-27,Core Premium,subscription,909.22,0.0,909.22,Won,66,Amine B.
SAL002800,CL00241,2024-07-27,Core Premium,subscription,1538.61,0.0,1538.61,Won,67,Amine B.
SAL001139,CL00100,2024-07-27,Core Premium,subscription,2577.89,128.89,2449.0,Won,27,Marie D.
SAL004226,CL00348,2024-07-27,Training & Onboarding,one_time,1263.39,0.0,1263.39,Won,45,Léa M.
SAL001361,CL00117,2024-07-28,Custom Development,one_time,14568.48,728.42,13840.06,Won,34,Léa M.
SAL002062,CL00178,2024-07-28,Ledger Subscription,subscription,544.05,54.4,489.65,Won,100,Karim T.
SAL004305,CL00355,2024-07-28,Core Premium,subscription,2263.31,0.0,2263.31,Won,21,Marie D.
SAL000719,CL00069,2024-07-28,Custom Development,one_time,18233.02,2734.95,15498.07,Won,88,Amine B.
SAL003590,CL00302,2024-07-28,Vector Subscription,subscription,632.84,0.0,632.84,Won,17,Karim T.
SAL003967,CL00334,2024-07-28,Custom Development,one_time,4691.77,0.0,4691.77,Won,58,Karim T.
SAL000599,CL00057,2024-07-29,Ledger Subscription,subscription,364.31,54.65,309.66,Won,28,Marie D.
SAL000016,CL00002,2024-07-29,Lex Subscription,subscription,730.85,73.08,657.77,Won,58,Marie D.
SAL003604,CL00302,2024-07-29,Vector Subscription,subscription,588.72,88.31,500.41,Won,14,Karim T.
SAL003888,CL00330,2024-07-29,Custom Development,one_time,11818.45,0.0,11818.45,Won,23,Léa M.
SAL003319,CL00281,2024-07-29,Training & Onboarding,one_time,1215.86,182.38,1033.48,Won,41,Amine B.
SAL000084,CL00009,2024-07-30,Training & Onboarding,one_time,1329.44,132.94,1196.5,Won,82,Amine B.
SAL000013,CL00002,2024-07-30,Core Premium,subscription,939.09,0.0,939.09,Won,47,Marie D.
SAL005819,CL00479,2024-07-31,Vector Subscription,subscription,978.83,0.0,978.83,Won,93,Yanis F.
SAL001606,CL00131,2024-07-31,Ledger Subscription,subscription,267.33,40.1,227.23,Won,70,Marie D.
SAL004689,CL00387,2024-07-31,Ledger Subscription,subscription,738.88,36.94,701.94,Won,69,Amine B.
SAL002390,CL00205,2024-08-01,Training & Onboarding,one_time,1617.49,80.87,1536.62,Won,90,Amine B.
SAL003111,CL00262,2024-08-01,Premium Support,subscription,153.85,15.38,138.47,Won,83,Yanis F.
SAL005515,CL00455,2024-08-01,Vector Subscription,subscription,459.45,0.0,459.45,Won,89,Sophie L.
SAL002918,CL00251,2024-08-01,Core Premium,subscription,2174.11,0.0,2174.11,Won,19,Sophie L.
SAL003971,CL00334,2024-08-01,Custom Development,one_time,4720.54,472.05,4248.49,Won,60,Karim T.
SAL005760,CL00477,2024-08-01,Core Premium,subscription,927.96,0.0,927.96,Won,44,Sophie L.
SAL001883,CL00158,2024-08-01,Custom Development,one_time,6585.14,329.26,6255.88,Won,43,Sophie L.
SAL001672,CL00134,2024-08-02,Ledger Subscription,subscription,505.78,50.58,455.2,Won,75,Amine B.
SAL002782,CL00241,2024-08-02,Training & Onboarding,one_time,1810.51,0.0,1810.51,Won,70,Amine B.
SAL002299,CL00199,2024-08-02,Premium Support,subscription,406.13,0.0,406.13,Won,8,Yanis F.
SAL005209,CL00425,2024-08-02,Training & Onboarding,one_time,1037.17,103.72,933.45,Won,33,Léa M.
SAL004531,CL00374,2024-08-03,Training & Onboarding,one_time,1968.59,0.0,1968.59,Won,80,Léa M.
SAL001364,CL00117,2024-08-04,Training & Onboarding,one_time,926.16,92.62,833.54,Won,115,Léa M.
SAL000821,CL00074,2024-08-04,Ledger Subscription,subscription,254.91,25.49,229.42,Won,55,Léa M.
SAL000342,CL00031,2024-08-04,Premium Support,subscription,306.79,0.0,306.79,Won,45,Marie D.
SAL004172,CL00347,2024-08-04,Training & Onboarding,one_time,1454.52,0.0,1454.52,Won,63,Karim T.
SAL000553,CL00054,2024-08-05,Custom Development,one_time,12829.75,0.0,12829.75,Won,109,Léa M.
SAL005890,CL00482,2024-08-05,Ledger Subscription,subscription,263.62,13.18,250.44,Won,42,Yanis F.
SAL005210,CL00425,2024-08-05,Ledger Subscription,subscription,247.7,0.0,247.7,Won,54,Léa M.
SAL001376,CL00117,2024-08-05,Vector Subscription,subscription,673.72,0.0,673.72,Won,93,Léa M.
SAL003491,CL00294,2024-08-06,Custom Development,one_time,4365.75,436.58,3929.17,Won,104,Amine B.
SAL003341,CL00281,2024-08-06,Custom Development,one_time,9168.26,458.41,8709.85,Won,83,Amine B.
SAL003176,CL00269,2024-08-06,Training & Onboarding,one_time,2065.13,206.51,1858.62,Won,29,Yanis F.
SAL000917,CL00078,2024-08-06,Lex Subscription,subscription,776.51,155.3,621.21,Won,111,Yanis F.
SAL002922,CL00251,2024-08-06,Training & Onboarding,one_time,1234.95,0.0,1234.95,Won,55,Sophie L.
SAL001445,CL00121,2024-08-07,Lex Subscription,subscription,699.74,34.99,664.75,Won,69,Amine B.
SAL001134,CL00100,2024-08-07,Custom Development,one_time,3656.9,0.0,3656.9,Won,56,Marie D.
SAL000648,CL00061,2024-08-07,Ledger Subscription,subscription,465.13,93.03,372.1,Won,37,Sophie L.
SAL000549,CL00054,2024-08-08,Training & Onboarding,one_time,1692.99,0.0,1692.99,Won,119,Léa M.
SAL004979,CL00407,2024-08-08,Vector Subscription,subscription,558.01,27.9,530.11,Won,63,Karim T.
SAL002575,CL00222,2024-08-08,Custom Development,one_time,6552.91,0.0,6552.91,Won,36,Léa M.
SAL003466,CL00294,2024-08-09,Training & Onboarding,one_time,2180.61,0.0,2180.61,Won,45,Amine B.
SAL005156,CL00423,2024-08-09,Core Premium,subscription,936.68,187.34,749.34,Won,52,Marie D.
SAL005214,CL00425,2024-08-09,Lex Subscription,subscription,490.61,0.0,490.61,Won,70,Léa M.
SAL002389,CL00205,2024-08-09,Vector Subscription,subscription,942.3,141.35,800.95,Won,55,Amine B.
SAL000291,CL00027,2024-08-09,Lex Subscription,subscription,770.3,0.0,770.3,Won,83,Amine B.
SAL004095,CL00341,2024-08-10,Core Premium,subscription,1352.2,202.83,1149.37,Won,98,Karim T.
SAL000655,CL00061,2024-08-10,Ledger Subscription,subscription,176.75,0.0,176.75,Won,12,Sophie L.
SAL000108,CL00011,2024-08-10,Ledger Subscription,subscription,229.11,11.46,217.65,Won,52,Karim T.
SAL000293,CL00027,2024-08-10,Core Premium,subscription,963.41,96.34,867.07,Won,31,Amine B.
SAL000150,CL00012,2024-08-10,Core Premium,subscription,2393.12,239.31,2153.81,Won,75,Yanis F.
SAL004690,CL00387,2024-08-11,Lex Subscription,subscription,821.27,41.06,780.21,Won,9,Amine B.
SAL005712,CL00471,2024-08-11,Training & Onboarding,one_time,1662.68,166.27,1496.41,Won,59,Yanis F.
SAL002699,CL00235,2024-08-11,Core Premium,subscription,1098.71,164.81,933.9,Won,53,Yanis F.
SAL000926,CL00078,2024-08-12,Training & Onboarding,one_time,1762.5,0.0,1762.5,Won,60,Yanis F.
SAL001477,CL00122,2024-08-12,Ledger Subscription,subscription,517.64,0.0,517.64,Won,11,Marie D.
SAL005089,CL00417,2024-08-13,Vector Subscription,subscription,292.69,29.27,263.42,Won,17,Yanis F.
SAL003987,CL00335,2024-08-13,Core Premium,subscription,1496.04,149.6,1346.44,Won,62,Léa M.
SAL003841,CL00328,2024-08-14,Training & Onboarding,one_time,891.9,89.19,802.71,Won,58,Yanis F.
SAL002290,CL00199,2024-08-14,Vector Subscription,subscription,909.18,0.0,909.18,Won,30,Yanis F.
SAL003179,CL00269,2024-08-14,Custom Development,one_time,11942.23,0.0,11942.23,Won,80,Yanis F.
SAL001896,CL00162,2024-08-14,Custom Development,one_time,6415.51,0.0,6415.51,Won,53,Marie D.
SAL005780,CL00479,2024-08-14,Core Premium,subscription,1009.81,0.0,1009.81,Won,105,Yanis F.
SAL002790,CL00241,2024-08-15,Core Premium,subscription,1841.92,184.19,1657.73,Won,81,Amine B.
SAL003483,CL00294,2024-08-16,Custom Development,one_time,14065.23,0.0,14065.23,Won,99,Amine B.
SAL000624,CL00059,2024-08-17,Vector Subscription,subscription,873.51,43.68,829.83,Won,82,Karim T.
SAL004170,CL00347,2024-08-17,Core Premium,subscription,2408.21,120.41,2287.8,Won,31,Karim T.
SAL003339,CL00281,2024-08-17,Core Premium,subscription,2416.61,362.49,2054.12,Won,34,Amine B.
SAL003300,CL00280,2024-08-18,Ledger Subscription,subscription,628.91,0.0,628.91,Won,33,Léa M.
SAL002520,CL00220,2024-08-18,Vector Subscription,subscription,708.56,0.0,708.56,Won,43,Amine B.
SAL000168,CL00014,2024-08-18,Premium Support,subscription,283.58,56.72,226.86,Won,37,Yanis F.
SAL004002,CL00335,2024-08-18,Custom Development,one_time,6513.98,325.7,6188.28,Won,88,Léa M.
SAL002971,CL00253,2024-08-19,Vector Subscription,subscription,437.4,65.61,371.79,Won,42,Yanis F.
SAL004477,CL00371,2024-08-19,Training & Onboarding,one_time,2191.8,0.0,2191.8,Won,59,Léa M.
SAL003589,CL00302,2024-08-19,Core Premium,subscription,2559.3,383.89,2175.41,Won,27,Karim T.
SAL004865,CL00399,2024-08-19,Vector Subscription,subscription,312.19,62.44,249.75,Won,64,Léa M.
SAL002116,CL00182,2024-08-19,Training & Onboarding,one_time,2094.93,0.0,2094.93,Won,40,Marie D.
SAL001460,CL00122,2024-08-19,Custom Development,one_time,6193.88,0.0,6193.88,Won,15,Marie D.
SAL004783,CL00397,2024-08-19,Ledger Subscription,subscription,506.53,0.0,506.53,Won,41,Yanis F.
SAL004766,CL00395,2024-08-20,Vector Subscription,subscription,902.14,0.0,902.14,Won,44,Karim T.
SAL003948,CL00334,2024-08-20,Lex Subscription,subscription,306.98,15.35,291.63,Won,42,Karim T.
SAL002296,CL00199,2024-08-20,Vector Subscription,subscription,779.87,0.0,779.87,Won,61,Yanis F.
SAL003505,CL00294,2024-08-20,Ledger Subscription,subscription,644.08,0.0,644.08,Won,29,Amine B.
SAL004124,CL00344,2024-08-20,Training & Onboarding,one_time,1186.63,0.0,1186.63,Won,81,Marie D.
SAL002166,CL00188,2024-08-20,Training & Onboarding,one_time,899.22,44.96,854.26,Won,89,Léa M.
SAL002614,CL00225,2024-08-21,Lex Subscription,subscription,315.69,31.57,284.12,Won,84,Karim T.
SAL000019,CL00002,2024-08-21,Ledger Subscription,subscription,461.89,0.0,461.89,Won,80,Marie D.
SAL003829,CL00328,2024-08-21,Training & Onboarding,one_time,1701.11,0.0,1701.11,Won,47,Yanis F.
SAL004313,CL00355,2024-08-22,Vector Subscription,subscription,824.96,0.0,824.96,Won,47,Marie D.
SAL002033,CL00176,2024-08-22,Lex Subscription,subscription,766.1,38.3,727.8,Won,10,Yanis F.
SAL001710,CL00140,2024-08-22,Core Premium,subscription,895.88,0.0,895.88,Won,55,Marie D.
SAL001607,CL00131,2024-08-23,Ledger Subscription,subscription,189.89,37.98,151.91,Won,21,Marie D.
SAL005880,CL00482,2024-08-23,Training & Onboarding,one_time,2181.67,0.0,2181.67,Won,26,Yanis F.
SAL004190,CL00347,2024-08-24,Vector Subscription,subscription,555.43,0.0,555.43,Won,104,Karim T.
SAL003616,CL00302,2024-08-24,Ledger Subscription,subscription,796.66,0.0,796.66,Won,81,Karim T.
SAL000862,CL00075,2024-08-25,Core Premium,subscription,2365.78,0.0,2365.78,Won,60,Yanis F.
SAL002736,CL00238,2024-08-25,Training & Onboarding,one_time,974.4,48.72,925.68,Won,75,Sophie L.
SAL002040,CL00176,2024-08-25,Lex Subscription,subscription,362.81,18.14,344.67,Won,88,Yanis F.
SAL000372,CL00034,2024-08-26,Training & Onboarding,one_time,1911.0,0.0,1911.0,Won,86,Amine B.
SAL002126,CL00182,2024-08-26,Ledger Subscription,subscription,429.93,42.99,386.94,Won,79,Marie D.
SAL004638,CL00382,2024-08-26,Premium Support,subscription,289.33,0.0,289.33,Won,24,Marie D.
SAL005717,CL00471,2024-08-26,Custom Development,one_time,15491.12,1549.11,13942.01,Won,84,Yanis F.
SAL004184,CL00347,2024-08-26,Lex Subscription,subscription,752.13,0.0,752.13,Won,119,Karim T.
SAL005125,CL00421,2024-08-27,Core Premium,subscription,1867.06,93.35,1773.71,Won,52,Marie D.
SAL001686,CL00136,2024-08-27,Core Premium,subscription,2074.56,207.46,1867.1,Won,90,Karim T.
SAL004968,CL00407,2024-08-27,Custom Development,one_time,10190.34,1019.03,9171.31,Won,79,Karim T.
SAL003903,CL00330,2024-08-27,Custom Development,one_time,9200.4,0.0,9200.4,Won,21,Léa M.
SAL004629,CL00382,2024-08-27,Ledger Subscription,subscription,649.41,64.94,584.47,Won,24,Marie D.
SAL005609,CL00461,2024-08-27,Ledger Subscription,subscription,237.5,11.88,225.62,Won,47,Marie D.
SAL005527,CL00455,2024-08-28,Lex Subscription,subscription,712.51,106.88,605.63,Won,109,Sophie L.
SAL000842,CL00074,2024-08-28,Training & Onboarding,one_time,815.7,0.0,815.7,Won,35,Léa M.
SAL004966,CL00407,2024-08-28,Training & Onboarding,one_time,1492.48,149.25,1343.23,Won,10,Karim T.
SAL004189,CL00347,2024-08-28,Custom Development,one_time,15604.55,1560.46,14044.09,Won,115,Karim T.
SAL004840,CL00399,2024-08-28,Vector Subscription,subscription,411.06,82.21,328.85,Won,28,Léa M.
SAL003593,CL00302,2024-08-29,Custom Development,one_time,12061.51,1206.15,10855.36,Won,89,Karim T.
SAL000914,CL00078,2024-08-29,Training & Onboarding,one_time,1926.36,0.0,1926.36,Won,47,Yanis F.
SAL002055,CL00178,2024-08-30,Ledger Subscription,subscription,539.78,0.0,539.78,Won,104,Karim T.
SAL000357,CL00034,2024-08-30,Custom Development,one_time,3659.4,0.0,3659.4,Won,58,Amine B.
SAL002169,CL00188,2024-08-30,Vector Subscription,subscription,550.25,110.05,440.2,Won,69,Léa M.
SAL000176,CL00014,2024-08-30,Custom Development,one_time,3723.49,744.7,2978.79,Won,10,Yanis F.
SAL004146,CL00346,2024-08-30,Vector Subscription,subscription,881.53,0.0,881.53,Won,23,Amine B.
SAL004600,CL00380,2024-08-30,Lex Subscription,subscription,283.3,14.17,269.13,Won,89,Léa M.
SAL002073,CL00178,2024-08-30,Training & Onboarding,one_time,1148.27,0.0,1148.27,Won,100,Karim T.
SAL005808,CL00479,2024-08-31,Custom Development,one_time,10223.63,0.0,10223.63,Won,41,Yanis F.
SAL005952,CL00487,2024-08-31,Core Premium,subscription,867.42,86.74,780.68,Won,73,Yanis F.
SAL004292,CL00355,2024-08-31,Lex Subscription,subscription,437.88,65.68,372.2,Won,46,Marie D.
SAL004753,CL00395,2024-08-31,Lex Subscription,subscription,418.01,20.9,397.11,Won,86,Karim T.
SAL003824,CL00327,2024-08-31,Premium Support,subscription,366.12,0.0,366.12,Won,62,Sophie L.
SAL005483,CL00452,2024-09-01,Lex Subscription,subscription,1468.64,0.0,1468.64,Won,75,Karim T.
SAL004810,CL00399,2024-09-02,Lex Subscription,subscription,634.83,63.48,571.35,Won,101,Léa M.
SAL002120,CL00182,2024-09-02,Premium Support,subscription,429.6,21.48,408.12,Won,81,Marie D.
SAL001539,CL00125,2024-09-02,Vector Subscription,subscription,534.86,0.0,534.86,Won,42,Amine B.
SAL002777,CL00241,2024-09-02,Lex Subscription,subscription,463.75,0.0,463.75,Won,39,Amine B.
SAL001146,CL00100,2024-09-03,Custom Development,one_time,10107.97,0.0,10107.97,Won,33,Marie D.
SAL004857,CL00399,2024-09-03,Custom Development,one_time,17572.33,1757.23,15815.1,Won,45,Léa M.
SAL003821,CL00327,2024-09-03,Custom Development,one_time,16889.93,0.0,16889.93,Won,15,Sophie L.
SAL005518,CL00455,2024-09-04,Premium Support,subscription,476.36,47.64,428.72,Won,120,Sophie L.
SAL002805,CL00241,2024-09-04,Training & Onboarding,one_time,1749.18,0.0,1749.18,Won,25,Amine B.
SAL006078,CL00498,2024-09-04,Ledger Subscription,subscription,399.95,0.0,399.95,Won,77,Léa M.
SAL001383,CL00117,2024-09-05,Vector Subscription,subscription,1337.49,66.87,1270.62,Won,75,Léa M.
SAL004532,CL00374,2024-09-05,Vector Subscription,subscription,1559.22,311.84,1247.38,Won,47,Léa M.
SAL003990,CL00335,2024-09-05,Custom Development,one_time,20090.82,0.0,20090.82,Won,52,Léa M.
SAL000725,CL00069,2024-09-05,Premium Support,subscription,570.39,114.08,456.31,Won,47,Amine B.
SAL005655,CL00465,2024-09-08,Training & Onboarding,one_time,1845.93,0.0,1845.93,Won,44,Marie D.
SAL005314,CL00435,2024-09-08,Custom Development,one_time,38078.72,0.0,38078.72,Won,90,Léa M.
SAL004692,CL00387,2024-09-08,Training & Onboarding,one_time,2062.44,206.24,1856.2,Won,24,Amine B.
SAL005987,CL00491,2024-09-08,Core Premium,subscription,2011.57,0.0,2011.57,Won,74,Amine B.
SAL000114,CL00011,2024-09-08,Vector Subscription,subscription,806.62,0.0,806.62,Won,41,Karim T.
SAL002780,CL00241,2024-09-08,Premium Support,subscription,503.07,0.0,503.07,Won,36,Amine B.
SAL004230,CL00348,2024-09-08,Premium Support,subscription,625.69,0.0,625.69,Won,18,Léa M.
SAL002330,CL00202,2024-09-09,Vector Subscription,subscription,1407.27,0.0,1407.27,Won,39,Karim T.
SAL002661,CL00231,2024-09-09,Ledger Subscription,subscription,313.12,0.0,313.12,Won,22,Marie D.
SAL004671,CL00386,2024-09-09,Lex Subscription,subscription,615.08,0.0,615.08,Won,40,Yanis F.
SAL000563,CL00054,2024-09-09,Training & Onboarding,one_time,1112.75,0.0,1112.75,Won,67,Léa M.
SAL002983,CL00254,2024-09-10,Lex Subscription,subscription,415.41,0.0,415.41,Won,78,Amine B.
SAL000074,CL00009,2024-09-11,Training & Onboarding,one_time,3007.32,601.46,2405.86,Won,78,Amine B.
SAL000533,CL00054,2024-09-12,Ledger Subscription,subscription,1091.35,109.14,982.21,Won,101,Léa M.
SAL001692,CL00136,2024-09-12,Training & Onboarding,one_time,2908.15,290.82,2617.33,Won,87,Karim T.
SAL002078,CL00178,2024-09-12,Core Premium,subscription,4690.57,0.0,4690.57,Won,87,Karim T.
SAL005119,CL00421,2024-09-12,Premium Support,subscription,777.86,116.68,661.18,Won,39,Marie D.
SAL002814,CL00241,2024-09-12,Premium Support,subscription,388.03,0.0,388.03,Won,110,Amine B.
SAL004473,CL00371,2024-09-12,Core Premium,subscription,4768.2,715.23,4052.97,Won,88,Léa M.
SAL005505,CL00452,2024-09-12,Training & Onboarding,one_time,2482.48,0.0,2482.48,Won,60,Karim T.
SAL003108,CL00262,2024-09-13,Vector Subscription,subscription,1261.93,0.0,1261.93,Won,70,Yanis F.
SAL001256,CL00107,2024-09-13,Ledger Subscription,subscription,847.56,0.0,847.56,Won,8,Yanis F.
SAL004656,CL00386,2024-09-13,Ledger Subscription,subscription,406.83,81.37,325.46,Won,54,Yanis F.
SAL002859,CL00244,2024-09-14,Premium Support,subscription,594.56,118.91,475.65,Won,64,Amine B.
SAL002335,CL00202,2024-09-14,Premium Support,subscription,374.9,56.24,318.66,Won,61,Karim T.
SAL003320,CL00281,2024-09-15,Ledger Subscription,subscription,439.01,43.9,395.11,Won,26,Amine B.
SAL004006,CL00335,2024-09-15,Core Premium,subscription,3811.82,190.59,3621.23,Won,21,Léa M.
SAL005983,CL00491,2024-09-15,Custom Development,one_time,22227.55,0.0,22227.55,Won,81,Amine B.
SAL002872,CL00244,2024-09-15,Core Premium,subscription,1962.11,98.11,1864.0,Won,10,Amine B.
SAL000288,CL00027,2024-09-15,Vector Subscription,subscription,624.75,0.0,624.75,Won,94,Amine B.
SAL005053,CL00415,2024-09-16,Lex Subscription,subscription,991.52,99.15,892.37,Won,58,Amine B.
SAL000015,CL00002,2024-09-16,Vector Subscription,subscription,1339.15,0.0,1339.15,Won,30,Marie D.
SAL003331,CL00281,2024-09-16,Ledger Subscription,subscription,822.34,0.0,822.34,Won,20,Amine B.
SAL005501,CL00452,2024-09-16,Ledger Subscription,subscription,1503.5,75.18,1428.32,Won,43,Karim T.
SAL001375,CL00117,2024-09-16,Lex Subscription,subscription,1402.44,0.0,1402.44,Won,33,Léa M.
SAL004831,CL00399,2024-09-16,Lex Subscription,subscription,1299.82,129.98,1169.84,Won,54,Léa M.
SAL001441,CL00121,2024-09-16,Ledger Subscription,subscription,676.69,67.67,609.02,Won,79,Amine B.
SAL000720,CL00069,2024-09-17,Core Premium,subscription,1971.88,0.0,1971.88,Won,58,Amine B.
SAL004231,CL00348,2024-09-17,Ledger Subscription,subscription,676.84,101.53,575.31,Won,32,Léa M.
SAL000509,CL00053,2024-09-17,Premium Support,subscription,620.87,124.17,496.7,Won,51,Amine B.
SAL000530,CL00054,2024-09-17,Lex Subscription,subscription,564.23,0.0,564.23,Won,46,Léa M.
SAL000847,CL00075,2024-09-18,Premium Support,subscription,696.58,0.0,696.58,Won,66,Yanis F.
SAL004001,CL00335,2024-09-18,Custom Development,one_time,22323.05,0.0,22323.05,Won,64,Léa M.
SAL000561,CL00054,2024-09-18,Premium Support,subscription,708.51,35.43,673.08,Won,67,Léa M.
SAL002385,CL00205,2024-09-18,Training & Onboarding,one_time,2538.34,0.0,2538.34,Won,28,Amine B.
SAL000856,CL00075,2024-09-18,Ledger Subscription,subscription,355.82,17.79,338.03,Won,75,Yanis F.
SAL005162,CL00423,2024-09-19,Lex Subscription,subscription,1494.14,224.12,1270.02,Won,50,Marie D.
SAL001357,CL00117,2024-09-19,Premium Support,subscription,248.35,0.0,248.35,Won,65,Léa M.
SAL001551,CL00125,2024-09-19,Core Premium,subscription,3566.01,178.3,3387.71,Won,20,Amine B.
SAL001639,CL00133,2024-09-19,Core Premium,subscription,3094.8,154.74,2940.06,Won,72,Sophie L.
SAL000825,CL00074,2024-09-20,Ledger Subscription,subscription,365.86,54.88,310.98,Won,38,Léa M.
SAL003890,CL00330,2024-09-20,Vector Subscription,subscription,1849.8,0.0,1849.8,Won,34,Léa M.
SAL005992,CL00491,2024-09-20,Vector Subscription,subscription,566.64,113.33,453.31,Won,86,Amine B.
SAL001448,CL00121,2024-09-20,Core Premium,subscription,2083.33,416.67,1666.66,Won,29,Amine B.
SAL004023,CL00335,2024-09-21,Vector Subscription,subscription,1246.94,187.04,1059.9,Won,23,Léa M.
SAL004769,CL00395,2024-09-21,Premium Support,subscription,342.08,0.0,342.08,Won,79,Karim T.
SAL000640,CL00061,2024-09-21,Premium Support,subscription,621.24,62.12,559.12,Won,66,Sophie L.
SAL000656,CL00061,2024-09-21,Ledger Subscription,subscription,1175.26,0.0,1175.26,Won,88,Sophie L.
SAL001661,CL00134,2024-09-21,Training & Onboarding,one_time,2720.51,0.0,2720.51,Won,35,Amine B.
SAL002951,CL00253,2024-09-22,Custom Development,one_time,26685.09,2668.51,24016.58,Won,80,Yanis F.
SAL005872,CL00482,2024-09-22,Ledger Subscription,subscription,611.24,61.12,550.12,Won,73,Yanis F.
SAL004422,CL00365,2024-09-22,Premium Support,subscription,784.17,0.0,784.17,Won,28,Sophie L.
SAL005477,CL00451,2024-09-22,Lex Subscription,subscription,1258.91,62.95,1195.96,Won,19,Marie D.
SAL003860,CL00330,2024-09-23,Premium Support,subscription,326.21,16.31,309.9,Won,56,Léa M.
SAL000130,CL00012,2024-09-23,Vector Subscription,subscription,691.65,0.0,691.65,Won,75,Yanis F.
SAL000119,CL00011,2024-09-23,Lex Subscription,subscription,883.88,44.19,839.69,Won,89,Karim T.
SAL002030,CL00176,2024-09-23,Training & Onboarding,one_time,1745.48,0.0,1745.48,Won,30,Yanis F.
SAL003884,CL00330,2024-09-23,Vector Subscription,subscription,1570.41,0.0,1570.41,Won,82,Léa M.
SAL005481,CL00452,2024-09-23,Core Premium,subscription,5083.84,0.0,5083.84,Won,25,Karim T.
SAL000341,CL00031,2024-09-24,Core Premium,subscription,3026.74,0.0,3026.74,Won,75,Marie D.
SAL003290,CL00279,2024-09-25,Core Premium,subscription,3408.03,0.0,3408.03,Won,37,Amine B.
SAL002434,CL00212,2024-09-25,Core Premium,subscription,3985.9,0.0,3985.9,Won,48,Amine B.
SAL003253,CL00277,2024-09-25,Core Premium,subscription,2224.61,444.92,1779.69,Won,35,Léa M.
SAL000784,CL00073,2024-09-25,Lex Subscription,subscription,853.17,85.32,767.85,Won,97,Yanis F.
SAL001471,CL00122,2024-09-25,Premium Support,subscription,674.56,0.0,674.56,Won,89,Marie D.
SAL004201,CL00347,2024-09-26,Ledger Subscription,subscription,731.28,0.0,731.28,Won,96,Karim T.
SAL005221,CL00425,2024-09-26,Core Premium,subscription,2339.59,0.0,2339.59,Won,73,Léa M.
SAL003359,CL00283,2024-09-26,Core Premium,subscription,4534.05,0.0,4534.05,Won,60,Yanis F.
SAL002690,CL00235,2024-09-26,Core Premium,subscription,2044.37,0.0,2044.37,Won,7,Yanis F.
SAL003883,CL00330,2024-09-27,Lex Subscription,subscription,1262.63,0.0,1262.63,Won,32,Léa M.
SAL004088,CL00341,2024-09-27,Training & Onboarding,one_time,1598.98,79.95,1519.03,Won,64,Karim T.
SAL004115,CL00342,2024-09-27,Core Premium,subscription,2992.19,0.0,2992.19,Won,73,Amine B.
SAL000845,CL00074,2024-09-27,Lex Subscription,subscription,1128.0,0.0,1128.0,Won,41,Léa M.
SAL000208,CL00019,2024-09-28,Premium Support,subscription,364.45,0.0,364.45,Won,78,Sophie L.
SAL004506,CL00371,2024-09-28,Vector Subscription,subscription,673.41,0.0,673.41,Won,67,Léa M.
SAL005136,CL00421,2024-09-28,Ledger Subscription,subscription,872.11,0.0,872.11,Won,66,Marie D.
SAL004309,CL00355,2024-09-29,Training & Onboarding,one_time,3280.74,0.0,3280.74,Won,79,Marie D.
SAL004632,CL00382,2024-09-29,Training & Onboarding,one_time,2867.79,0.0,2867.79,Won,21,Marie D.
SAL005118,CL00421,2024-09-29,Custom Development,one_time,14690.91,0.0,14690.91,Won,69,Marie D.
SAL001515,CL00124,2024-09-29,Ledger Subscription,subscription,415.33,62.3,353.03,Won,70,Sophie L.
SAL000349,CL00031,2024-09-29,Core Premium,subscription,1601.48,0.0,1601.48,Won,74,Marie D.
SAL005660,CL00465,2024-09-30,Vector Subscription,subscription,1055.09,52.75,1002.34,Won,61,Marie D.
SAL004527,CL00374,2024-09-30,Training & Onboarding,one_time,2441.49,0.0,2441.49,Won,83,Léa M.
SAL000263,CL00027,2024-09-30,Custom Development,one_time,19878.98,993.95,18885.03,Won,32,Amine B.
SAL003338,CL00281,2024-09-30,Ledger Subscription,subscription,910.87,0.0,910.87,Won,29,Amine B.
SAL001432,CL00121,2024-09-30,Custom Development,one_time,11429.63,2285.93,9143.7,Won,64,Amine B.
SAL002430,CL00212,2024-09-30,Core Premium,subscription,3233.66,485.05,2748.61,Won,27,Amine B.
SAL002431,CL00212,2024-09-30,Training & Onboarding,one_time,1847.01,0.0,1847.01,Won,80,Amine B.
SAL004862,CL00399,2024-09-30,Ledger Subscription,subscription,457.21,0.0,457.21,Won,33,Léa M.
SAL004080,CL00341,2024-10-01,Training & Onboarding,one_time,5070.78,0.0,5070.78,Won,70,Karim T.
SAL003823,CL00327,2024-10-01,Vector Subscription,subscription,2523.8,378.57,2145.23,Won,42,Sophie L.
SAL001480,CL00123,2024-10-01,Custom Development,one_time,33003.9,6600.78,26403.12,Won,72,Yanis F.
SAL004133,CL00344,2024-10-01,Training & Onboarding,one_time,2331.54,349.73,1981.81,Won,56,Marie D.
SAL001763,CL00146,2024-10-01,Training & Onboarding,one_time,5293.33,0.0,5293.33,Won,42,Marie D.
SAL003510,CL00294,2024-10-02,Core Premium,subscription,3839.39,767.88,3071.51,Won,117,Amine B.
SAL004221,CL00348,2024-10-02,Vector Subscription,subscription,1079.39,161.91,917.48,Won,50,Léa M.
SAL001649,CL00133,2024-10-02,Core Premium,subscription,3534.58,176.73,3357.85,Won,63,Sophie L.
SAL003376,CL00284,2024-10-03,Lex Subscription,subscription,1628.62,162.86,1465.76,Won,67,Léa M.
SAL000614,CL00059,2024-10-03,Ledger Subscription,subscription,627.16,0.0,627.16,Won,15,Karim T.
SAL005984,CL00491,2024-10-03,Core Premium,subscription,5427.59,542.76,4884.83,Won,81,Amine B.
SAL004512,CL00372,2024-10-03,Vector Subscription,subscription,935.0,187.0,748.0,Won,89,Yanis F.
SAL000814,CL00073,2024-10-03,Training & Onboarding,one_time,3736.18,0.0,3736.18,Won,85,Yanis F.
SAL000117,CL00011,2024-10-03,Core Premium,subscription,5023.57,1004.71,4018.86,Won,23,Karim T.
SAL001533,CL00124,2024-10-03,Vector Subscription,subscription,907.4,45.37,862.03,Won,63,Sophie L.
SAL005794,CL00479,2024-10-04,Training & Onboarding,one_time,4594.79,459.48,4135.31,Won,45,Yanis F.
SAL003293,CL00279,2024-10-04,Core Premium,subscription,6136.1,613.61,5522.49,Won,45,Amine B.
SAL004509,CL00372,2024-10-04,Vector Subscription,subscription,1747.58,0.0,1747.58,Won,89,Yanis F.
SAL002613,CL00225,2024-10-04,Custom Development,one_time,36444.44,5466.67,30977.77,Won,85,Karim T.
SAL001601,CL00131,2024-10-05,Premium Support,subscription,537.7,80.66,457.04,Won,36,Marie D.
SAL005799,CL00479,2024-10-05,Core Premium,subscription,4940.95,247.05,4693.9,Won,104,Yanis F.
SAL006007,CL00494,2024-10-05,Core Premium,subscription,3734.6,373.46,3361.14,Won,76,Amine B.
SAL003992,CL00335,2024-10-06,Premium Support,subscription,901.79,90.18,811.61,Won,89,Léa M.
SAL004540,CL00374,2024-10-06,Core Premium,subscription,5848.54,584.85,5263.69,Won,80,Léa M.
SAL004752,CL00395,2024-10-06,Premium Support,subscription,317.3,0.0,317.3,Won,77,Karim T.
SAL004499,CL00371,2024-10-06,Training & Onboarding,one_time,3395.36,0.0,3395.36,Won,7,Léa M.
SAL002064,CL00178,2024-10-06,Training & Onboarding,one_time,3030.96,303.1,2727.86,Won,72,Karim T.
SAL005863,CL00481,2024-10-07,Ledger Subscription,subscription,1913.43,95.67,1817.76,Won,30,Karim T.
SAL002393,CL00205,2024-10-07,Core Premium,subscription,3473.21,173.66,3299.55,Won,55,Amine B.
SAL004157,CL00347,2024-10-07,Vector Subscription,subscription,2624.03,0.0,2624.03,Won,73,Karim T.
SAL003977,CL00335,2024-10-07,Premium Support,subscription,802.73,0.0,802.73,Won,20,Léa M.
SAL002691,CL00235,2024-10-07,Ledger Subscription,subscription,1055.2,0.0,1055.2,Won,36,Yanis F.
SAL001514,CL00124,2024-10-08,Ledger Subscription,subscription,662.27,0.0,662.27,Won,85,Sophie L.
SAL000713,CL00069,2024-10-08,Ledger Subscription,subscription,1443.24,216.49,1226.75,Won,67,Amine B.
SAL005653,CL00465,2024-10-08,Custom Development,one_time,14189.15,2128.37,12060.78,Won,56,Marie D.
SAL003744,CL00319,2024-10-08,Custom Development,one_time,29138.92,2913.89,26225.03,Won,48,Karim T.
SAL001602,CL00131,2024-10-09,Core Premium,subscription,4116.69,411.67,3705.02,Won,59,Marie D.
SAL003886,CL00330,2024-10-09,Training & Onboarding,one_time,2547.88,127.39,2420.49,Won,45,Léa M.
SAL001510,CL00123,2024-10-09,Vector Subscription,subscription,2015.28,0.0,2015.28,Won,90,Yanis F.
SAL002571,CL00222,2024-10-09,Core Premium,subscription,3937.05,393.7,3543.35,Won,38,Léa M.
SAL005157,CL00423,2024-10-09,Custom Development,one_time,33480.97,6696.19,26784.78,Won,84,Marie D.
SAL003658,CL00307,2024-10-09,Lex Subscription,subscription,1083.22,54.16,1029.06,Won,76,Léa M.
SAL000870,CL00075,2024-10-10,Vector Subscription,subscription,1234.87,0.0,1234.87,Won,65,Yanis F.
SAL005263,CL00430,2024-10-10,Training & Onboarding,one_time,3995.17,0.0,3995.17,Won,53,Marie D.
SAL001729,CL00143,2024-10-10,Ledger Subscription,subscription,1191.39,59.57,1131.82,Won,29,Yanis F.
SAL005487,CL00452,2024-10-10,Custom Development,one_time,16224.44,3244.89,12979.55,Won,53,Karim T.
SAL005776,CL00479,2024-10-10,Core Premium,subscription,4988.03,0.0,4988.03,Won,106,Yanis F.
SAL002637,CL00228,2024-10-10,Ledger Subscription,subscription,1112.22,0.0,1112.22,Won,64,Amine B.
SAL000231,CL00021,2024-10-11,Premium Support,subscription,823.89,0.0,823.89,Won,15,Yanis F.
SAL000780,CL00073,2024-10-11,Custom Development,one_time,13823.75,0.0,13823.75,Won,49,Yanis F.
SAL001109,CL00094,2024-10-11,Premium Support,subscription,375.83,0.0,375.83,Won,81,Amine B.
SAL004917,CL00404,2024-10-11,Lex Subscription,subscription,761.61,152.32,609.29,Won,22,Sophie L.
SAL001370,CL00117,2024-10-11,Training & Onboarding,one_time,3626.68,0.0,3626.68,Won,22,Léa M.
SAL004217,CL00348,2024-10-12,Custom Development,one_time,22746.07,1137.3,21608.77,Won,13,Léa M.
SAL004195,CL00347,2024-10-12,Ledger Subscription,subscription,1339.51,0.0,1339.51,Won,41,Karim T.
SAL002439,CL00212,2024-10-12,Premium Support,subscription,1026.72,102.67,924.05,Won,26,Amine B.
SAL003026,CL00256,2024-10-12,Custom Development,one_time,31569.18,1578.46,29990.72,Won,120,Sophie L.
SAL003830,CL00328,2024-10-13,Training & Onboarding,one_time,4007.61,0.0,4007.61,Won,82,Yanis F.
SAL003994,CL00335,2024-10-13,Vector Subscription,subscription,2493.98,0.0,2493.98,Won,78,Léa M.
SAL005801,CL00479,2024-10-13,Core Premium,subscription,6070.3,303.51,5766.79,Won,106,Yanis F.
SAL003895,CL00330,2024-10-14,Lex Subscription,subscription,1044.1,0.0,1044.1,Won,73,Léa M.
SAL000792,CL00073,2024-10-14,Core Premium,subscription,6106.1,915.91,5190.19,Won,28,Yanis F.
SAL000893,CL00078,2024-10-15,Custom Development,one_time,19685.05,0.0,19685.05,Won,31,Yanis F.
SAL000785,CL00073,2024-10-15,Lex Subscription,subscription,796.64,39.83,756.81,Won,81,Yanis F.
SAL000722,CL00069,2024-10-15,Training & Onboarding,one_time,3331.37,0.0,3331.37,Won,61,Amine B.
SAL002125,CL00182,2024-10-15,Lex Subscription,subscription,1445.47,0.0,1445.47,Won,18,Marie D.
SAL005807,CL00479,2024-10-15,Custom Development,one_time,7765.75,0.0,7765.75,Won,82,Yanis F.
SAL005212,CL00425,2024-10-16,Core Premium,subscription,4006.66,200.33,3806.33,Won,103,Léa M.
SAL002468,CL00214,2024-10-16,Custom Development,one_time,39181.8,0.0,39181.8,Won,87,Amine B.
SAL002386,CL00205,2024-10-16,Custom Development,one_time,50315.18,2515.76,47799.42,Won,42,Amine B.
SAL005206,CL00425,2024-10-16,Core Premium,subscription,2931.95,293.2,2638.75,Won,52,Léa M.
SAL001470,CL00122,2024-10-16,Premium Support,subscription,950.46,47.52,902.94,Won,39,Marie D.
SAL005815,CL00479,2024-10-17,Core Premium,subscription,3451.91,0.0,3451.91,Won,28,Yanis F.
SAL004939,CL00405,2024-10-18,Core Premium,subscription,4328.49,865.7,3462.79,Won,55,Karim T.
SAL000662,CL00063,2024-10-19,Vector Subscription,subscription,699.27,0.0,699.27,Won,32,Yanis F.
SAL004636,CL00382,2024-10-19,Training & Onboarding,one_time,2671.4,0.0,2671.4,Won,33,Marie D.
SAL001145,CL00100,2024-10-19,Premium Support,subscription,868.65,0.0,868.65,Won,13,Marie D.
SAL001359,CL00117,2024-10-19,Premium Support,subscription,884.33,0.0,884.33,Won,120,Léa M.
SAL004657,CL00386,2024-10-19,Vector Subscription,subscription,2200.82,110.04,2090.78,Won,84,Yanis F.
SAL003427,CL00291,2024-10-19,Core Premium,subscription,2502.8,0.0,2502.8,Won,33,Marie D.
SAL000682,CL00067,2024-10-19,Core Premium,subscription,3101.85,0.0,3101.85,Won,60,Karim T.
SAL003426,CL00291,2024-10-20,Custom Development,one_time,17783.82,889.19,16894.63,Won,33,Marie D.
SAL006035,CL00496,2024-10-20,Vector Subscription,subscription,1242.35,62.12,1180.23,Won,80,Amine B.
SAL005266,CL00430,2024-10-20,Premium Support,subscription,1040.39,52.02,988.37,Won,43,Marie D.
SAL004845,CL00399,2024-10-20,Training & Onboarding,one_time,4801.97,240.1,4561.87,Won,43,Léa M.
SAL004428,CL00365,2024-10-21,Training & Onboarding,one_time,2146.5,0.0,2146.5,Won,25,Sophie L.
SAL001924,CL00165,2024-10-21,Custom Development,one_time,10081.67,504.08,9577.59,Won,60,Amine B.
SAL003984,CL00335,2024-10-21,Core Premium,subscription,5894.48,294.72,5599.76,Won,90,Léa M.
SAL001873,CL00156,2024-10-21,Ledger Subscription,subscription,579.32,0.0,579.32,Won,49,Karim T.
SAL003770,CL00321,2024-10-21,Training & Onboarding,one_time,1471.78,0.0,1471.78,Won,89,Karim T.
SAL004429,CL00365,2024-10-21,Ledger Subscription,subscription,1452.7,0.0,1452.7,Won,75,Sophie L.
SAL000747,CL00071,2024-10-21,Premium Support,subscription,475.87,0.0,475.87,Won,52,Léa M.
SAL000008,CL00002,2024-10-22,Training & Onboarding,one_time,4407.92,881.58,3526.34,Won,10,Marie D.
SAL000950,CL00081,2024-10-23,Core Premium,subscription,5649.62,847.44,4802.18,Won,52,Léa M.
SAL004063,CL00340,2024-10-24,Core Premium,subscription,4021.72,402.17,3619.55,Won,70,Sophie L.
SAL006056,CL00498,2024-10-24,Lex Subscription,subscription,2023.44,0.0,2023.44,Won,34,Léa M.
SAL001399,CL00119,2024-10-24,Premium Support,subscription,746.66,37.33,709.33,Won,80,Karim T.
SAL000854,CL00075,2024-10-24,Custom Development,one_time,29403.48,4410.52,24992.96,Won,89,Yanis F.
SAL003418,CL00289,2024-10-24,Training & Onboarding,one_time,2370.36,0.0,2370.36,Won,84,Marie D.
SAL003178,CL00269,2024-10-24,Core Premium,subscription,3572.46,535.87,3036.59,Won,15,Yanis F.
SAL000811,CL00073,2024-10-24,Lex Subscription,subscription,953.93,0.0,953.93,Won,75,Yanis F.
SAL001486,CL00123,2024-10-24,Custom Development,one_time,35841.81,0.0,35841.81,Won,48,Yanis F.
SAL005178,CL00424,2024-10-24,Core Premium,subscription,2364.77,118.24,2246.53,Won,23,Karim T.
SAL004289,CL00355,2024-10-24,Training & Onboarding,one_time,3989.36,0.0,3989.36,Won,84,Marie D.
SAL002808,CL00241,2024-10-24,Premium Support,subscription,883.13,44.16,838.97,Won,21,Amine B.
SAL001144,CL00100,2024-10-24,Custom Development,one_time,10490.4,0.0,10490.4,Won,39,Marie D.
SAL002119,CL00182,2024-10-24,Premium Support,subscription,394.76,0.0,394.76,Won,86,Marie D.
SAL003021,CL00256,2024-10-24,Lex Subscription,subscription,1281.41,0.0,1281.41,Won,20,Sophie L.
SAL004535,CL00374,2024-10-25,Ledger Subscription,subscription,1107.58,221.52,886.06,Won,24,Léa M.
SAL002070,CL00178,2024-10-25,Premium Support,subscription,337.67,0.0,337.67,Won,75,Karim T.
SAL002970,CL00253,2024-10-25,Custom Development,one_time,12344.19,2468.84,9875.35,Won,48,Yanis F.
SAL006086,CL00498,2024-10-25,Vector Subscription,subscription,2028.93,0.0,2028.93,Won,45,Léa M.
SAL006030,CL00496,2024-10-25,Custom Development,one_time,34168.65,3416.87,30751.78,Won,44,Amine B.
SAL005397,CL00443,2024-10-25,Premium Support,subscription,607.21,0.0,607.21,Won,71,Sophie L.
SAL002426,CL00212,2024-10-25,Training & Onboarding,one_time,3167.57,0.0,3167.57,Won,10,Amine B.
SAL003978,CL00335,2024-10-25,Custom Development,one_time,11887.45,594.37,11293.08,Won,27,Léa M.
SAL001057,CL00088,2024-10-25,Vector Subscription,subscription,1621.06,0.0,1621.06,Won,80,Amine B.
SAL000525,CL00054,2024-10-26,Core Premium,subscription,5176.47,258.82,4917.65,Won,82,Léa M.
SAL000819,CL00074,2024-10-26,Vector Subscription,subscription,1793.95,0.0,1793.95,Won,71,Léa M.
SAL004799,CL00398,2024-10-26,Custom Development,one_time,35162.88,0.0,35162.88,Won,67,Marie D.
SAL001410,CL00121,2024-10-26,Lex Subscription,subscription,1149.12,0.0,1149.12,Won,35,Amine B.
SAL000880,CL00075,2024-10-26,Premium Support,subscription,613.9,30.7,583.2,Won,88,Yanis F.
SAL001487,CL00123,2024-10-26,Training & Onboarding,one_time,3102.58,0.0,3102.58,Won,83,Yanis F.
SAL001394,CL00119,2024-10-27,Training & Onboarding,one_time,3526.06,0.0,3526.06,Won,30,Karim T.
SAL001504,CL00123,2024-10-27,Core Premium,subscription,2638.99,0.0,2638.99,Won,37,Yanis F.
SAL005187,CL00424,2024-10-27,Premium Support,subscription,834.66,83.47,751.19,Won,23,Karim T.
SAL003952,CL00334,2024-10-27,Training & Onboarding,one_time,3501.72,175.09,3326.63,Won,71,Karim T.
SAL002300,CL00199,2024-10-28,Premium Support,subscription,978.91,0.0,978.91,Won,76,Yanis F.
SAL006060,CL00498,2024-10-28,Custom Development,one_time,27479.78,4121.97,23357.81,Won,93,Léa M.
SAL001923,CL00165,2024-10-28,Lex Subscription,subscription,1005.96,201.19,804.77,Won,48,Amine B.
SAL003372,CL00284,2024-10-28,Core Premium,subscription,3793.88,0.0,3793.88,Won,27,Léa M.
SAL002735,CL00238,2024-10-28,Vector Subscription,subscription,754.69,0.0,754.69,Won,84,Sophie L.
SAL004134,CL00344,2024-10-28,Premium Support,subscription,325.78,16.29,309.49,Won,18,Marie D.
SAL001534,CL00124,2024-10-29,Training & Onboarding,one_time,2695.36,134.77,2560.59,Won,18,Sophie L.
SAL006062,CL00498,2024-10-29,Lex Subscription,subscription,1102.93,0.0,1102.93,Won,31,Léa M.
SAL002812,CL00241,2024-10-29,Premium Support,subscription,644.61,0.0,644.61,Won,104,Amine B.
SAL001360,CL00117,2024-10-29,Training & Onboarding,one_time,4996.89,0.0,4996.89,Won,43,Léa M.
SAL002679,CL00235,2024-10-31,Lex Subscription,subscription,1049.13,104.91,944.22,Won,62,Yanis F.
SAL002957,CL00253,2024-10-31,Custom Development,one_time,30082.95,3008.29,27074.66,Won,21,Yanis F.
SAL005076,CL00417,2024-10-31,Core Premium,subscription,2267.23,0.0,2267.23,Won,89,Yanis F.
SAL005532,CL00455,2024-10-31,Training & Onboarding,one_time,2632.64,263.26,2369.38,Won,33,Sophie L.
SAL002956,CL00253,2024-10-31,Custom Development,one_time,11665.44,1166.54,10498.9,Won,41,Yanis F.
SAL004474,CL00371,2024-10-31,Core Premium,subscription,2222.77,111.14,2111.63,Won,47,Léa M.
SAL000298,CL00027,2024-10-31,Ledger Subscription,subscription,748.92,74.89,674.03,Won,52,Amine B.
SAL002822,CL00241,2024-10-31,Lex Subscription,subscription,1571.38,0.0,1571.38,Won,52,Amine B.
SAL000786,CL00073,2024-11-01,Lex Subscription,subscription,1941.49,0.0,1941.49,Won,116,Yanis F.
SAL004278,CL00355,2024-11-01,Custom Development,one_time,37070.69,0.0,37070.69,Won,68,Marie D.
SAL000736,CL00070,2024-11-01,Training & Onboarding,one_time,4924.2,246.21,4677.99,Won,64,Yanis F.
SAL002865,CL00244,2024-11-02,Lex Subscription,subscription,975.69,48.78,926.91,Won,43,Amine B.
SAL004713,CL00389,2024-11-02,Core Premium,subscription,4092.0,0.0,4092.0,Won,42,Amine B.
SAL003474,CL00294,2024-11-02,Premium Support,subscription,296.87,0.0,296.87,Won,38,Amine B.
SAL005543,CL00455,2024-11-03,Core Premium,subscription,2169.27,108.46,2060.81,Won,47,Sophie L.
SAL000855,CL00075,2024-11-03,Core Premium,subscription,3493.77,524.07,2969.7,Won,30,Yanis F.
SAL004182,CL00347,2024-11-03,Ledger Subscription,subscription,814.27,0.0,814.27,Won,86,Karim T.
SAL003180,CL00269,2024-11-04,Premium Support,subscription,633.69,0.0,633.69,Won,19,Yanis F.
SAL002168,CL00188,2024-11-05,Training & Onboarding,one_time,4901.27,245.06,4656.21,Won,70,Léa M.
SAL004108,CL00342,2024-11-05,Core Premium,subscription,4035.29,807.06,3228.23,Won,41,Amine B.
SAL000718,CL00069,2024-11-05,Vector Subscription,subscription,2993.64,0.0,2993.64,Won,88,Amine B.
SAL003970,CL00334,2024-11-06,Training & Onboarding,one_time,4159.29,0.0,4159.29,Won,48,Karim T.
SAL001371,CL00117,2024-11-06,Vector Subscription,subscription,1733.54,86.68,1646.86,Won,56,Léa M.
SAL002508,CL00220,2024-11-06,Core Premium,subscription,4977.8,248.89,4728.91,Won,30,Amine B.
SAL001489,CL00123,2024-11-06,Core Premium,subscription,4971.61,497.16,4474.45,Won,50,Yanis F.
SAL005804,CL00479,2024-11-06,Ledger Subscription,subscription,996.64,149.5,847.14,Won,58,Yanis F.
SAL003871,CL00330,2024-11-06,Training & Onboarding,one_time,3449.24,0.0,3449.24,Won,72,Léa M.
SAL000625,CL00059,2024-11-07,Vector Subscription,subscription,1992.87,0.0,1992.87,Won,46,Karim T.
SAL003028,CL00256,2024-11-07,Premium Support,subscription,752.02,37.6,714.42,Won,41,Sophie L.
SAL002605,CL00224,2024-11-07,Premium Support,subscription,283.53,14.18,269.35,Won,41,Karim T.
SAL005126,CL00421,2024-11-08,Vector Subscription,subscription,2493.23,124.66,2368.57,Won,77,Marie D.
SAL001417,CL00121,2024-11-08,Core Premium,subscription,5395.16,0.0,5395.16,Won,47,Amine B.
SAL003873,CL00330,2024-11-08,Training & Onboarding,one_time,1675.72,251.36,1424.36,Won,32,Léa M.
SAL000717,CL00069,2024-11-08,Lex Subscription,subscription,1290.34,193.55,1096.79,Won,26,Amine B.
SAL004054,CL00340,2024-11-08,Core Premium,subscription,4994.07,749.11,4244.96,Won,62,Sophie L.
SAL003432,CL00291,2024-11-08,Training & Onboarding,one_time,1694.71,0.0,1694.71,Won,40,Marie D.
SAL000565,CL00054,2024-11-08,Ledger Subscription,subscription,1508.94,0.0,1508.94,Won,20,Léa M.
SAL004164,CL00347,2024-11-08,Ledger Subscription,subscription,651.54,0.0,651.54,Won,102,Karim T.
SAL005770,CL00477,2024-11-08,Premium Support,subscription,458.25,0.0,458.25,Won,58,Sophie L.
SAL003853,CL00329,2024-11-08,Training & Onboarding,one_time,5353.45,0.0,5353.45,Won,12,Marie D.
SAL006039,CL00496,2024-11-08,Custom Development,one_time,8168.51,0.0,8168.51,Won,12,Amine B.
SAL001762,CL00146,2024-11-08,Vector Subscription,subscription,1571.11,0.0,1571.11,Won,32,Marie D.
SAL001247,CL00107,2024-11-09,Lex Subscription,subscription,652.7,0.0,652.7,Won,83,Yanis F.
SAL002507,CL00220,2024-11-09,Premium Support,subscription,571.85,0.0,571.85,Won,84,Amine B.
SAL004623,CL00382,2024-11-09,Core Premium,subscription,5386.01,538.6,4847.41,Won,78,Marie D.
SAL000017,CL00002,2024-11-10,Custom Development,one_time,33018.17,0.0,33018.17,Won,76,Marie D.
SAL002295,CL00199,2024-11-10,Core Premium,subscription,4480.36,224.02,4256.34,Won,26,Yanis F.
SAL001061,CL00088,2024-11-10,Ledger Subscription,subscription,495.63,24.78,470.85,Won,22,Amine B.
SAL001520,CL00124,2024-11-10,Lex Subscription,subscription,1404.92,0.0,1404.92,Won,75,Sophie L.
SAL001770,CL00146,2024-11-11,Ledger Subscription,subscription,1546.23,0.0,1546.23,Won,33,Marie D.
SAL005121,CL00421,2024-11-11,Vector Subscription,subscription,684.16,0.0,684.16,Won,33,Marie D.
SAL004955,CL00405,2024-11-11,Core Premium,subscription,4166.83,0.0,4166.83,Won,45,Karim T.
SAL000968,CL00081,2024-11-11,Vector Subscription,subscription,2275.25,113.76,2161.49,Won,22,Léa M.
SAL004593,CL00380,2024-11-11,Custom Development,one_time,27231.37,0.0,27231.37,Won,70,Léa M.
SAL006054,CL00498,2024-11-11,Custom Development,one_time,32121.33,0.0,32121.33,Won,88,Léa M.
SAL002396,CL00205,2024-11-11,Vector Subscription,subscription,1797.88,89.89,1707.99,Won,90,Amine B.
SAL003247,CL00277,2024-11-11,Custom Development,one_time,29131.74,2913.17,26218.57,Won,89,Léa M.
SAL004251,CL00349,2024-11-12,Premium Support,subscription,342.09,0.0,342.09,Won,35,Yanis F.
SAL001147,CL00100,2024-11-13,Vector Subscription,subscription,1763.15,176.31,1586.84,Won,24,Marie D.
SAL003177,CL00269,2024-11-13,Vector Subscription,subscription,741.96,0.0,741.96,Won,45,Yanis F.
SAL005191,CL00424,2024-11-13,Core Premium,subscription,5393.11,1078.62,4314.49,Won,33,Karim T.
SAL004149,CL00347,2024-11-13,Training & Onboarding,one_time,3420.87,342.09,3078.78,Won,56,Karim T.
SAL005720,CL00471,2024-11-13,Training & Onboarding,one_time,3147.88,0.0,3147.88,Won,66,Yanis F.
SAL005335,CL00438,2024-11-14,Core Premium,subscription,6322.03,948.3,5373.73,Won,55,Karim T.
SAL001557,CL00125,2024-11-14,Core Premium,subscription,6420.36,642.04,5778.32,Won,67,Amine B.
SAL000781,CL00073,2024-11-14,Lex Subscription,subscription,1449.27,289.85,1159.42,Won,30,Yanis F.
SAL003036,CL00256,2024-11-14,Premium Support,subscription,408.56,20.43,388.13,Won,109,Sophie L.
SAL003358,CL00283,2024-11-15,Vector Subscription,subscription,1863.68,0.0,1863.68,Won,40,Yanis F.
SAL003322,CL00281,2024-11-15,Custom Development,one_time,20446.34,0.0,20446.34,Won,55,Amine B.
SAL004960,CL00407,2024-11-15,Training & Onboarding,one_time,4308.27,861.65,3446.62,Won,8,Karim T.
SAL000555,CL00054,2024-11-15,Core Premium,subscription,4556.85,683.53,3873.32,Won,20,Léa M.
SAL005802,CL00479,2024-11-15,Vector Subscription,subscription,2168.07,216.81,1951.26,Won,60,Yanis F.
SAL005087,CL00417,2024-11-16,Vector Subscription,subscription,2580.17,258.02,2322.15,Won,61,Yanis F.
SAL004936,CL00405,2024-11-16,Lex Subscription,subscription,1703.19,0.0,1703.19,Won,41,Karim T.
SAL003771,CL00321,2024-11-16,Ledger Subscription,subscription,688.92,0.0,688.92,Won,79,Karim T.
SAL003027,CL00256,2024-11-16,Premium Support,subscription,748.53,0.0,748.53,Won,118,Sophie L.
SAL003976,CL00335,2024-11-16,Ledger Subscription,subscription,1340.67,0.0,1340.67,Won,74,Léa M.
SAL003010,CL00256,2024-11-17,Premium Support,subscription,551.89,55.19,496.7,Won,31,Sophie L.
SAL005500,CL00452,2024-11-17,Ledger Subscription,subscription,799.39,0.0,799.39,Won,32,Karim T.
SAL004143,CL00346,2024-11-17,Lex Subscription,subscription,1304.65,130.46,1174.19,Won,72,Amine B.
SAL000004,CL00002,2024-11-17,Training & Onboarding,one_time,1971.66,197.17,1774.49,Won,90,Marie D.
SAL003305,CL00280,2024-11-18,Core Premium,subscription,4095.28,204.76,3890.52,Won,44,Léa M.
SAL002749,CL00238,2024-11-18,Premium Support,subscription,649.58,0.0,649.58,Won,64,Sophie L.
SAL004014,CL00335,2024-11-18,Core Premium,subscription,5998.13,299.91,5698.22,Won,32,Léa M.
SAL004775,CL00397,2024-11-18,Ledger Subscription,subscription,1582.21,158.22,1423.99,Won,18,Yanis F.
SAL004242,CL00349,2024-11-18,Core Premium,subscription,2955.0,0.0,2955.0,Won,9,Yanis F.
SAL003660,CL00307,2024-11-19,Premium Support,subscription,360.3,72.06,288.24,Won,29,Léa M.
SAL003989,CL00335,2024-11-19,Custom Development,one_time,39653.49,0.0,39653.49,Won,66,Léa M.
SAL002391,CL00205,2024-11-19,Custom Development,one_time,20001.3,0.0,20001.3,Won,56,Amine B.
SAL004835,CL00399,2024-11-19,Ledger Subscription,subscription,749.96,75.0,674.96,Won,36,Léa M.
SAL004018,CL00335,2024-11-19,Vector Subscription,subscription,696.22,0.0,696.22,Won,78,Léa M.
SAL003334,CL00281,2024-11-19,Premium Support,subscription,603.66,0.0,603.66,Won,30,Amine B.
SAL000529,CL00054,2024-11-19,Core Premium,subscription,3735.53,186.78,3548.75,Won,107,Léa M.
SAL001918,CL00165,2024-11-19,Core Premium,subscription,6490.24,649.02,5841.22,Won,80,Amine B.
SAL004064,CL00340,2024-11-19,Premium Support,subscription,893.13,0.0,893.13,Won,39,Sophie L.
SAL000642,CL00061,2024-11-19,Premium Support,subscription,711.44,0.0,711.44,Won,17,Sophie L.
SAL004670,CL00386,2024-11-20,Training & Onboarding,one_time,1815.82,90.79,1725.03,Won,82,Yanis F.
SAL001107,CL00094,2024-11-20,Ledger Subscription,subscription,562.38,0.0,562.38,Won,24,Amine B.
SAL003100,CL00261,2024-11-20,Training & Onboarding,one_time,2987.93,0.0,2987.93,Won,35,Yanis F.
SAL003068,CL00257,2024-11-20,Custom Development,one_time,22214.04,0.0,22214.04,Won,46,Sophie L.
SAL004604,CL00380,2024-11-20,Premium Support,subscription,1034.58,0.0,1034.58,Won,48,Léa M.
SAL000033,CL00004,2024-11-20,Premium Support,subscription,488.18,48.82,439.36,Won,54,Sophie L.
SAL001634,CL00132,2024-11-21,Premium Support,subscription,744.11,37.21,706.9,Won,80,Karim T.
SAL000859,CL00075,2024-11-21,Core Premium,subscription,2388.85,119.44,2269.41,Won,53,Yanis F.
SAL000232,CL00021,2024-11-21,Premium Support,subscription,1027.15,205.43,821.72,Won,33,Yanis F.
SAL000135,CL00012,2024-11-21,Training & Onboarding,one_time,3642.22,0.0,3642.22,Won,57,Yanis F.
SAL004818,CL00399,2024-11-21,Training & Onboarding,one_time,5091.52,254.58,4836.94,Won,62,Léa M.
SAL000032,CL00004,2024-11-22,Ledger Subscription,subscription,1028.76,0.0,1028.76,Won,20,Sophie L.
SAL005129,CL00421,2024-11-22,Vector Subscription,subscription,2604.28,130.21,2474.07,Won,41,Marie D.
SAL002823,CL00241,2024-11-22,Premium Support,subscription,606.93,0.0,606.93,Won,36,Amine B.
SAL005039,CL00415,2024-11-22,Ledger Subscription,subscription,1228.1,61.41,1166.69,Won,53,Amine B.
SAL004091,CL00341,2024-11-22,Core Premium,subscription,6224.98,622.5,5602.48,Won,117,Karim T.
SAL003243,CL00276,2024-11-23,Ledger Subscription,subscription,1030.37,0.0,1030.37,Won,20,Amine B.
SAL004953,CL00405,2024-11-23,Core Premium,subscription,3542.57,0.0,3542.57,Won,57,Karim T.
SAL001791,CL00148,2024-11-23,Custom Development,one_time,38928.44,0.0,38928.44,Won,7,Marie D.
SAL000733,CL00069,2024-11-23,Ledger Subscription,subscription,1313.38,65.67,1247.71,Won,87,Amine B.
SAL003112,CL00262,2024-11-23,Training & Onboarding,one_time,1591.26,159.13,1432.13,Won,14,Yanis F.
SAL002588,CL00223,2024-11-23,Core Premium,subscription,7289.47,0.0,7289.47,Won,82,Karim T.
SAL005366,CL00441,2024-11-24,Core Premium,subscription,4810.9,240.55,4570.35,Won,35,Sophie L.
SAL003051,CL00257,2024-11-24,Ledger Subscription,subscription,429.06,21.45,407.61,Won,24,Sophie L.
SAL001801,CL00148,2024-11-24,Core Premium,subscription,3567.87,0.0,3567.87,Won,28,Marie D.
SAL001498,CL00123,2024-11-24,Training & Onboarding,one_time,3828.25,0.0,3828.25,Won,45,Yanis F.
SAL000958,CL00081,2024-11-24,Ledger Subscription,subscription,1879.57,375.91,1503.66,Won,60,Léa M.
SAL005524,CL00455,2024-11-24,Vector Subscription,subscription,1193.78,238.76,955.02,Won,41,Sophie L.
SAL005535,CL00455,2024-11-24,Core Premium,subscription,5853.69,585.37,5268.32,Won,79,Sophie L.
SAL001665,CL00134,2024-11-24,Premium Support,subscription,614.29,92.14,522.15,Won,73,Amine B.
SAL005733,CL00474,2024-11-24,Custom Development,one_time,19090.46,0.0,19090.46,Won,51,Léa M.
SAL005211,CL00425,2024-11-25,Custom Development,one_time,18144.41,907.22,17237.19,Won,78,Léa M.
SAL005888,CL00482,2024-11-25,Custom Development,one_time,8978.41,0.0,8978.41,Won,24,Yanis F.
SAL004816,CL00399,2024-11-25,Custom Development,one_time,11125.62,0.0,11125.62,Won,104,Léa M.
SAL002560,CL00222,2024-11-25,Core Premium,subscription,2201.75,0.0,2201.75,Won,16,Léa M.
SAL000909,CL00078,2024-11-26,Custom Development,one_time,9108.14,0.0,9108.14,Won,25,Yanis F.
SAL001804,CL00149,2024-11-26,Ledger Subscription,subscription,637.85,0.0,637.85,Won,70,Karim T.
SAL003843,CL00329,2024-11-26,Training & Onboarding,one_time,2528.46,0.0,2528.46,Won,48,Marie D.
SAL004930,CL00404,2024-11-26,Ledger Subscription,subscription,823.86,0.0,823.86,Won,45,Sophie L.
SAL005332,CL00438,2024-11-26,Core Premium,subscription,6503.82,0.0,6503.82,Won,101,Karim T.
SAL001830,CL00151,2024-11-26,Premium Support,subscription,410.35,0.0,410.35,Won,44,Marie D.
SAL004298,CL00355,2024-11-26,Custom Development,one_time,34649.12,0.0,34649.12,Won,69,Marie D.
SAL001831,CL00151,2024-11-26,Vector Subscription,subscription,2928.77,0.0,2928.77,Won,72,Marie D.
SAL002399,CL00205,2024-11-27,Lex Subscription,subscription,1731.16,86.56,1644.6,Won,81,Amine B.
SAL000077,CL00009,2024-11-27,Vector Subscription,subscription,992.57,99.26,893.31,Won,78,Amine B.
SAL000892,CL00078,2024-11-27,Custom Development,one_time,13909.64,695.48,13214.16,Won,86,Yanis F.
SAL000339,CL00031,2024-11-27,Ledger Subscription,subscription,1127.48,112.75,1014.73,Won,80,Marie D.
SAL004795,CL00398,2024-11-27,Vector Subscription,subscription,756.25,113.44,642.81,Won,10,Marie D.
SAL005882,CL00482,2024-11-27,Core Premium,subscription,4251.83,637.77,3614.06,Won,77,Yanis F.
SAL004571,CL00377,2024-11-28,Ledger Subscription,subscription,446.3,44.63,401.67,Won,37,Léa M.
SAL006018,CL00494,2024-11-29,Ledger Subscription,subscription,410.13,0.0,410.13,Won,62,Amine B.
SAL004458,CL00368,2024-11-29,Premium Support,subscription,892.37,0.0,892.37,Won,59,Léa M.
SAL002875,CL00244,2024-11-29,Premium Support,subscription,816.62,40.83,775.79,Won,40,Amine B.
SAL003241,CL00276,2024-11-29,Vector Subscription,subscription,2180.84,109.04,2071.8,Won,38,Amine B.
SAL002465,CL00214,2024-11-29,Ledger Subscription,subscription,1359.01,135.9,1223.11,Won,67,Amine B.
SAL001675,CL00134,2024-11-29,Core Premium,subscription,4405.69,440.57,3965.12,Won,67,Amine B.
SAL004085,CL00341,2024-11-29,Ledger Subscription,subscription,1025.1,0.0,1025.1,Won,33,Karim T.
SAL002121,CL00182,2024-11-30,Lex Subscription,subscription,1298.73,129.87,1168.86,Won,32,Marie D.
SAL004049,CL00338,2024-11-30,Core Premium,subscription,3471.1,0.0,3471.1,Won,50,Léa M.
SAL003835,CL00328,2024-11-30,Custom Development,one_time,18859.96,0.0,18859.96,Won,17,Yanis F.
SAL002603,CL00224,2024-11-30,Lex Subscription,subscription,1667.33,250.1,1417.23,Won,56,Karim T.
SAL001647,CL00133,2024-11-30,Ledger Subscription,subscription,873.76,0.0,873.76,Won,86,Sophie L.
SAL005610,CL00461,2024-11-30,Core Premium,subscription,2357.33,0.0,2357.33,Won,39,Marie D.
SAL001792,CL00148,2024-11-30,Vector Subscription,subscription,2074.47,0.0,2074.47,Won,81,Marie D.
SAL000910,CL00078,2024-11-30,Training & Onboarding,one_time,3782.08,0.0,3782.08,Won,64,Yanis F.
SAL005298,CL00434,2024-11-30,Premium Support,subscription,820.89,0.0,820.89,Won,26,Marie D.
SAL000756,CL00071,2024-12-01,Premium Support,subscription,359.73,53.96,305.77,Won,73,Léa M.
SAL001810,CL00149,2024-12-01,Ledger Subscription,subscription,321.29,0.0,321.29,Won,27,Karim T.
SAL005052,CL00415,2024-12-01,Ledger Subscription,subscription,261.97,13.1,248.87,Won,80,Amine B.
SAL003049,CL00257,2024-12-01,Lex Subscription,subscription,991.28,0.0,991.28,Won,96,Sophie L.
SAL001637,CL00132,2024-12-01,Core Premium,subscription,2350.7,352.61,1998.09,Won,25,Karim T.
SAL005392,CL00443,2024-12-01,Training & Onboarding,one_time,1783.75,356.75,1427.0,Won,21,Sophie L.
SAL004523,CL00374,2024-12-01,Premium Support,subscription,520.03,26.0,494.03,Won,15,Léa M.
SAL004468,CL00371,2024-12-01,Training & Onboarding,one_time,1748.66,0.0,1748.66,Won,30,Léa M.
SAL002748,CL00238,2024-12-01,Premium Support,subscription,344.02,0.0,344.02,Won,10,Sophie L.
SAL002551,CL00221,2024-12-02,Custom Development,one_time,12793.12,0.0,12793.12,Won,101,Sophie L.
SAL005539,CL00455,2024-12-02,Lex Subscription,subscription,1071.4,0.0,1071.4,Won,111,Sophie L.
SAL003370,CL00284,2024-12-02,Ledger Subscription,subscription,375.9,0.0,375.9,Won,77,Léa M.
SAL003272,CL00277,2024-12-02,Training & Onboarding,one_time,1373.11,0.0,1373.11,Won,56,Léa M.
SAL005395,CL00443,2024-12-02,Vector Subscription,subscription,435.85,21.79,414.06,Won,8,Sophie L.
SAL002293,CL00199,2024-12-02,Core Premium,subscription,3303.66,330.37,2973.29,Won,82,Yanis F.
SAL002615,CL00225,2024-12-03,Vector Subscription,subscription,1008.71,50.44,958.27,Won,44,Karim T.
SAL003336,CL00281,2024-12-03,Custom Development,one_time,10373.54,518.68,9854.86,Won,29,Amine B.
SAL001650,CL00133,2024-12-04,Premium Support,subscription,419.4,20.97,398.43,Won,82,Sophie L.
SAL002778,CL00241,2024-12-04,Custom Development,one_time,11134.15,1113.41,10020.74,Won,101,Amine B.
SAL002570,CL00222,2024-12-04,Training & Onboarding,one_time,1611.83,80.59,1531.24,Won,89,Léa M.
SAL002275,CL00196,2024-12-04,Training & Onboarding,one_time,994.28,0.0,994.28,Won,84,Yanis F.
SAL001368,CL00117,2024-12-04,Ledger Subscription,subscription,407.61,40.76,366.85,Won,81,Léa M.
SAL001453,CL00121,2024-12-04,Ledger Subscription,subscription,840.68,0.0,840.68,Won,24,Amine B.
SAL002704,CL00236,2024-12-05,Training & Onboarding,one_time,1478.38,295.68,1182.7,Won,71,Yanis F.
SAL004218,CL00348,2024-12-05,Training & Onboarding,one_time,1229.05,122.9,1106.15,Won,51,Léa M.
SAL000289,CL00027,2024-12-05,Premium Support,subscription,382.67,19.13,363.54,Won,93,Amine B.
SAL001171,CL00103,2024-12-05,Ledger Subscription,subscription,647.59,0.0,647.59,Won,101,Sophie L.
SAL005049,CL00415,2024-12-05,Training & Onboarding,one_time,2382.21,0.0,2382.21,Won,10,Amine B.
SAL005854,CL00481,2024-12-05,Ledger Subscription,subscription,482.3,72.35,409.95,Won,43,Karim T.
SAL003511,CL00294,2024-12-05,Premium Support,subscription,220.9,0.0,220.9,Won,70,Amine B.
SAL000710,CL00068,2024-12-05,Training & Onboarding,one_time,1133.96,0.0,1133.96,Won,61,Marie D.
SAL005394,CL00443,2024-12-06,Vector Subscription,subscription,414.7,0.0,414.7,Won,7,Sophie L.
SAL003101,CL00261,2024-12-06,Custom Development,one_time,16374.15,0.0,16374.15,Won,16,Yanis F.
SAL004192,CL00347,2024-12-06,Core Premium,subscription,1184.56,177.68,1006.88,Won,94,Karim T.
SAL005604,CL00461,2024-12-06,Premium Support,subscription,526.31,52.63,473.68,Won,19,Marie D.
SAL001733,CL00143,2024-12-06,Core Premium,subscription,1479.06,0.0,1479.06,Won,26,Yanis F.
SAL001876,CL00156,2024-12-06,Custom Development,one_time,10154.45,507.72,9646.73,Won,77,Karim T.
SAL002348,CL00204,2024-12-07,Lex Subscription,subscription,969.82,96.98,872.84,Won,36,Yanis F.
SAL000283,CL00027,2024-12-07,Custom Development,one_time,7242.92,362.15,6880.77,Won,46,Amine B.
SAL005926,CL00486,2024-12-07,Training & Onboarding,one_time,2156.94,0.0,2156.94,Won,69,Léa M.
SAL000623,CL00059,2024-12-07,Custom Development,one_time,14655.53,0.0,14655.53,Won,37,Karim T.
SAL003760,CL00320,2024-12-08,Core Premium,subscription,1830.47,366.09,1464.38,Won,48,Yanis F.
SAL000653,CL00061,2024-12-08,Core Premium,subscription,1830.56,366.11,1464.45,Won,18,Sophie L.
SAL005290,CL00434,2024-12-08,Training & Onboarding,one_time,2471.57,370.74,2100.83,Won,33,Marie D.
SAL005695,CL00469,2024-12-08,Custom Development,one_time,23653.07,1182.65,22470.42,Won,82,Yanis F.
SAL000118,CL00011,2024-12-08,Core Premium,subscription,3324.95,166.25,3158.7,Won,8,Karim T.
SAL001660,CL00134,2024-12-08,Custom Development,one_time,19393.57,969.68,18423.89,Won,26,Amine B.
SAL002616,CL00225,2024-12-08,Vector Subscription,subscription,1101.43,0.0,1101.43,Won,32,Karim T.
SAL002798,CL00241,2024-12-08,Lex Subscription,subscription,961.03,0.0,961.03,Won,98,Amine B.
SAL003773,CL00321,2024-12-09,Lex Subscription,subscription,530.08,106.02,424.06,Won,38,Karim T.
SAL000967,CL00081,2024-12-09,Premium Support,subscription,494.78,24.74,470.04,Won,90,Léa M.
SAL002183,CL00188,2024-12-09,Custom Development,one_time,4586.98,0.0,4586.98,Won,24,Léa M.
SAL004094,CL00341,2024-12-09,Core Premium,subscription,2973.22,148.66,2824.56,Won,58,Karim T.
SAL000802,CL00073,2024-12-09,Core Premium,subscription,3289.39,0.0,3289.39,Won,57,Yanis F.
SAL002860,CL00244,2024-12-10,Lex Subscription,subscription,808.82,40.44,768.38,Won,49,Amine B.
SAL002546,CL00221,2024-12-10,Core Premium,subscription,2306.44,0.0,2306.44,Won,50,Sophie L.
SAL005536,CL00455,2024-12-10,Lex Subscription,subscription,547.39,54.74,492.65,Won,25,Sophie L.
SAL005546,CL00455,2024-12-10,Vector Subscription,subscription,509.28,0.0,509.28,Won,98,Sophie L.
SAL003892,CL00330,2024-12-10,Custom Development,one_time,16283.23,0.0,16283.23,Won,60,Léa M.
SAL000340,CL00031,2024-12-11,Premium Support,subscription,174.16,26.12,148.04,Won,9,Marie D.
SAL003398,CL00286,2024-12-11,Lex Subscription,subscription,368.71,0.0,368.71,Won,51,Yanis F.
SAL000839,CL00074,2024-12-11,Ledger Subscription,subscription,326.38,16.32,310.06,Won,36,Léa M.
SAL005939,CL00486,2024-12-11,Training & Onboarding,one_time,2536.61,0.0,2536.61,Won,77,Léa M.
SAL001620,CL00132,2024-12-12,Ledger Subscription,subscription,525.4,0.0,525.4,Won,37,Karim T.
SAL006072,CL00498,2024-12-12,Vector Subscription,subscription,1396.82,209.52,1187.3,Won,42,Léa M.
SAL005220,CL00425,2024-12-12,Custom Development,one_time,10060.42,0.0,10060.42,Won,36,Léa M.
SAL002354,CL00204,2024-12-12,Custom Development,one_time,15004.6,0.0,15004.6,Won,47,Yanis F.
SAL003013,CL00256,2024-12-12,Vector Subscription,subscription,646.07,0.0,646.07,Won,62,Sophie L.
SAL004169,CL00347,2024-12-12,Premium Support,subscription,260.09,13.0,247.09,Won,46,Karim T.
SAL000396,CL00040,2024-12-13,Training & Onboarding,one_time,2366.37,118.32,2248.05,Won,43,Amine B.
SAL003969,CL00334,2024-12-13,Training & Onboarding,one_time,2431.88,121.59,2310.29,Won,43,Karim T.
SAL002981,CL00253,2024-12-13,Custom Development,one_time,15102.14,0.0,15102.14,Won,81,Yanis F.
SAL003786,CL00322,2024-12-13,Ledger Subscription,subscription,790.77,79.08,711.69,Won,84,Sophie L.
SAL001798,CL00148,2024-12-13,Premium Support,subscription,330.71,0.0,330.71,Won,40,Marie D.
SAL004773,CL00396,2024-12-14,Core Premium,subscription,2990.56,149.53,2841.03,Won,72,Karim T.
SAL002717,CL00236,2024-12-14,Core Premium,subscription,3078.74,153.94,2924.8,Won,13,Yanis F.
SAL001433,CL00121,2024-12-14,Vector Subscription,subscription,677.0,0.0,677.0,Won,72,Amine B.
SAL004154,CL00347,2024-12-14,Vector Subscription,subscription,740.13,0.0,740.13,Won,68,Karim T.
SAL003766,CL00321,2024-12-14,Premium Support,subscription,479.6,47.96,431.64,Won,55,Karim T.
SAL002747,CL00238,2024-12-14,Lex Subscription,subscription,307.65,15.38,292.27,Won,76,Sophie L.
SAL002793,CL00241,2024-12-14,Custom Development,one_time,17813.2,0.0,17813.2,Won,81,Amine B.
SAL005534,CL00455,2024-12-14,Lex Subscription,subscription,379.72,18.99,360.73,Won,39,Sophie L.
SAL002466,CL00214,2024-12-15,Custom Development,one_time,20440.92,3066.14,17374.78,Won,50,Amine B.
SAL006015,CL00494,2024-12-15,Ledger Subscription,subscription,519.89,51.99,467.9,Won,27,Amine B.
SAL000104,CL00011,2024-12-15,Lex Subscription,subscription,559.34,27.97,531.37,Won,68,Karim T.
SAL003396,CL00286,2024-12-15,Ledger Subscription,subscription,606.29,0.0,606.29,Won,69,Yanis F.
SAL005649,CL00465,2024-12-15,Ledger Subscription,subscription,791.81,118.77,673.04,Won,82,Marie D.
SAL004038,CL00338,2024-12-16,Lex Subscription,subscription,719.82,107.97,611.85,Won,73,Léa M.
SAL001366,CL00117,2024-12-16,Training & Onboarding,one_time,2340.87,0.0,2340.87,Won,82,Léa M.
SAL000136,CL00012,2024-12-16,Core Premium,subscription,1654.19,82.71,1571.48,Won,63,Yanis F.
SAL000514,CL00053,2024-12-16,Training & Onboarding,one_time,2451.1,0.0,2451.1,Won,52,Amine B.
SAL000698,CL00067,2024-12-16,Ledger Subscription,subscription,410.8,61.62,349.18,Won,70,Karim T.
SAL000297,CL00027,2024-12-16,Custom Development,one_time,4949.93,0.0,4949.93,Won,62,Amine B.
SAL002929,CL00251,2024-12-16,Ledger Subscription,subscription,689.18,68.92,620.26,Won,46,Sophie L.
SAL005344,CL00438,2024-12-16,Premium Support,subscription,303.85,45.58,258.27,Won,87,Karim T.
SAL003649,CL00307,2024-12-16,Custom Development,one_time,15789.43,1578.94,14210.49,Won,83,Léa M.
SAL001386,CL00117,2024-12-16,Ledger Subscription,subscription,291.79,0.0,291.79,Won,97,Léa M.
SAL002527,CL00221,2024-12-16,Core Premium,subscription,2369.88,0.0,2369.88,Won,71,Sophie L.
SAL001001,CL00085,2024-12-16,Ledger Subscription,subscription,278.11,0.0,278.11,Won,57,Marie D.
SAL001482,CL00123,2024-12-17,Ledger Subscription,subscription,802.91,160.58,642.33,Won,119,Yanis F.
SAL003475,CL00294,2024-12-17,Training & Onboarding,one_time,1788.39,0.0,1788.39,Won,119,Amine B.
SAL000335,CL00031,2024-12-17,Core Premium,subscription,2257.54,112.88,2144.66,Won,41,Marie D.
SAL000164,CL00014,2024-12-17,Ledger Subscription,subscription,624.52,0.0,624.52,Won,61,Yanis F.
SAL005734,CL00474,2024-12-17,Lex Subscription,subscription,375.96,37.6,338.36,Won,63,Léa M.
SAL003923,CL00332,2024-12-17,Core Premium,subscription,3594.19,0.0,3594.19,Won,19,Amine B.
SAL006032,CL00496,2024-12-17,Core Premium,subscription,1223.03,61.15,1161.88,Won,45,Amine B.
SAL004196,CL00347,2024-12-18,Premium Support,subscription,560.99,28.05,532.94,Won,74,Karim T.
SAL000254,CL00027,2024-12-18,Custom Development,one_time,6960.38,1392.08,5568.3,Won,20,Amine B.
SAL002803,CL00241,2024-12-18,Core Premium,subscription,1734.74,0.0,1734.74,Won,25,Amine B.
SAL001367,CL00117,2024-12-18,Core Premium,subscription,3131.49,313.15,2818.34,Won,91,Léa M.
SAL005934,CL00486,2024-12-18,Training & Onboarding,one_time,941.88,94.19,847.69,Won,116,Léa M.
SAL005329,CL00438,2024-12-19,Core Premium,subscription,2677.03,0.0,2677.03,Won,92,Karim T.
SAL001559,CL00125,2024-12-19,Core Premium,subscription,3523.35,352.34,3171.01,Won,104,Amine B.
SAL001698,CL00136,2024-12-19,Training & Onboarding,one_time,1665.07,83.25,1581.82,Won,71,Karim T.
SAL001766,CL00146,2024-12-19,Premium Support,subscription,161.09,0.0,161.09,Won,29,Marie D.
SAL005377,CL00441,2024-12-19,Lex Subscription,subscription,560.18,28.01,532.17,Won,30,Sophie L.
SAL001177,CL00103,2024-12-19,Core Premium,subscription,2393.09,119.65,2273.44,Won,65,Sophie L.
SAL003837,CL00328,2024-12-20,Vector Subscription,subscription,696.01,69.6,626.41,Won,23,Yanis F.
SAL003957,CL00334,2024-12-20,Training & Onboarding,one_time,1753.08,87.65,1665.43,Won,69,Karim T.
SAL005197,CL00425,2024-12-20,Training & Onboarding,one_time,1351.38,0.0,1351.38,Won,94,Léa M.
SAL000907,CL00078,2024-12-20,Custom Development,one_time,12105.9,1815.88,10290.02,Won,98,Yanis F.
SAL001356,CL00117,2024-12-20,Ledger Subscription,subscription,367.62,0.0,367.62,Won,119,Léa M.
SAL001063,CL00088,2024-12-21,Ledger Subscription,subscription,644.09,0.0,644.09,Won,82,Amine B.
SAL003356,CL00283,2024-12-21,Training & Onboarding,one_time,1540.92,0.0,1540.92,Won,85,Yanis F.
SAL004232,CL00348,2024-12-21,Training & Onboarding,one_time,2724.01,0.0,2724.01,Won,30,Léa M.
SAL004812,CL00399,2024-12-21,Ledger Subscription,subscription,724.79,0.0,724.79,Won,114,Léa M.
SAL004965,CL00407,2024-12-21,Vector Subscription,subscription,1253.04,0.0,1253.04,Won,35,Karim T.
SAL002174,CL00188,2024-12-21,Vector Subscription,subscription,896.52,44.83,851.69,Won,64,Léa M.
SAL000394,CL00039,2024-12-21,Core Premium,subscription,2914.39,437.16,2477.23,Won,86,Marie D.
SAL002380,CL00205,2024-12-21,Lex Subscription,subscription,915.69,45.78,869.91,Won,16,Amine B.
SAL003975,CL00335,2024-12-22,Ledger Subscription,subscription,455.67,45.57,410.1,Won,76,Léa M.
SAL005923,CL00486,2024-12-22,Premium Support,subscription,292.68,14.63,278.05,Won,117,Léa M.
SAL000715,CL00069,2024-12-22,Training & Onboarding,one_time,3251.98,0.0,3251.98,Won,55,Amine B.
SAL003249,CL00277,2024-12-22,Training & Onboarding,one_time,2461.63,0.0,2461.63,Won,59,Léa M.
SAL001358,CL00117,2024-12-22,Premium Support,subscription,172.51,8.63,163.88,Won,108,Léa M.
SAL002274,CL00196,2024-12-22,Ledger Subscription,subscription,906.57,0.0,906.57,Won,69,Yanis F.
SAL002774,CL00240,2024-12-23,Training & Onboarding,one_time,2284.91,342.74,1942.17,Won,52,Léa M.
SAL004240,CL00349,2024-12-23,Ledger Subscription,subscription,242.51,0.0,242.51,Won,65,Yanis F.
SAL002171,CL00188,2024-12-23,Vector Subscription,subscription,666.4,0.0,666.4,Won,22,Léa M.
SAL004978,CL00407,2024-12-23,Ledger Subscription,subscription,596.12,0.0,596.12,Won,51,Karim T.
SAL002767,CL00240,2024-12-23,Core Premium,subscription,3313.66,0.0,3313.66,Won,84,Léa M.
SAL000365,CL00034,2024-12-23,Premium Support,subscription,339.13,50.87,288.26,Won,71,Amine B.
SAL003323,CL00281,2024-12-23,Training & Onboarding,one_time,853.27,85.33,767.94,Won,20,Amine B.
SAL001821,CL00150,2024-12-23,Lex Subscription,subscription,311.45,0.0,311.45,Won,47,Amine B.
SAL003124,CL00263,2024-12-23,Core Premium,subscription,2767.64,276.76,2490.88,Won,83,Léa M.
SAL000703,CL00068,2024-12-23,Premium Support,subscription,306.52,0.0,306.52,Won,74,Marie D.
SAL003479,CL00294,2024-12-24,Vector Subscription,subscription,989.4,0.0,989.4,Won,65,Amine B.
SAL004918,CL00404,2024-12-24,Custom Development,one_time,5462.9,273.14,5189.76,Won,33,Sophie L.
SAL001680,CL00136,2024-12-24,Core Premium,subscription,1305.12,65.26,1239.86,Won,9,Karim T.
SAL003030,CL00256,2024-12-24,Training & Onboarding,one_time,2545.86,127.29,2418.57,Won,86,Sophie L.
SAL001886,CL00160,2024-12-24,Premium Support,subscription,454.84,0.0,454.84,Won,81,Karim T.
SAL004041,CL00338,2024-12-25,Ledger Subscription,subscription,309.64,15.48,294.16,Won,13,Léa M.
SAL005611,CL00461,2024-12-25,Lex Subscription,subscription,309.1,30.91,278.19,Won,63,Marie D.
SAL001060,CL00088,2024-12-25,Training & Onboarding,one_time,2379.47,0.0,2379.47,Won,71,Amine B.
SAL001041,CL00087,2024-12-25,Training & Onboarding,one_time,2666.47,0.0,2666.47,Won,85,Amine B.
SAL005736,CL00474,2024-12-25,Vector Subscription,subscription,529.14,0.0,529.14,Won,49,Léa M.
SAL000902,CL00078,2024-12-25,Core Premium,subscription,1400.73,0.0,1400.73,Won,63,Yanis F.
SAL004423,CL00365,2024-12-25,Ledger Subscription,subscription,341.05,0.0,341.05,Won,56,Sophie L.
SAL004948,CL00405,2024-12-26,Training & Onboarding,one_time,2181.31,0.0,2181.31,Won,84,Karim T.
SAL004813,CL00399,2024-12-26,Ledger Subscription,subscription,268.08,0.0,268.08,Won,100,Léa M.
SAL001799,CL00148,2024-12-26,Training & Onboarding,one_time,2761.7,0.0,2761.7,Won,30,Marie D.
SAL001814,CL00150,2024-12-26,Vector Subscription,subscription,1096.98,0.0,1096.98,Won,48,Amine B.
SAL001443,CL00121,2024-12-26,Ledger Subscription,subscription,676.1,67.61,608.49,Won,104,Amine B.
SAL003056,CL00257,2024-12-26,Custom Development,one_time,16184.99,809.25,15375.74,Won,98,Sophie L.
SAL001054,CL00088,2024-12-26,Lex Subscription,subscription,442.41,0.0,442.41,Won,43,Amine B.
SAL004552,CL00377,2024-12-26,Training & Onboarding,one_time,2354.81,0.0,2354.81,Won,100,Léa M.
SAL000753,CL00071,2024-12-26,Vector Subscription,subscription,1061.01,0.0,1061.01,Won,58,Léa M.
SAL000127,CL00012,2024-12-26,Custom Development,one_time,12037.48,1805.62,10231.86,Won,47,Yanis F.
SAL003045,CL00256,2024-12-26,Training & Onboarding,one_time,2540.14,0.0,2540.14,Won,73,Sophie L.
SAL006085,CL00498,2024-12-26,Core Premium,subscription,2079.25,0.0,2079.25,Won,78,Léa M.
SAL002291,CL00199,2024-12-27,Ledger Subscription,subscription,437.72,0.0,437.72,Won,45,Yanis F.
SAL003750,CL00320,2024-12-27,Lex Subscription,subscription,301.17,0.0,301.17,Won,33,Yanis F.
SAL000399,CL00040,2024-12-27,Ledger Subscription,subscription,233.34,35.0,198.34,Won,59,Amine B.
SAL004805,CL00399,2024-12-27,Custom Development,one_time,9945.14,497.26,9447.88,Won,90,Léa M.
SAL002861,CL00244,2024-12-28,Premium Support,subscription,534.8,53.48,481.32,Won,88,Amine B.
SAL005545,CL00455,2024-12-28,Vector Subscription,subscription,802.98,40.15,762.83,Won,118,Sophie L.
SAL001499,CL00123,2024-12-28,Custom Development,one_time,11066.16,0.0,11066.16,Won,75,Yanis F.
SAL003614,CL00302,2024-12-28,Premium Support,subscription,502.29,0.0,502.29,Won,38,Karim T.
SAL000602,CL00057,2024-12-28,Core Premium,subscription,2281.07,0.0,2281.07,Won,38,Marie D.
SAL005413,CL00446,2024-12-28,Ledger Subscription,subscription,635.71,63.57,572.14,Won,10,Yanis F.
SAL003365,CL00283,2024-12-28,Core Premium,subscription,2924.76,0.0,2924.76,Won,30,Yanis F.
SAL005295,CL00434,2024-12-28,Lex Subscription,subscription,553.44,0.0,553.44,Won,79,Marie D.
SAL001731,CL00143,2024-12-29,Ledger Subscription,subscription,237.14,11.86,225.28,Won,86,Yanis F.
SAL003095,CL00261,2024-12-29,Training & Onboarding,one_time,2699.75,134.99,2564.76,Won,45,Yanis F.
SAL000031,CL00004,2024-12-29,Lex Subscription,subscription,743.47,0.0,743.47,Won,11,Sophie L.
SAL005373,CL00441,2024-12-29,Ledger Subscription,subscription,301.06,60.21,240.85,Won,76,Sophie L.
SAL002982,CL00253,2024-12-30,Core Premium,subscription,2842.27,0.0,2842.27,Won,36,Yanis F.
SAL005784,CL00479,2024-12-30,Premium Support,subscription,570.64,0.0,570.64,Won,75,Yanis F.
SAL002746,CL00238,2024-12-30,Vector Subscription,subscription,941.09,0.0,941.09,Won,34,Sophie L.
SAL001166,CL00103,2024-12-30,Ledger Subscription,subscription,781.72,156.34,625.38,Won,68,Sophie L.
SAL005044,CL00415,2024-12-31,Vector Subscription,subscription,799.68,39.98,759.7,Won,58,Amine B.
SAL002191,CL00190,2024-12-31,Core Premium,subscription,1757.09,87.85,1669.24,Won,78,Marie D.
SAL003353,CL00283,2024-12-31,Ledger Subscription,subscription,300.11,15.01,285.1,Won,32,Yanis F.
SAL004497,CL00371,2024-12-31,Core Premium,subscription,2034.82,0.0,2034.82,Won,88,Léa M.
SAL002462,CL00214,2024-12-31,Vector Subscription,subscription,637.66,127.53,510.13,Won,78,Amine B.
SAL000012,CL00002,2024-12-31,Custom Development,one_time,8020.16,802.02,7218.14,Won,38,Marie D.
SAL004257,CL00350,2024-12-31,Vector Subscription,subscription,1412.65,141.26,1271.39,Won,33,Yanis F.
SAL004916,CL00404,2024-12-31,Ledger Subscription,subscription,489.41,24.47,464.94,Won,32,Sophie L.
SAL002988,CL00255,2025-01-01,Custom Development,one_time,24130.91,0.0,24130.91,Won,105,Marie D.
SAL003267,CL00277,2025-01-01,Custom Development,one_time,7591.93,1138.79,6453.14,Won,69,Léa M.
SAL004853,CL00399,2025-01-02,Lex Subscription,subscription,636.9,0.0,636.9,Won,119,Léa M.
SAL003713,CL00316,2025-01-02,Vector Subscription,subscription,1744.36,174.44,1569.92,Won,86,Marie D.
SAL004826,CL00399,2025-01-02,Core Premium,subscription,2559.49,127.97,2431.52,Won,101,Léa M.
SAL002564,CL00222,2025-01-02,Lex Subscription,subscription,699.02,0.0,699.02,Won,89,Léa M.
SAL001688,CL00136,2025-01-03,Custom Development,one_time,11482.2,0.0,11482.2,Won,24,Karim T.
SAL000899,CL00078,2025-01-03,Custom Development,one_time,7866.07,1179.91,6686.16,Won,79,Yanis F.
SAL000276,CL00027,2025-01-03,Premium Support,subscription,453.15,0.0,453.15,Won,68,Amine B.
SAL004294,CL00355,2025-01-03,Ledger Subscription,subscription,1037.41,0.0,1037.41,Won,55,Marie D.
SAL005818,CL00479,2025-01-03,Training & Onboarding,one_time,3699.11,0.0,3699.11,Won,104,Yanis F.
SAL003117,CL00263,2025-01-03,Lex Subscription,subscription,1616.24,0.0,1616.24,Won,17,Léa M.
SAL001492,CL00123,2025-01-04,Premium Support,subscription,303.87,0.0,303.87,Won,38,Yanis F.
SAL000891,CL00078,2025-01-04,Lex Subscription,subscription,483.14,0.0,483.14,Won,72,Yanis F.
SAL006031,CL00496,2025-01-04,Vector Subscription,subscription,1953.4,0.0,1953.4,Won,40,Amine B.
SAL000711,CL00069,2025-01-04,Lex Subscription,subscription,946.47,94.65,851.82,Won,52,Amine B.
SAL004914,CL00404,2025-01-04,Training & Onboarding,one_time,1153.72,57.69,1096.03,Won,29,Sophie L.
SAL005661,CL00465,2025-01-05,Premium Support,subscription,730.18,146.04,584.14,Won,67,Marie D.
SAL000924,CL00078,2025-01-06,Lex Subscription,subscription,706.47,70.65,635.82,Won,65,Yanis F.
SAL003470,CL00294,2025-01-06,Lex Subscription,subscription,1174.37,58.72,1115.65,Won,120,Amine B.
SAL005390,CL00443,2025-01-06,Vector Subscription,subscription,1146.75,57.34,1089.41,Won,72,Sophie L.
SAL005164,CL00423,2025-01-06,Core Premium,subscription,5433.7,271.68,5162.02,Won,34,Marie D.
SAL000093,CL00011,2025-01-07,Core Premium,subscription,2162.94,0.0,2162.94,Won,53,Karim T.
SAL005268,CL00430,2025-01-07,Ledger Subscription,subscription,926.23,46.31,879.92,Won,70,Marie D.
SAL001819,CL00150,2025-01-07,Training & Onboarding,one_time,1514.88,0.0,1514.88,Won,35,Amine B.
SAL004060,CL00340,2025-01-07,Custom Development,one_time,28691.63,0.0,28691.63,Won,31,Sophie L.
SAL004529,CL00374,2025-01-07,Custom Development,one_time,17425.54,1742.55,15682.99,Won,8,Léa M.
SAL003310,CL00280,2025-01-07,Training & Onboarding,one_time,2546.01,0.0,2546.01,Won,10,Léa M.
SAL000709,CL00068,2025-01-08,Core Premium,subscription,1735.98,260.4,1475.58,Won,22,Marie D.
SAL005167,CL00423,2025-01-08,Premium Support,subscription,635.43,0.0,635.43,Won,86,Marie D.
SAL001070,CL00089,2025-01-08,Core Premium,subscription,4779.15,238.96,4540.19,Won,40,Yanis F.
SAL005478,CL00452,2025-01-08,Lex Subscription,subscription,1792.69,89.63,1703.06,Won,102,Karim T.
SAL003437,CL00291,2025-01-09,Custom Development,one_time,24413.12,0.0,24413.12,Won,72,Marie D.
SAL005319,CL00438,2025-01-09,Custom Development,one_time,11094.9,1109.49,9985.41,Won,52,Karim T.
SAL003757,CL00320,2025-01-09,Core Premium,subscription,1771.84,0.0,1771.84,Won,84,Yanis F.
SAL002175,CL00188,2025-01-09,Premium Support,subscription,245.75,12.29,233.46,Won,85,Léa M.
SAL003654,CL00307,2025-01-09,Core Premium,subscription,2391.95,0.0,2391.95,Won,89,Léa M.
SAL002276,CL00196,2025-01-09,Vector Subscription,subscription,1359.74,67.99,1291.75,Won,39,Yanis F.
SAL000866,CL00075,2025-01-10,Vector Subscription,subscription,2029.78,0.0,2029.78,Won,21,Yanis F.
SAL001452,CL00121,2025-01-10,Custom Development,one_time,17612.86,3522.57,14090.29,Won,105,Amine B.
SAL004312,CL00355,2025-01-10,Custom Development,one_time,11717.15,0.0,11717.15,Won,27,Marie D.
SAL000544,CL00054,2025-01-10,Core Premium,subscription,2626.29,131.31,2494.98,Won,43,Léa M.
SAL003006,CL00255,2025-01-11,Core Premium,subscription,1917.87,0.0,1917.87,Won,76,Marie D.
SAL005896,CL00484,2025-01-11,Vector Subscription,subscription,734.23,73.42,660.81,Won,24,Marie D.
SAL002964,CL00253,2025-01-11,Vector Subscription,subscription,1460.51,0.0,1460.51,Won,25,Yanis F.
SAL003261,CL00277,2025-01-11,Core Premium,subscription,3538.28,0.0,3538.28,Won,26,Léa M.
SAL003655,CL00307,2025-01-11,Training & Onboarding,one_time,2802.04,280.2,2521.84,Won,70,Léa M.
SAL004556,CL00377,2025-01-11,Lex Subscription,subscription,1449.94,144.99,1304.95,Won,40,Léa M.
SAL003297,CL00280,2025-01-11,Training & Onboarding,one_time,2616.42,0.0,2616.42,Won,70,Léa M.
SAL000791,CL00073,2025-01-11,Lex Subscription,subscription,456.65,68.5,388.15,Won,88,Yanis F.
SAL000212,CL00019,2025-01-11,Custom Development,one_time,14456.29,0.0,14456.29,Won,52,Sophie L.
SAL004148,CL00346,2025-01-11,Premium Support,subscription,358.74,35.87,322.87,Won,40,Amine B.
SAL001496,CL00123,2025-01-11,Custom Development,one_time,19747.15,0.0,19747.15,Won,55,Yanis F.
SAL005938,CL00486,2025-01-12,Premium Support,subscription,845.12,84.51,760.61,Won,20,Léa M.
SAL001887,CL00160,2025-01-12,Vector Subscription,subscription,960.11,0.0,960.11,Won,74,Karim T.
SAL004829,CL00399,2025-01-12,Premium Support,subscription,866.99,0.0,866.99,Won,80,Léa M.
SAL005307,CL00434,2025-01-12,Lex Subscription,subscription,1550.57,155.06,1395.51,Won,32,Marie D.
SAL000629,CL00059,2025-01-13,Custom Development,one_time,22259.1,2225.91,20033.19,Won,58,Karim T.
SAL001874,CL00156,2025-01-13,Lex Subscription,subscription,1242.34,124.23,1118.11,Won,49,Karim T.
SAL003882,CL00330,2025-01-13,Custom Development,one_time,8057.55,805.75,7251.8,Won,31,Léa M.
SAL001732,CL00143,2025-01-13,Custom Development,one_time,31248.19,3124.82,28123.37,Won,38,Yanis F.
SAL003867,CL00330,2025-01-13,Vector Subscription,subscription,710.59,35.53,675.06,Won,16,Léa M.
SAL002714,CL00236,2025-01-13,Custom Development,one_time,27698.91,1384.95,26313.96,Won,52,Yanis F.
SAL002514,CL00220,2025-01-14,Training & Onboarding,one_time,3924.55,0.0,3924.55,Won,80,Amine B.
SAL002403,CL00205,2025-01-14,Training & Onboarding,one_time,2144.75,428.95,1715.8,Won,58,Amine B.
SAL001964,CL00169,2025-01-14,Premium Support,subscription,602.83,30.14,572.69,Won,44,Amine B.
SAL001628,CL00132,2025-01-14,Custom Development,one_time,15518.81,0.0,15518.81,Won,79,Karim T.
SAL003397,CL00286,2025-01-14,Lex Subscription,subscription,1274.3,127.43,1146.87,Won,68,Yanis F.
SAL001053,CL00088,2025-01-14,Lex Subscription,subscription,1407.65,70.38,1337.27,Won,60,Amine B.
SAL003277,CL00277,2025-01-14,Custom Development,one_time,17490.97,1749.1,15741.87,Won,28,Léa M.
SAL006084,CL00498,2025-01-14,Vector Subscription,subscription,2056.05,0.0,2056.05,Won,114,Léa M.
SAL002788,CL00241,2025-01-15,Vector Subscription,subscription,1871.22,0.0,1871.22,Won,50,Amine B.
SAL005085,CL00417,2025-01-15,Lex Subscription,subscription,1227.54,0.0,1227.54,Won,43,Yanis F.
SAL004264,CL00351,2025-01-15,Custom Development,one_time,19378.72,1937.87,17440.85,Won,12,Léa M.
SAL005123,CL00421,2025-01-15,Training & Onboarding,one_time,3196.04,0.0,3196.04,Won,43,Marie D.
SAL003885,CL00330,2025-01-15,Training & Onboarding,one_time,4271.97,0.0,4271.97,Won,64,Léa M.
SAL002556,CL00221,2025-01-15,Premium Support,subscription,335.06,0.0,335.06,Won,58,Sophie L.
SAL005015,CL00410,2025-01-15,Vector Subscription,subscription,2105.25,315.79,1789.46,Won,34,Léa M.
SAL001009,CL00085,2025-01-15,Premium Support,subscription,547.74,0.0,547.74,Won,64,Marie D.
SAL004174,CL00347,2025-01-16,Lex Subscription,subscription,1503.4,0.0,1503.4,Won,22,Karim T.
SAL003764,CL00321,2025-01-16,Lex Subscription,subscription,1003.36,100.34,903.02,Won,34,Karim T.
SAL000868,CL00075,2025-01-16,Custom Development,one_time,14393.04,719.65,13673.39,Won,47,Yanis F.
SAL004848,CL00399,2025-01-16,Ledger Subscription,subscription,1007.73,0.0,1007.73,Won,69,Léa M.
SAL002083,CL00178,2025-01-16,Vector Subscription,subscription,1857.01,185.7,1671.31,Won,41,Karim T.
SAL004912,CL00404,2025-01-16,Training & Onboarding,one_time,1159.05,115.91,1043.14,Won,9,Sophie L.
SAL002538,CL00221,2025-01-17,Training & Onboarding,one_time,1764.69,176.47,1588.22,Won,59,Sophie L.
SAL002111,CL00182,2025-01-17,Ledger Subscription,subscription,793.43,0.0,793.43,Won,63,Marie D.
SAL003076,CL00257,2025-01-17,Core Premium,subscription,4697.69,704.65,3993.04,Won,112,Sophie L.
SAL004042,CL00338,2025-01-18,Premium Support,subscription,254.44,38.17,216.27,Won,20,Léa M.
SAL002617,CL00225,2025-01-18,Premium Support,subscription,690.57,0.0,690.57,Won,63,Karim T.
SAL003399,CL00286,2025-01-18,Ledger Subscription,subscription,379.68,0.0,379.68,Won,86,Yanis F.
SAL000954,CL00081,2025-01-18,Training & Onboarding,one_time,4848.94,0.0,4848.94,Won,87,Léa M.
SAL005596,CL00461,2025-01-18,Training & Onboarding,one_time,3484.29,696.86,2787.43,Won,64,Marie D.
SAL004748,CL00395,2025-01-19,Training & Onboarding,one_time,2427.65,0.0,2427.65,Won,26,Karim T.
SAL001506,CL00123,2025-01-19,Core Premium,subscription,2735.22,0.0,2735.22,Won,23,Yanis F.
SAL004557,CL00377,2025-01-19,Custom Development,one_time,29271.15,4390.67,24880.48,Won,39,Léa M.
SAL000659,CL00062,2025-01-19,Lex Subscription,subscription,1604.8,0.0,1604.8,Won,89,Amine B.
SAL002580,CL00222,2025-01-19,Premium Support,subscription,477.36,23.87,453.49,Won,26,Léa M.
SAL002077,CL00178,2025-01-19,Lex Subscription,subscription,1341.84,67.09,1274.75,Won,48,Karim T.
SAL000269,CL00027,2025-01-19,Premium Support,subscription,802.55,0.0,802.55,Won,95,Amine B.
SAL004367,CL00360,2025-01-20,Core Premium,subscription,2331.06,0.0,2331.06,Won,62,Karim T.
SAL003899,CL00330,2025-01-20,Core Premium,subscription,3061.74,306.17,2755.57,Won,12,Léa M.
SAL002358,CL00204,2025-01-20,Lex Subscription,subscription,1009.37,0.0,1009.37,Won,34,Yanis F.
SAL005904,CL00484,2025-01-20,Lex Subscription,subscription,1219.52,0.0,1219.52,Won,42,Marie D.
SAL004802,CL00398,2025-01-20,Premium Support,subscription,361.55,0.0,361.55,Won,74,Marie D.
SAL000846,CL00075,2025-01-21,Premium Support,subscription,451.73,0.0,451.73,Won,68,Yanis F.
SAL002032,CL00176,2025-01-21,Premium Support,subscription,456.02,0.0,456.02,Won,81,Yanis F.
SAL001614,CL00132,2025-01-21,Ledger Subscription,subscription,532.94,0.0,532.94,Won,74,Karim T.
SAL003745,CL00319,2025-01-21,Ledger Subscription,subscription,960.15,0.0,960.15,Won,66,Karim T.
SAL005879,CL00482,2025-01-21,Core Premium,subscription,5498.73,549.87,4948.86,Won,31,Yanis F.
SAL002512,CL00220,2025-01-21,Ledger Subscription,subscription,1006.4,201.28,805.12,Won,40,Amine B.
SAL004421,CL00364,2025-01-21,Premium Support,subscription,905.03,45.25,859.78,Won,85,Yanis F.
SAL004637,CL00382,2025-01-22,Vector Subscription,subscription,2044.49,0.0,2044.49,Won,62,Marie D.
SAL002549,CL00221,2025-01-22,Training & Onboarding,one_time,3362.84,168.14,3194.7,Won,20,Sophie L.
SAL005608,CL00461,2025-01-22,Ledger Subscription,subscription,1055.32,0.0,1055.32,Won,25,Marie D.
SAL004828,CL00399,2025-01-22,Training & Onboarding,one_time,1385.93,0.0,1385.93,Won,84,Léa M.
SAL000605,CL00057,2025-01-22,Premium Support,subscription,245.97,0.0,245.97,Won,56,Marie D.
SAL005533,CL00455,2025-01-23,Core Premium,subscription,1919.43,287.91,1631.52,Won,42,Sophie L.
SAL005378,CL00441,2025-01-23,Core Premium,subscription,5319.55,0.0,5319.55,Won,74,Sophie L.
SAL005265,CL00430,2025-01-23,Custom Development,one_time,23727.82,1186.39,22541.43,Won,60,Marie D.
SAL000952,CL00081,2025-01-23,Training & Onboarding,one_time,3212.38,160.62,3051.76,Won,30,Léa M.
SAL001797,CL00148,2025-01-23,Core Premium,subscription,5491.32,0.0,5491.32,Won,54,Marie D.
SAL004364,CL00360,2025-01-23,Lex Subscription,subscription,774.54,38.73,735.81,Won,75,Karim T.
SAL000126,CL00012,2025-01-23,Custom Development,one_time,32781.23,0.0,32781.23,Won,24,Yanis F.
SAL005429,CL00447,2025-01-23,Vector Subscription,subscription,1395.62,139.56,1256.06,Won,30,Sophie L.
SAL004606,CL00380,2025-01-25,Vector Subscription,subscription,1234.8,246.96,987.84,Won,45,Léa M.
SAL002438,CL00212,2025-01-25,Lex Subscription,subscription,475.48,0.0,475.48,Won,32,Amine B.
SAL003306,CL00280,2025-01-25,Lex Subscription,subscription,1000.0,0.0,1000.0,Won,38,Léa M.
SAL005320,CL00438,2025-01-25,Training & Onboarding,one_time,1557.58,77.88,1479.7,Won,31,Karim T.
SAL004145,CL00346,2025-01-25,Core Premium,subscription,3538.24,0.0,3538.24,Won,65,Amine B.
SAL001951,CL00168,2025-01-26,Lex Subscription,subscription,1380.04,0.0,1380.04,Won,38,Yanis F.
SAL001782,CL00147,2025-01-26,Premium Support,subscription,315.57,15.78,299.79,Won,16,Amine B.
SAL002799,CL00241,2025-01-26,Premium Support,subscription,438.51,43.85,394.66,Won,95,Amine B.
SAL003531,CL00296,2025-01-26,Custom Development,one_time,31745.63,1587.28,30158.35,Won,48,Amine B.
SAL005116,CL00421,2025-01-26,Training & Onboarding,one_time,3053.88,152.69,2901.19,Won,23,Marie D.
SAL003718,CL00316,2025-01-26,Ledger Subscription,subscription,1128.93,0.0,1128.93,Won,20,Marie D.
SAL003963,CL00334,2025-01-26,Ledger Subscription,subscription,1155.16,0.0,1155.16,Won,83,Karim T.
SAL000558,CL00054,2025-01-26,Premium Support,subscription,714.12,0.0,714.12,Won,44,Léa M.
SAL005199,CL00425,2025-01-27,Training & Onboarding,one_time,1938.71,290.81,1647.9,Won,103,Léa M.
SAL000268,CL00027,2025-01-27,Core Premium,subscription,3665.45,0.0,3665.45,Won,85,Amine B.
SAL004856,CL00399,2025-01-27,Custom Development,one_time,27950.89,2795.09,25155.8,Won,79,Léa M.
SAL002178,CL00188,2025-01-27,Vector Subscription,subscription,1810.56,0.0,1810.56,Won,64,Léa M.
SAL000551,CL00054,2025-01-27,Training & Onboarding,one_time,1917.2,287.58,1629.62,Won,28,Léa M.
SAL001635,CL00132,2025-01-27,Premium Support,subscription,323.24,0.0,323.24,Won,22,Karim T.
SAL004612,CL00380,2025-01-27,Core Premium,subscription,2649.65,0.0,2649.65,Won,57,Léa M.
SAL003931,CL00332,2025-01-27,Training & Onboarding,one_time,4202.12,0.0,4202.12,Won,45,Amine B.
SAL000367,CL00034,2025-01-28,Vector Subscription,subscription,1256.24,125.62,1130.62,Won,48,Amine B.
SAL000366,CL00034,2025-01-28,Training & Onboarding,one_time,3693.39,369.34,3324.05,Won,39,Amine B.
SAL003075,CL00257,2025-01-28,Training & Onboarding,one_time,3376.4,506.46,2869.94,Won,75,Sophie L.
SAL003401,CL00286,2025-01-28,Vector Subscription,subscription,690.82,34.54,656.28,Won,50,Yanis F.
SAL003119,CL00263,2025-01-28,Ledger Subscription,subscription,762.37,76.24,686.13,Won,89,Léa M.
SAL004357,CL00360,2025-01-29,Vector Subscription,subscription,1857.77,185.78,1671.99,Won,67,Karim T.
SAL000179,CL00014,2025-01-29,Training & Onboarding,one_time,4822.76,241.14,4581.62,Won,84,Yanis F.
SAL005327,CL00438,2025-01-29,Ledger Subscription,subscription,608.8,0.0,608.8,Won,79,Karim T.
SAL002352,CL00204,2025-01-29,Custom Development,one_time,23614.82,0.0,23614.82,Won,54,Yanis F.
SAL002328,CL00202,2025-01-29,Core Premium,subscription,3937.44,0.0,3937.44,Won,46,Karim T.
SAL005398,CL00443,2025-01-29,Training & Onboarding,one_time,4217.3,0.0,4217.3,Won,14,Sophie L.
SAL003774,CL00321,2025-01-29,Core Premium,subscription,3256.35,325.64,2930.71,Won,23,Karim T.
SAL001561,CL00125,2025-01-29,Training & Onboarding,one_time,3338.82,500.82,2838.0,Won,107,Amine B.
SAL001336,CL00112,2025-01-30,Premium Support,subscription,879.17,0.0,879.17,Won,90,Karim T.
SAL003348,CL00283,2025-01-30,Lex Subscription,subscription,619.01,0.0,619.01,Won,49,Yanis F.
SAL001511,CL00123,2025-01-30,Core Premium,subscription,3452.86,172.64,3280.22,Won,22,Yanis F.
SAL003009,CL00255,2025-01-30,Custom Development,one_time,7518.07,0.0,7518.07,Won,107,Marie D.
SAL000080,CL00009,2025-01-30,Vector Subscription,subscription,794.86,0.0,794.86,Won,33,Amine B.
SAL003477,CL00294,2025-01-30,Core Premium,subscription,3114.38,311.44,2802.94,Won,26,Amine B.
SAL001072,CL00089,2025-01-31,Ledger Subscription,subscription,730.46,0.0,730.46,Won,37,Yanis F.
SAL003278,CL00277,2025-01-31,Training & Onboarding,one_time,3380.28,338.03,3042.25,Won,99,Léa M.
SAL003327,CL00281,2025-01-31,Premium Support,subscription,873.39,0.0,873.39,Won,29,Amine B.
SAL003476,CL00294,2025-01-31,Training & Onboarding,one_time,2700.12,135.01,2565.11,Won,45,Amine B.
SAL003468,CL00294,2025-02-01,Core Premium,subscription,2968.6,296.86,2671.74,Won,44,Amine B.
SAL005051,CL00415,2025-02-01,Ledger Subscription,subscription,349.14,34.91,314.23,Won,73,Amine B.
SAL001544,CL00125,2025-02-01,Core Premium,subscription,4952.56,742.88,4209.68,Won,112,Amine B.
SAL001555,CL00125,2025-02-01,Core Premium,subscription,1996.89,0.0,1996.89,Won,57,Amine B.
SAL004267,CL00351,2025-02-01,Vector Subscription,subscription,776.58,0.0,776.58,Won,90,Léa M.
SAL004797,CL00398,2025-02-01,Vector Subscription,subscription,1063.71,0.0,1063.71,Won,56,Marie D.
SAL004746,CL00394,2025-02-01,Lex Subscription,subscription,1107.5,110.75,996.75,Won,65,Yanis F.
SAL001599,CL00131,2025-02-02,Custom Development,one_time,11334.0,566.7,10767.3,Won,77,Marie D.
SAL005862,CL00481,2025-02-02,Ledger Subscription,subscription,1082.08,0.0,1082.08,Won,51,Karim T.
SAL005292,CL00434,2025-02-02,Custom Development,one_time,26112.95,5222.59,20890.36,Won,77,Marie D.
SAL004944,CL00405,2025-02-02,Custom Development,one_time,25392.59,5078.52,20314.07,Won,82,Karim T.
SAL002329,CL00202,2025-02-02,Ledger Subscription,subscription,389.38,0.0,389.38,Won,76,Karim T.
SAL004754,CL00395,2025-02-03,Custom Development,one_time,6842.28,0.0,6842.28,Won,24,Karim T.
SAL002602,CL00224,2025-02-03,Core Premium,subscription,4354.16,0.0,4354.16,Won,17,Karim T.
SAL003394,CL00286,2025-02-03,Custom Development,one_time,11216.04,0.0,11216.04,Won,29,Yanis F.
SAL001404,CL00119,2025-02-03,Core Premium,subscription,3734.52,373.45,3361.07,Won,81,Karim T.
SAL005925,CL00486,2025-02-03,Custom Development,one_time,30536.5,1526.82,29009.68,Won,83,Léa M.
SAL003613,CL00302,2025-02-03,Training & Onboarding,one_time,4097.49,0.0,4097.49,Won,34,Karim T.
SAL005845,CL00480,2025-02-04,Custom Development,one_time,18122.85,1812.29,16310.56,Won,95,Marie D.
SAL004084,CL00341,2025-02-04,Lex Subscription,subscription,721.92,72.19,649.73,Won,74,Karim T.
SAL006009,CL00494,2025-02-04,Vector Subscription,subscription,2055.3,0.0,2055.3,Won,10,Amine B.
SAL001834,CL00151,2025-02-04,Training & Onboarding,one_time,3192.93,0.0,3192.93,Won,15,Marie D.
SAL005664,CL00465,2025-02-04,Custom Development,one_time,25283.84,0.0,25283.84,Won,83,Marie D.
SAL004590,CL00380,2025-02-04,Ledger Subscription,subscription,530.02,0.0,530.02,Won,13,Léa M.
SAL004259,CL00350,2025-02-04,Premium Support,subscription,496.36,74.45,421.91,Won,27,Yanis F.
SAL005989,CL00491,2025-02-04,Premium Support,subscription,745.77,0.0,745.77,Won,78,Amine B.
SAL004370,CL00360,2025-02-04,Training & Onboarding,one_time,2982.54,0.0,2982.54,Won,47,Karim T.
SAL004261,CL00351,2025-02-04,Vector Subscription,subscription,1483.26,0.0,1483.26,Won,15,Léa M.
SAL003271,CL00277,2025-02-05,Ledger Subscription,subscription,1171.36,0.0,1171.36,Won,34,Léa M.
SAL003488,CL00294,2025-02-05,Ledger Subscription,subscription,465.04,0.0,465.04,Won,46,Amine B.
SAL002962,CL00253,2025-02-05,Core Premium,subscription,2750.63,412.59,2338.04,Won,116,Yanis F.
SAL001446,CL00121,2025-02-05,Ledger Subscription,subscription,613.62,0.0,613.62,Won,114,Amine B.
SAL004846,CL00399,2025-02-05,Premium Support,subscription,614.48,30.72,583.76,Won,38,Léa M.
SAL005017,CL00411,2025-02-05,Core Premium,subscription,2309.74,230.97,2078.77,Won,20,Yanis F.
SAL002534,CL00221,2025-02-05,Custom Development,one_time,26998.09,0.0,26998.09,Won,46,Sophie L.
SAL005691,CL00469,2025-02-05,Lex Subscription,subscription,1214.34,60.72,1153.62,Won,16,Yanis F.
SAL003908,CL00331,2025-02-05,Ledger Subscription,subscription,1222.13,122.21,1099.92,Won,19,Léa M.
SAL001436,CL00121,2025-02-05,Training & Onboarding,one_time,1130.59,169.59,961.0,Won,42,Amine B.
SAL000734,CL00069,2025-02-05,Training & Onboarding,one_time,2131.97,106.6,2025.37,Won,50,Amine B.
SAL001019,CL00086,2025-02-05,Ledger Subscription,subscription,371.04,0.0,371.04,Won,15,Marie D.
SAL003746,CL00319,2025-02-06,Custom Development,one_time,28520.94,0.0,28520.94,Won,28,Karim T.
SAL001630,CL00132,2025-02-06,Premium Support,subscription,654.09,98.11,555.98,Won,20,Karim T.
SAL003113,CL00262,2025-02-06,Core Premium,subscription,3371.87,505.78,2866.09,Won,49,Yanis F.
SAL001031,CL00087,2025-02-06,Vector Subscription,subscription,1487.6,148.76,1338.84,Won,64,Amine B.
SAL003329,CL00281,2025-02-06,Custom Development,one_time,16177.36,808.87,15368.49,Won,49,Amine B.
SAL003953,CL00334,2025-02-06,Premium Support,subscription,728.3,72.83,655.47,Won,63,Karim T.
SAL003832,CL00328,2025-02-07,Custom Development,one_time,10695.22,1604.28,9090.94,Won,23,Yanis F.
SAL004211,CL00348,2025-02-07,Ledger Subscription,subscription,1204.88,120.49,1084.39,Won,75,Léa M.
SAL000280,CL00027,2025-02-07,Lex Subscription,subscription,1164.42,0.0,1164.42,Won,58,Amine B.
SAL004814,CL00399,2025-02-07,Lex Subscription,subscription,1190.97,59.55,1131.42,Won,36,Léa M.
SAL000903,CL00078,2025-02-07,Vector Subscription,subscription,1025.37,153.8,871.57,Won,69,Yanis F.
SAL003683,CL00313,2025-02-07,Lex Subscription,subscription,973.57,194.71,778.86,Won,39,Yanis F.
SAL004430,CL00365,2025-02-08,Training & Onboarding,one_time,2738.75,410.81,2327.94,Won,53,Sophie L.
SAL000474,CL00050,2025-02-08,Core Premium,subscription,4038.68,0.0,4038.68,Won,57,Léa M.
SAL003416,CL00289,2025-02-08,Custom Development,one_time,27306.71,0.0,27306.71,Won,20,Marie D.
SAL001958,CL00169,2025-02-08,Training & Onboarding,one_time,3353.4,0.0,3353.4,Won,70,Amine B.
SAL004658,CL00386,2025-02-08,Ledger Subscription,subscription,1242.87,0.0,1242.87,Won,24,Yanis F.
SAL001725,CL00142,2025-02-08,Ledger Subscription,subscription,1259.47,188.92,1070.55,Won,53,Karim T.
SAL001969,CL00169,2025-02-09,Lex Subscription,subscription,864.24,43.21,821.03,Won,75,Amine B.
SAL005503,CL00452,2025-02-09,Premium Support,subscription,827.94,0.0,827.94,Won,33,Karim T.
SAL005428,CL00447,2025-02-09,Training & Onboarding,one_time,2306.71,0.0,2306.71,Won,40,Sophie L.
SAL004375,CL00360,2025-02-09,Core Premium,subscription,3830.16,0.0,3830.16,Won,86,Karim T.
SAL005130,CL00421,2025-02-09,Vector Subscription,subscription,1308.98,0.0,1308.98,Won,55,Marie D.
SAL005333,CL00438,2025-02-10,Training & Onboarding,one_time,1419.04,0.0,1419.04,Won,40,Karim T.
SAL005836,CL00480,2025-02-10,Ledger Subscription,subscription,1104.46,165.67,938.79,Won,20,Marie D.
SAL004047,CL00338,2025-02-11,Ledger Subscription,subscription,784.47,39.22,745.25,Won,30,Léa M.
SAL000359,CL00034,2025-02-11,Core Premium,subscription,1787.88,0.0,1787.88,Won,33,Amine B.
SAL001052,CL00088,2025-02-11,Training & Onboarding,one_time,4350.33,0.0,4350.33,Won,60,Amine B.
SAL003098,CL00261,2025-02-11,Core Premium,subscription,3970.29,0.0,3970.29,Won,22,Yanis F.
SAL002537,CL00221,2025-02-11,Vector Subscription,subscription,1401.86,0.0,1401.86,Won,117,Sophie L.
SAL003642,CL00305,2025-02-11,Vector Subscription,subscription,1420.29,0.0,1420.29,Won,54,Amine B.
SAL000393,CL00039,2025-02-11,Ledger Subscription,subscription,915.83,0.0,915.83,Won,72,Marie D.
SAL002792,CL00241,2025-02-11,Lex Subscription,subscription,1117.78,55.89,1061.89,Won,59,Amine B.
SAL001495,CL00123,2025-02-12,Vector Subscription,subscription,1381.58,0.0,1381.58,Won,84,Yanis F.
SAL001380,CL00117,2025-02-12,Core Premium,subscription,4554.1,0.0,4554.1,Won,96,Léa M.
SAL000166,CL00014,2025-02-12,Core Premium,subscription,3473.14,0.0,3473.14,Won,81,Yanis F.
SAL004044,CL00338,2025-02-12,Custom Development,one_time,21099.58,0.0,21099.58,Won,85,Léa M.
SAL002338,CL00203,2025-02-12,Premium Support,subscription,529.4,26.47,502.93,Won,10,Karim T.
SAL004058,CL00340,2025-02-12,Premium Support,subscription,534.36,26.72,507.64,Won,38,Sophie L.
SAL003583,CL00301,2025-02-12,Ledger Subscription,subscription,924.89,138.73,786.16,Won,78,Sophie L.
SAL004246,CL00349,2025-02-12,Lex Subscription,subscription,1323.73,0.0,1323.73,Won,58,Yanis F.
SAL001670,CL00134,2025-02-12,Training & Onboarding,one_time,3598.81,179.94,3418.87,Won,63,Amine B.
SAL003685,CL00313,2025-02-12,Training & Onboarding,one_time,2690.06,0.0,2690.06,Won,45,Yanis F.
SAL005986,CL00491,2025-02-12,Custom Development,one_time,19883.27,2982.49,16900.78,Won,11,Amine B.
SAL000762,CL00071,2025-02-12,Lex Subscription,subscription,916.91,45.85,871.06,Won,80,Léa M.
SAL002031,CL00176,2025-02-12,Core Premium,subscription,3687.07,0.0,3687.07,Won,86,Yanis F.
SAL005816,CL00479,2025-02-12,Core Premium,subscription,2854.11,0.0,2854.11,Won,49,Yanis F.
SAL002452,CL00214,2025-02-12,Vector Subscription,subscription,706.62,141.32,565.3,Won,20,Amine B.
SAL004142,CL00346,2025-02-12,Custom Development,one_time,17743.0,0.0,17743.0,Won,53,Amine B.
SAL006091,CL00498,2025-02-13,Core Premium,subscription,2730.24,0.0,2730.24,Won,63,Léa M.
SAL000658,CL00062,2025-02-13,Custom Development,one_time,21283.41,3192.51,18090.9,Won,8,Amine B.
SAL002365,CL00205,2025-02-13,Ledger Subscription,subscription,1335.33,0.0,1335.33,Won,46,Amine B.
SAL002584,CL00223,2025-02-13,Ledger Subscription,subscription,425.64,42.56,383.08,Won,72,Karim T.
SAL005722,CL00471,2025-02-13,Vector Subscription,subscription,1656.54,0.0,1656.54,Won,54,Yanis F.
SAL002320,CL00201,2025-02-13,Custom Development,one_time,13464.38,0.0,13464.38,Won,58,Sophie L.
SAL000590,CL00057,2025-02-13,Vector Subscription,subscription,801.04,40.05,760.99,Won,71,Marie D.
SAL001532,CL00124,2025-02-13,Training & Onboarding,one_time,2058.9,102.95,1955.95,Won,81,Sophie L.
SAL003763,CL00321,2025-02-14,Premium Support,subscription,814.13,0.0,814.13,Won,51,Karim T.
SAL002467,CL00214,2025-02-14,Premium Support,subscription,415.75,20.79,394.96,Won,52,Amine B.
SAL001828,CL00151,2025-02-14,Core Premium,subscription,3674.69,0.0,3674.69,Won,57,Marie D.
SAL001051,CL00088,2025-02-15,Lex Subscription,subscription,551.16,0.0,551.16,Won,32,Amine B.
SAL002282,CL00199,2025-02-15,Lex Subscription,subscription,1245.57,0.0,1245.57,Won,49,Yanis F.
SAL004381,CL00360,2025-02-15,Training & Onboarding,one_time,3165.27,0.0,3165.27,Won,74,Karim T.
SAL004815,CL00399,2025-02-16,Vector Subscription,subscription,1341.42,0.0,1341.42,Won,30,Léa M.
SAL000993,CL00084,2025-02-16,Premium Support,subscription,616.2,61.62,554.58,Won,29,Karim T.
SAL004408,CL00364,2025-02-16,Custom Development,one_time,22487.27,2248.73,20238.54,Won,29,Yanis F.
SAL002688,CL00235,2025-02-16,Vector Subscription,subscription,1642.09,82.1,1559.99,Won,20,Yanis F.
SAL004155,CL00347,2025-02-16,Premium Support,subscription,234.03,23.4,210.63,Won,112,Karim T.
SAL005849,CL00481,2025-02-16,Core Premium,subscription,2602.62,0.0,2602.62,Won,15,Karim T.
SAL006103,CL00499,2025-02-16,Training & Onboarding,one_time,1501.44,150.14,1351.3,Won,40,Sophie L.
SAL001483,CL00123,2025-02-16,Lex Subscription,subscription,1293.84,129.38,1164.46,Won,92,Yanis F.
SAL005432,CL00447,2025-02-16,Ledger Subscription,subscription,347.62,0.0,347.62,Won,31,Sophie L.
SAL000543,CL00054,2025-02-16,Training & Onboarding,one_time,3375.5,0.0,3375.5,Won,106,Léa M.
SAL003504,CL00294,2025-02-16,Custom Development,one_time,24788.7,0.0,24788.7,Won,104,Amine B.
SAL005073,CL00417,2025-02-17,Premium Support,subscription,466.34,0.0,466.34,Won,36,Yanis F.
SAL004792,CL00398,2025-02-17,Vector Subscription,subscription,1245.76,0.0,1245.76,Won,87,Marie D.
SAL001058,CL00088,2025-02-17,Custom Development,one_time,14642.37,732.12,13910.25,Won,28,Amine B.
SAL003902,CL00330,2025-02-17,Ledger Subscription,subscription,1168.43,0.0,1168.43,Won,78,Léa M.
SAL001111,CL00094,2025-02-17,Core Premium,subscription,3087.98,0.0,3087.98,Won,42,Amine B.
SAL001392,CL00119,2025-02-18,Custom Development,one_time,11555.87,0.0,11555.87,Won,86,Karim T.
SAL005166,CL00423,2025-02-18,Lex Subscription,subscription,989.39,98.94,890.45,Won,52,Marie D.
SAL000144,CL00012,2025-02-18,Core Premium,subscription,4421.99,442.2,3979.79,Won,46,Yanis F.
SAL003999,CL00335,2025-02-18,Training & Onboarding,one_time,2703.5,0.0,2703.5,Won,40,Léa M.
SAL001276,CL00108,2025-02-18,Core Premium,subscription,4545.63,0.0,4545.63,Won,20,Sophie L.
SAL005399,CL00443,2025-02-18,Ledger Subscription,subscription,1247.3,187.1,1060.2,Won,88,Sophie L.
SAL001739,CL00143,2025-02-19,Custom Development,one_time,10831.77,0.0,10831.77,Won,60,Yanis F.
SAL001418,CL00121,2025-02-19,Vector Subscription,subscription,1423.86,0.0,1423.86,Won,83,Amine B.
SAL003301,CL00280,2025-02-19,Core Premium,subscription,5334.0,0.0,5334.0,Won,75,Léa M.
SAL004376,CL00360,2025-02-19,Premium Support,subscription,695.95,34.8,661.15,Won,88,Karim T.
SAL001832,CL00151,2025-02-19,Vector Subscription,subscription,1177.76,117.78,1059.98,Won,83,Marie D.
SAL006108,CL00499,2025-02-19,Custom Development,one_time,27110.39,0.0,27110.39,Won,90,Sophie L.
SAL001231,CL00107,2025-02-20,Core Premium,subscription,4517.54,225.88,4291.66,Won,25,Yanis F.
SAL004601,CL00380,2025-02-20,Ledger Subscription,subscription,364.6,54.69,309.91,Won,56,Léa M.
SAL000661,CL00062,2025-02-21,Vector Subscription,subscription,621.59,0.0,621.59,Won,12,Amine B.
SAL005343,CL00438,2025-02-21,Premium Support,subscription,235.5,0.0,235.5,Won,105,Karim T.
SAL002349,CL00204,2025-02-21,Custom Development,one_time,28464.17,5692.83,22771.34,Won,63,Yanis F.
SAL005870,CL00482,2025-02-21,Lex Subscription,subscription,1201.93,0.0,1201.93,Won,38,Yanis F.
SAL000005,CL00002,2025-02-22,Lex Subscription,subscription,531.04,0.0,531.04,Won,33,Marie D.
SAL004025,CL00335,2025-02-22,Ledger Subscription,subscription,1248.66,0.0,1248.66,Won,104,Léa M.
SAL004147,CL00346,2025-02-22,Lex Subscription,subscription,711.64,71.16,640.48,Won,73,Amine B.
SAL000761,CL00071,2025-02-22,Premium Support,subscription,315.74,15.79,299.95,Won,40,Léa M.
SAL005260,CL00430,2025-02-22,Core Premium,subscription,4886.86,0.0,4886.86,Won,23,Marie D.
SAL000660,CL00062,2025-02-23,Core Premium,subscription,2634.88,263.49,2371.39,Won,46,Amine B.
SAL003273,CL00277,2025-02-23,Custom Development,one_time,24141.93,1207.1,22934.83,Won,62,Léa M.
SAL002179,CL00188,2025-02-23,Core Premium,subscription,2184.82,109.24,2075.58,Won,69,Léa M.
SAL000953,CL00081,2025-02-23,Custom Development,one_time,33467.5,0.0,33467.5,Won,25,Léa M.
SAL001784,CL00148,2025-02-23,Vector Subscription,subscription,1880.21,0.0,1880.21,Won,60,Marie D.
SAL000467,CL00050,2025-02-23,Training & Onboarding,one_time,4363.34,654.5,3708.84,Won,110,Léa M.
SAL004274,CL00355,2025-02-23,Custom Development,one_time,28151.92,0.0,28151.92,Won,76,Marie D.
SAL004935,CL00405,2025-02-23,Ledger Subscription,subscription,839.96,84.0,755.96,Won,89,Karim T.
SAL000406,CL00040,2025-02-23,Ledger Subscription,subscription,1059.29,105.93,953.36,Won,38,Amine B.
SAL005345,CL00438,2025-02-23,Core Premium,subscription,4933.66,0.0,4933.66,Won,32,Karim T.
SAL000930,CL00079,2025-02-23,Training & Onboarding,one_time,4141.11,621.17,3519.94,Won,36,Yanis F.
SAL003125,CL00264,2025-02-23,Training & Onboarding,one_time,1298.65,129.86,1168.79,Won,82,Yanis F.
SAL001055,CL00088,2025-02-24,Ledger Subscription,subscription,689.44,68.94,620.5,Won,90,Amine B.
SAL001274,CL00108,2025-02-24,Vector Subscription,subscription,1392.38,0.0,1392.38,Won,108,Sophie L.
SAL004680,CL00386,2025-02-24,Training & Onboarding,one_time,1205.96,0.0,1205.96,Won,75,Yanis F.
SAL003928,CL00332,2025-02-24,Training & Onboarding,one_time,3048.94,0.0,3048.94,Won,47,Amine B.
SAL002536,CL00221,2025-02-24,Premium Support,subscription,506.39,0.0,506.39,Won,92,Sophie L.
SAL002292,CL00199,2025-02-24,Core Premium,subscription,4900.01,490.0,4410.01,Won,57,Yanis F.
SAL005371,CL00441,2025-02-25,Vector Subscription,subscription,1157.33,0.0,1157.33,Won,37,Sophie L.
SAL001888,CL00160,2025-02-25,Custom Development,one_time,29644.35,5928.87,23715.48,Won,33,Karim T.
SAL001643,CL00133,2025-02-25,Ledger Subscription,subscription,985.14,0.0,985.14,Won,24,Sophie L.
SAL000906,CL00078,2025-02-25,Vector Subscription,subscription,892.7,0.0,892.7,Won,101,Yanis F.
SAL005855,CL00481,2025-02-25,Core Premium,subscription,2738.62,0.0,2738.62,Won,7,Karim T.
SAL004107,CL00342,2025-02-25,Ledger Subscription,subscription,1313.79,0.0,1313.79,Won,67,Amine B.
SAL003868,CL00330,2025-02-26,Ledger Subscription,subscription,782.03,78.2,703.83,Won,20,Léa M.
SAL000701,CL00068,2025-02-26,Ledger Subscription,subscription,788.61,0.0,788.61,Won,43,Marie D.
SAL003351,CL00283,2025-02-26,Ledger Subscription,subscription,735.66,0.0,735.66,Won,21,Yanis F.
SAL000824,CL00074,2025-02-26,Custom Development,one_time,6769.89,1353.98,5415.91,Won,10,Léa M.
SAL004383,CL00361,2025-02-26,Premium Support,subscription,256.17,0.0,256.17,Won,42,Yanis F.
SAL001143,CL00100,2025-02-26,Ledger Subscription,subscription,675.11,0.0,675.11,Won,14,Marie D.
SAL000484,CL00050,2025-02-26,Ledger Subscription,subscription,441.61,0.0,441.61,Won,115,Léa M.
SAL004416,CL00364,2025-02-26,Vector Subscription,subscription,1322.97,0.0,1322.97,Won,36,Yanis F.
SAL003524,CL00296,2025-02-27,Vector Subscription,subscription,1611.93,0.0,1611.93,Won,84,Amine B.
SAL005080,CL00417,2025-02-27,Core Premium,subscription,2566.92,0.0,2566.92,Won,42,Yanis F.
SAL002552,CL00221,2025-02-27,Training & Onboarding,one_time,2882.15,432.32,2449.83,Won,48,Sophie L.
SAL004801,CL00398,2025-02-27,Custom Development,one_time,30410.6,3041.06,27369.54,Won,8,Marie D.
SAL001175,CL00103,2025-02-27,Training & Onboarding,one_time,3984.11,597.62,3386.49,Won,116,Sophie L.
SAL004176,CL00347,2025-02-27,Custom Development,one_time,32401.0,1620.05,30780.95,Won,21,Karim T.
SAL004106,CL00342,2025-02-27,Vector Subscription,subscription,1005.55,150.83,854.72,Won,20,Amine B.
SAL001726,CL00142,2025-02-27,Premium Support,subscription,225.87,11.29,214.58,Won,41,Karim T.
SAL005689,CL00469,2025-02-28,Premium Support,subscription,966.38,0.0,966.38,Won,33,Yanis F.
SAL001449,CL00121,2025-02-28,Ledger Subscription,subscription,878.48,0.0,878.48,Won,24,Amine B.
SAL000503,CL00053,2025-02-28,Vector Subscription,subscription,1901.21,0.0,1901.21,Won,86,Amine B.
SAL002862,CL00244,2025-02-28,Vector Subscription,subscription,1708.63,85.43,1623.2,Won,61,Amine B.
SAL002797,CL00241,2025-02-28,Premium Support,subscription,709.91,0.0,709.91,Won,74,Amine B.
SAL001861,CL00154,2025-02-28,Custom Development,one_time,27474.13,0.0,27474.13,Won,22,Marie D.
SAL004817,CL00399,2025-03-01,Premium Support,subscription,307.32,30.73,276.59,Won,61,Léa M.
SAL000872,CL00075,2025-03-01,Core Premium,subscription,5336.94,800.54,4536.4,Won,32,Yanis F.
SAL002035,CL00176,2025-03-01,Lex Subscription,subscription,1594.81,0.0,1594.81,Won,35,Yanis F.
SAL002314,CL00201,2025-03-01,Training & Onboarding,one_time,2397.82,359.67,2038.15,Won,11,Sophie L.
SAL000559,CL00054,2025-03-01,Lex Subscription,subscription,578.83,115.77,463.06,Won,87,Léa M.
SAL004071,CL00341,2025-03-02,Custom Development,one_time,16298.87,1629.89,14668.98,Won,115,Karim T.
SAL004440,CL00366,2025-03-02,Ledger Subscription,subscription,731.43,146.29,585.14,Won,88,Sophie L.
SAL001971,CL00169,2025-03-02,Core Premium,subscription,4755.92,0.0,4755.92,Won,58,Amine B.
SAL001621,CL00132,2025-03-02,Lex Subscription,subscription,536.02,0.0,536.02,Won,42,Karim T.
SAL005204,CL00425,2025-03-02,Custom Development,one_time,9134.41,0.0,9134.41,Won,68,Léa M.
SAL004563,CL00377,2025-03-03,Premium Support,subscription,229.86,11.49,218.37,Won,48,Léa M.
SAL005813,CL00479,2025-03-03,Core Premium,subscription,1773.49,354.7,1418.79,Won,85,Yanis F.
SAL005439,CL00447,2025-03-03,Ledger Subscription,subscription,1011.11,151.67,859.44,Won,70,Sophie L.
SAL005322,CL00438,2025-03-03,Core Premium,subscription,4114.67,0.0,4114.67,Won,28,Karim T.
SAL006104,CL00499,2025-03-03,Training & Onboarding,one_time,1850.12,0.0,1850.12,Won,64,Sophie L.
SAL002835,CL00241,2025-03-03,Premium Support,subscription,733.87,110.08,623.79,Won,113,Amine B.
SAL005924,CL00486,2025-03-04,Custom Development,one_time,30863.98,0.0,30863.98,Won,85,Léa M.
SAL001677,CL00135,2025-03-04,Vector Subscription,subscription,2370.81,237.08,2133.73,Won,45,Léa M.
SAL000754,CL00071,2025-03-04,Training & Onboarding,one_time,3071.71,460.76,2610.95,Won,54,Léa M.
SAL004633,CL00382,2025-03-04,Custom Development,one_time,7955.23,0.0,7955.23,Won,22,Marie D.
SAL000973,CL00082,2025-03-04,Core Premium,subscription,2477.99,123.9,2354.09,Won,53,Sophie L.
SAL006100,CL00499,2025-03-05,Training & Onboarding,one_time,1682.72,84.14,1598.58,Won,44,Sophie L.
SAL003784,CL00322,2025-03-05,Training & Onboarding,one_time,4134.2,0.0,4134.2,Won,80,Sophie L.
SAL001648,CL00133,2025-03-05,Vector Subscription,subscription,1767.43,0.0,1767.43,Won,22,Sophie L.
SAL003266,CL00277,2025-03-05,Training & Onboarding,one_time,3310.99,165.55,3145.44,Won,104,Léa M.
SAL004711,CL00389,2025-03-05,Core Premium,subscription,6553.47,0.0,6553.47,Won,7,Amine B.
SAL003385,CL00284,2025-03-05,Premium Support,subscription,336.52,33.65,302.87,Won,36,Léa M.
SAL003682,CL00313,2025-03-06,Ledger Subscription,subscription,553.05,110.61,442.44,Won,43,Yanis F.
SAL005217,CL00425,2025-03-06,Custom Development,one_time,28855.29,4328.29,24527.0,Won,112,Léa M.
SAL002619,CL00225,2025-03-06,Core Premium,subscription,4659.32,698.9,3960.42,Won,78,Karim T.
SAL005743,CL00475,2025-03-06,Custom Development,one_time,18994.03,0.0,18994.03,Won,42,Sophie L.
SAL005803,CL00479,2025-03-06,Ledger Subscription,subscription,1056.46,105.65,950.81,Won,86,Yanis F.
SAL001541,CL00125,2025-03-06,Training & Onboarding,one_time,1455.34,218.3,1237.04,Won,92,Amine B.
SAL005117,CL00421,2025-03-06,Ledger Subscription,subscription,900.92,0.0,900.92,Won,7,Marie D.
SAL001609,CL00131,2025-03-06,Premium Support,subscription,495.03,24.75,470.28,Won,89,Marie D.
SAL004572,CL00377,2025-03-07,Premium Support,subscription,533.47,53.35,480.12,Won,92,Léa M.
SAL000275,CL00027,2025-03-07,Core Premium,subscription,2634.98,0.0,2634.98,Won,71,Amine B.
SAL001869,CL00155,2025-03-07,Ledger Subscription,subscription,974.05,0.0,974.05,Won,69,Marie D.
SAL005907,CL00484,2025-03-07,Lex Subscription,subscription,1034.9,103.49,931.41,Won,18,Marie D.
SAL005309,CL00434,2025-03-07,Training & Onboarding,one_time,2466.36,123.32,2343.04,Won,53,Marie D.
SAL000506,CL00053,2025-03-07,Premium Support,subscription,778.92,0.0,778.92,Won,74,Amine B.
SAL000110,CL00011,2025-03-07,Premium Support,subscription,769.71,76.97,692.74,Won,70,Karim T.
SAL000519,CL00053,2025-03-08,Custom Development,one_time,23695.05,0.0,23695.05,Won,10,Amine B.
SAL000477,CL00050,2025-03-08,Lex Subscription,subscription,1525.52,305.1,1220.42,Won,71,Léa M.
SAL000874,CL00075,2025-03-08,Core Premium,subscription,5327.68,799.15,4528.53,Won,62,Yanis F.
SAL000878,CL00075,2025-03-08,Training & Onboarding,one_time,2377.35,0.0,2377.35,Won,22,Yanis F.
SAL004144,CL00346,2025-03-08,Custom Development,one_time,23960.12,4792.02,19168.1,Won,32,Amine B.
SAL005822,CL00479,2025-03-08,Training & Onboarding,one_time,2344.05,0.0,2344.05,Won,24,Yanis F.
SAL004997,CL00409,2025-03-08,Custom Development,one_time,39070.37,0.0,39070.37,Won,8,Marie D.
SAL003120,CL00263,2025-03-08,Premium Support,subscription,744.48,37.22,707.26,Won,40,Léa M.
SAL002576,CL00222,2025-03-08,Custom Development,one_time,32256.37,4838.46,27417.91,Won,72,Léa M.
SAL000699,CL00068,2025-03-08,Custom Development,one_time,16896.77,0.0,16896.77,Won,9,Marie D.
SAL004490,CL00371,2025-03-08,Core Premium,subscription,4648.54,0.0,4648.54,Won,32,Léa M.
SAL005769,CL00477,2025-03-09,Core Premium,subscription,1930.46,289.57,1640.89,Won,12,Sophie L.
SAL001952,CL00168,2025-03-09,Core Premium,subscription,3197.7,0.0,3197.7,Won,53,Yanis F.
SAL004450,CL00366,2025-03-09,Ledger Subscription,subscription,1201.85,0.0,1201.85,Won,101,Sophie L.
SAL001390,CL00119,2025-03-09,Training & Onboarding,one_time,2926.47,0.0,2926.47,Won,38,Karim T.
SAL000969,CL00081,2025-03-09,Training & Onboarding,one_time,2213.15,0.0,2213.15,Won,81,Léa M.
SAL004362,CL00360,2025-03-09,Custom Development,one_time,11024.79,0.0,11024.79,Won,63,Karim T.
SAL002181,CL00188,2025-03-09,Ledger Subscription,subscription,987.35,0.0,987.35,Won,40,Léa M.
SAL000800,CL00073,2025-03-09,Training & Onboarding,one_time,1543.3,0.0,1543.3,Won,103,Yanis F.
SAL002919,CL00251,2025-03-09,Training & Onboarding,one_time,4079.16,0.0,4079.16,Won,74,Sophie L.
SAL000082,CL00009,2025-03-10,Core Premium,subscription,2833.64,283.36,2550.28,Won,74,Amine B.
SAL002621,CL00225,2025-03-10,Premium Support,subscription,567.74,0.0,567.74,Won,16,Karim T.
SAL001824,CL00151,2025-03-10,Lex Subscription,subscription,1773.04,177.3,1595.74,Won,63,Marie D.
SAL000472,CL00050,2025-03-10,Training & Onboarding,one_time,4070.6,203.53,3867.07,Won,94,Léa M.
SAL000809,CL00073,2025-03-10,Vector Subscription,subscription,1381.61,69.08,1312.53,Won,94,Yanis F.
SAL002802,CL00241,2025-03-10,Training & Onboarding,one_time,3166.39,0.0,3166.39,Won,22,Amine B.
SAL004317,CL00355,2025-03-11,Premium Support,subscription,565.35,56.54,508.81,Won,85,Marie D.
SAL002590,CL00223,2025-03-11,Premium Support,subscription,456.16,0.0,456.16,Won,23,Karim T.
SAL000959,CL00081,2025-03-11,Vector Subscription,subscription,1450.46,217.57,1232.89,Won,45,Léa M.
SAL005817,CL00479,2025-03-11,Training & Onboarding,one_time,1116.15,111.62,1004.53,Won,48,Yanis F.
SAL003467,CL00294,2025-03-11,Training & Onboarding,one_time,1419.95,0.0,1419.95,Won,75,Amine B.
SAL002440,CL00212,2025-03-11,Vector Subscription,subscription,1338.3,0.0,1338.3,Won,32,Amine B.
SAL005077,CL00417,2025-03-11,Core Premium,subscription,2273.14,0.0,2273.14,Won,86,Yanis F.
SAL002074,CL00178,2025-03-11,Premium Support,subscription,250.19,0.0,250.19,Won,108,Karim T.
SAL002164,CL00188,2025-03-12,Training & Onboarding,one_time,3099.27,154.96,2944.31,Won,88,Léa M.
SAL001014,CL00085,2025-03-12,Training & Onboarding,one_time,3063.31,0.0,3063.31,Won,24,Marie D.
SAL006037,CL00496,2025-03-12,Premium Support,subscription,811.62,81.16,730.46,Won,53,Amine B.
SAL004931,CL00404,2025-03-12,Lex Subscription,subscription,626.74,0.0,626.74,Won,13,Sophie L.
SAL002547,CL00221,2025-03-12,Ledger Subscription,subscription,401.94,40.19,361.75,Won,78,Sophie L.
SAL001028,CL00086,2025-03-12,Premium Support,subscription,846.23,0.0,846.23,Won,49,Marie D.
SAL000687,CL00067,2025-03-12,Premium Support,subscription,780.62,0.0,780.62,Won,73,Karim T.
SAL002420,CL00211,2025-03-12,Lex Subscription,subscription,469.41,0.0,469.41,Won,55,Karim T.
SAL000998,CL00085,2025-03-12,Core Premium,subscription,3552.31,0.0,3552.31,Won,17,Marie D.
SAL005242,CL00427,2025-03-12,Vector Subscription,subscription,1804.9,0.0,1804.9,Won,108,Marie D.
SAL001197,CL00103,2025-03-13,Custom Development,one_time,13984.79,699.24,13285.55,Won,58,Sophie L.
SAL006026,CL00496,2025-03-13,Lex Subscription,subscription,1472.11,0.0,1472.11,Won,25,Amine B.
SAL003768,CL00321,2025-03-14,Core Premium,subscription,4965.79,496.58,4469.21,Won,44,Karim T.
SAL004263,CL00351,2025-03-14,Ledger Subscription,subscription,1273.65,0.0,1273.65,Won,83,Léa M.
SAL001003,CL00085,2025-03-14,Vector Subscription,subscription,1564.41,0.0,1564.41,Won,68,Marie D.
SAL003974,CL00335,2025-03-14,Premium Support,subscription,377.43,37.74,339.69,Won,93,Léa M.
SAL005421,CL00446,2025-03-14,Ledger Subscription,subscription,588.03,0.0,588.03,Won,38,Yanis F.
SAL003753,CL00320,2025-03-14,Custom Development,one_time,29821.45,0.0,29821.45,Won,69,Yanis F.
SAL001267,CL00108,2025-03-15,Lex Subscription,subscription,819.35,0.0,819.35,Won,114,Sophie L.
SAL000392,CL00039,2025-03-15,Core Premium,subscription,4629.92,462.99,4166.93,Won,17,Marie D.
SAL000838,CL00074,2025-03-15,Custom Development,one_time,9604.12,960.41,8643.71,Won,70,Léa M.
SAL004793,CL00398,2025-03-15,Vector Subscription,subscription,1596.72,159.67,1437.05,Won,21,Marie D.
SAL001182,CL00103,2025-03-15,Custom Development,one_time,10652.55,0.0,10652.55,Won,29,Sophie L.
SAL003429,CL00291,2025-03-15,Lex Subscription,subscription,1631.49,163.15,1468.34,Won,35,Marie D.
SAL000531,CL00054,2025-03-15,Core Premium,subscription,4860.55,729.08,4131.47,Won,56,Léa M.
SAL003993,CL00335,2025-03-15,Lex Subscription,subscription,1647.09,0.0,1647.09,Won,75,Léa M.
SAL004631,CL00382,2025-03-15,Premium Support,subscription,377.73,18.89,358.84,Won,72,Marie D.
SAL003047,CL00256,2025-03-15,Training & Onboarding,one_time,1889.92,0.0,1889.92,Won,43,Sophie L.
SAL004628,CL00382,2025-03-15,Core Premium,subscription,4525.13,0.0,4525.13,Won,84,Marie D.
SAL001429,CL00121,2025-03-16,Custom Development,one_time,28586.46,0.0,28586.46,Won,115,Amine B.
SAL003951,CL00334,2025-03-16,Ledger Subscription,subscription,677.39,0.0,677.39,Won,61,Karim T.
SAL002374,CL00205,2025-03-16,Premium Support,subscription,396.22,59.43,336.79,Won,10,Amine B.
SAL005247,CL00427,2025-03-16,Custom Development,one_time,25302.23,1265.11,24037.12,Won,54,Marie D.
SAL004480,CL00371,2025-03-16,Training & Onboarding,one_time,1245.7,0.0,1245.7,Won,75,Léa M.
SAL004672,CL00386,2025-03-16,Vector Subscription,subscription,899.11,89.91,809.2,Won,69,Yanis F.
SAL004302,CL00355,2025-03-17,Vector Subscription,subscription,785.72,0.0,785.72,Won,94,Marie D.
SAL000610,CL00057,2025-03-17,Lex Subscription,subscription,530.8,0.0,530.8,Won,50,Marie D.
SAL003772,CL00321,2025-03-17,Lex Subscription,subscription,1110.5,55.52,1054.98,Won,34,Karim T.
SAL000933,CL00079,2025-03-17,Custom Development,one_time,9893.29,1978.66,7914.63,Won,23,Yanis F.
SAL004050,CL00338,2025-03-17,Lex Subscription,subscription,712.3,106.84,605.46,Won,13,Léa M.
SAL004698,CL00387,2025-03-17,Vector Subscription,subscription,1691.85,0.0,1691.85,Won,17,Amine B.
SAL002928,CL00251,2025-03-17,Training & Onboarding,one_time,1753.37,0.0,1753.37,Won,71,Sophie L.
SAL001598,CL00131,2025-03-17,Core Premium,subscription,4744.31,0.0,4744.31,Won,70,Marie D.
SAL002997,CL00255,2025-03-18,Ledger Subscription,subscription,518.16,0.0,518.16,Won,28,Marie D.
SAL001611,CL00131,2025-03-18,Lex Subscription,subscription,1621.57,0.0,1621.57,Won,9,Marie D.
SAL003065,CL00257,2025-03-18,Custom Development,one_time,17307.05,2596.06,14710.99,Won,80,Sophie L.
SAL001382,CL00117,2025-03-18,Vector Subscription,subscription,1816.35,272.45,1543.9,Won,53,Léa M.
SAL003316,CL00281,2025-03-18,Lex Subscription,subscription,752.58,0.0,752.58,Won,50,Amine B.
SAL004998,CL00409,2025-03-18,Core Premium,subscription,6299.05,0.0,6299.05,Won,37,Marie D.
SAL001381,CL00117,2025-03-18,Core Premium,subscription,5290.67,0.0,5290.67,Won,70,Léa M.
SAL000537,CL00054,2025-03-18,Custom Development,one_time,18416.08,0.0,18416.08,Won,38,Léa M.
SAL003690,CL00313,2025-03-19,Vector Subscription,subscription,1568.69,235.3,1333.39,Won,90,Yanis F.
SAL002124,CL00182,2025-03-19,Vector Subscription,subscription,1274.25,0.0,1274.25,Won,22,Marie D.
SAL003929,CL00332,2025-03-19,Core Premium,subscription,3739.57,0.0,3739.57,Won,25,Amine B.
SAL001280,CL00108,2025-03-19,Lex Subscription,subscription,1634.92,163.49,1471.43,Won,90,Sophie L.
SAL001941,CL00168,2025-03-19,Ledger Subscription,subscription,722.35,0.0,722.35,Won,63,Yanis F.
SAL003584,CL00301,2025-03-19,Training & Onboarding,one_time,3279.47,0.0,3279.47,Won,68,Sophie L.
SAL006092,CL00498,2025-03-19,Lex Subscription,subscription,1187.66,59.38,1128.28,Won,54,Léa M.
SAL005868,CL00481,2025-03-19,Vector Subscription,subscription,1088.93,0.0,1088.93,Won,40,Karim T.
SAL004432,CL00366,2025-03-20,Vector Subscription,subscription,860.59,172.12,688.47,Won,90,Sophie L.
SAL004024,CL00335,2025-03-20,Premium Support,subscription,728.39,36.42,691.97,Won,64,Léa M.
SAL001690,CL00136,2025-03-20,Custom Development,one_time,25562.61,0.0,25562.61,Won,15,Karim T.
SAL001858,CL00154,2025-03-20,Custom Development,one_time,15024.06,0.0,15024.06,Won,88,Marie D.
SAL004078,CL00341,2025-03-20,Training & Onboarding,one_time,4342.56,434.26,3908.3,Won,54,Karim T.
SAL005635,CL00463,2025-03-20,Premium Support,subscription,531.67,26.58,505.09,Won,56,Karim T.
SAL004924,CL00404,2025-03-20,Training & Onboarding,one_time,1650.28,82.51,1567.77,Won,34,Sophie L.
SAL002182,CL00188,2025-03-21,Premium Support,subscription,498.46,0.0,498.46,Won,85,Léa M.
SAL003325,CL00281,2025-03-21,Lex Subscription,subscription,971.34,0.0,971.34,Won,14,Amine B.
SAL003270,CL00277,2025-03-21,Premium Support,subscription,470.63,47.06,423.57,Won,27,Léa M.
SAL003780,CL00322,2025-03-21,Vector Subscription,subscription,713.84,0.0,713.84,Won,18,Sophie L.
SAL004384,CL00361,2025-03-22,Core Premium,subscription,4928.07,492.81,4435.26,Won,55,Yanis F.
SAL005871,CL00482,2025-03-22,Lex Subscription,subscription,801.97,0.0,801.97,Won,20,Yanis F.
SAL000020,CL00002,2025-03-22,Lex Subscription,subscription,1074.76,161.21,913.55,Won,76,Marie D.
SAL005045,CL00415,2025-03-22,Core Premium,subscription,4555.88,227.79,4328.09,Won,45,Amine B.
SAL005506,CL00452,2025-03-22,Custom Development,one_time,26769.53,0.0,26769.53,Won,61,Karim T.
SAL000608,CL00057,2025-03-22,Training & Onboarding,one_time,4102.76,0.0,4102.76,Won,57,Marie D.
SAL003585,CL00301,2025-03-22,Premium Support,subscription,557.86,55.79,502.07,Won,82,Sophie L.
SAL002752,CL00238,2025-03-22,Vector Subscription,subscription,1327.32,132.73,1194.59,Won,88,Sophie L.
SAL000516,CL00053,2025-03-22,Training & Onboarding,one_time,2741.63,411.24,2330.39,Won,55,Amine B.
SAL001173,CL00103,2025-03-23,Core Premium,subscription,3526.21,176.31,3349.9,Won,69,Sophie L.
SAL000518,CL00053,2025-03-23,Training & Onboarding,one_time,2157.12,0.0,2157.12,Won,30,Amine B.
SAL002371,CL00205,2025-03-23,Custom Development,one_time,9169.16,0.0,9169.16,Won,24,Amine B.
SAL002535,CL00221,2025-03-23,Core Premium,subscription,1780.84,267.13,1513.71,Won,78,Sophie L.
SAL004459,CL00368,2025-03-24,Vector Subscription,subscription,1304.49,130.45,1174.04,Won,90,Léa M.
SAL002353,CL00204,2025-03-24,Training & Onboarding,one_time,2018.25,100.91,1917.34,Won,30,Yanis F.
SAL004551,CL00377,2025-03-25,Custom Development,one_time,32017.39,0.0,32017.39,Won,75,Léa M.
SAL000807,CL00073,2025-03-25,Ledger Subscription,subscription,944.39,188.88,755.51,Won,26,Yanis F.
SAL005454,CL00449,2025-03-25,Ledger Subscription,subscription,668.22,100.23,567.99,Won,63,Sophie L.
SAL002850,CL00243,2025-03-25,Custom Development,one_time,34522.36,1726.12,32796.24,Won,19,Léa M.
SAL001110,CL00094,2025-03-25,Custom Development,one_time,15098.6,1509.86,13588.74,Won,88,Amine B.
SAL005004,CL00410,2025-03-25,Ledger Subscription,subscription,592.44,29.62,562.82,Won,43,Léa M.
SAL002750,CL00238,2025-03-26,Premium Support,subscription,687.88,34.39,653.49,Won,44,Sophie L.
SAL005942,CL00486,2025-03-26,Custom Development,one_time,17439.74,2615.96,14823.78,Won,31,Léa M.
SAL004747,CL00394,2025-03-26,Premium Support,subscription,708.65,70.87,637.78,Won,13,Yanis F.
SAL004237,CL00349,2025-03-26,Training & Onboarding,one_time,1829.98,0.0,1829.98,Won,84,Yanis F.
SAL005272,CL00430,2025-03-26,Training & Onboarding,one_time,2157.07,0.0,2157.07,Won,62,Marie D.
SAL001265,CL00108,2025-03-26,Custom Development,one_time,23545.93,0.0,23545.93,Won,96,Sophie L.
SAL000156,CL00013,2025-03-26,Premium Support,subscription,394.26,0.0,394.26,Won,58,Marie D.
SAL002562,CL00222,2025-03-26,Premium Support,subscription,324.58,64.92,259.66,Won,32,Léa M.
SAL004849,CL00399,2025-03-26,Lex Subscription,subscription,1002.66,0.0,1002.66,Won,62,Léa M.
SAL000974,CL00082,2025-03-26,Vector Subscription,subscription,1584.85,0.0,1584.85,Won,19,Sophie L.
SAL002878,CL00244,2025-03-27,Lex Subscription,subscription,1630.75,163.07,1467.68,Won,78,Amine B.
SAL003852,CL00329,2025-03-27,Vector Subscription,subscription,858.28,128.74,729.54,Won,50,Marie D.
SAL000527,CL00054,2025-03-27,Custom Development,one_time,8392.48,0.0,8392.48,Won,103,Léa M.
SAL001016,CL00086,2025-03-27,Ledger Subscription,subscription,436.86,43.69,393.17,Won,15,Marie D.
SAL003485,CL00294,2025-03-27,Premium Support,subscription,778.26,0.0,778.26,Won,27,Amine B.
SAL005893,CL00484,2025-03-27,Ledger Subscription,subscription,1044.44,0.0,1044.44,Won,50,Marie D.
SAL005365,CL00441,2025-03-27,Vector Subscription,subscription,1588.55,0.0,1588.55,Won,40,Sophie L.
SAL003945,CL00334,2025-03-28,Core Premium,subscription,5085.51,254.28,4831.23,Won,24,Karim T.
SAL000294,CL00027,2025-03-28,Vector Subscription,subscription,1514.96,0.0,1514.96,Won,23,Amine B.
SAL002871,CL00244,2025-03-28,Lex Subscription,subscription,1592.7,318.54,1274.16,Won,75,Amine B.
SAL001803,CL00149,2025-03-28,Training & Onboarding,one_time,2093.35,0.0,2093.35,Won,67,Karim T.
SAL005874,CL00482,2025-03-28,Core Premium,subscription,3034.02,455.1,2578.92,Won,88,Yanis F.
SAL005383,CL00443,2025-03-28,Lex Subscription,subscription,1577.44,157.74,1419.7,Won,43,Sophie L.
SAL003831,CL00328,2025-03-28,Training & Onboarding,one_time,5399.03,0.0,5399.03,Won,56,Yanis F.
SAL003415,CL00289,2025-03-28,Lex Subscription,subscription,678.75,0.0,678.75,Won,46,Marie D.
SAL000345,CL00031,2025-03-29,Ledger Subscription,subscription,579.1,86.86,492.24,Won,64,Marie D.
SAL002036,CL00176,2025-03-29,Training & Onboarding,one_time,1252.86,62.64,1190.22,Won,15,Yanis F.
SAL003007,CL00255,2025-03-29,Custom Development,one_time,25629.05,2562.9,23066.15,Won,42,Marie D.
SAL000694,CL00067,2025-03-29,Vector Subscription,subscription,1685.34,0.0,1685.34,Won,69,Karim T.
SAL003171,CL00268,2025-03-29,Custom Development,one_time,32118.59,0.0,32118.59,Won,10,Karim T.
SAL005300,CL00434,2025-03-30,Core Premium,subscription,5047.0,504.7,4542.3,Won,77,Marie D.
SAL000079,CL00009,2025-03-30,Custom Development,one_time,7161.08,0.0,7161.08,Won,58,Amine B.
SAL000992,CL00084,2025-03-30,Premium Support,subscription,355.23,0.0,355.23,Won,8,Karim T.
SAL001221,CL00107,2025-03-30,Vector Subscription,subscription,1223.55,0.0,1223.55,Won,59,Yanis F.
SAL005245,CL00427,2025-03-30,Core Premium,subscription,2625.04,262.5,2362.54,Won,38,Marie D.
SAL001379,CL00117,2025-03-30,Training & Onboarding,one_time,4035.89,201.79,3834.1,Won,70,Léa M.
SAL003845,CL00329,2025-03-30,Ledger Subscription,subscription,1104.74,110.47,994.27,Won,64,Marie D.
SAL000915,CL00078,2025-03-30,Custom Development,one_time,28152.08,2815.21,25336.87,Won,73,Yanis F.
SAL003851,CL00329,2025-03-30,Custom Development,one_time,27874.88,0.0,27874.88,Won,14,Marie D.
SAL000788,CL00073,2025-03-31,Core Premium,subscription,4623.84,0.0,4623.84,Won,29,Yanis F.
SAL001605,CL00131,2025-03-31,Custom Development,one_time,30933.92,0.0,30933.92,Won,30,Marie D.
SAL004387,CL00362,2025-03-31,Vector Subscription,subscription,1294.15,64.71,1229.44,Won,29,Léa M.
SAL004502,CL00371,2025-03-31,Vector Subscription,subscription,578.45,0.0,578.45,Won,71,Léa M.
SAL005830,CL00480,2025-03-31,Custom Development,one_time,18922.81,1892.28,17030.53,Won,88,Marie D.
SAL001811,CL00149,2025-03-31,Premium Support,subscription,550.5,110.1,440.4,Won,46,Karim T.
SAL000138,CL00012,2025-03-31,Training & Onboarding,one_time,2314.4,0.0,2314.4,Won,85,Yanis F.
SAL000650,CL00061,2025-03-31,Lex Subscription,subscription,505.14,0.0,505.14,Won,49,Sophie L.
SAL000007,CL00002,2025-04-01,Vector Subscription,subscription,639.23,127.85,511.38,Won,14,Marie D.
SAL005120,CL00421,2025-04-01,Training & Onboarding,one_time,2762.22,0.0,2762.22,Won,47,Marie D.
SAL000542,CL00054,2025-04-01,Core Premium,subscription,4032.94,0.0,4032.94,Won,50,Léa M.
SAL003448,CL00293,2025-04-01,Premium Support,subscription,517.19,51.72,465.47,Won,20,Karim T.
SAL002361,CL00204,2025-04-01,Ledger Subscription,subscription,928.8,0.0,928.8,Won,33,Yanis F.
SAL000480,CL00050,2025-04-01,Custom Development,one_time,9490.38,0.0,9490.38,Won,70,Léa M.
SAL003968,CL00334,2025-04-02,Vector Subscription,subscription,1472.26,0.0,1472.26,Won,53,Karim T.
SAL004281,CL00355,2025-04-02,Custom Development,one_time,23980.04,1199.0,22781.04,Won,102,Marie D.
SAL004573,CL00377,2025-04-02,Ledger Subscription,subscription,922.09,138.31,783.78,Won,75,Léa M.
SAL003794,CL00323,2025-04-02,Training & Onboarding,one_time,1301.37,0.0,1301.37,Won,17,Karim T.
SAL005858,CL00481,2025-04-02,Lex Subscription,subscription,1022.81,102.28,920.53,Won,13,Karim T.
SAL001700,CL00136,2025-04-03,Vector Subscription,subscription,1831.31,366.26,1465.05,Won,75,Karim T.
SAL001944,CL00168,2025-04-03,Vector Subscription,subscription,1688.93,0.0,1688.93,Won,29,Yanis F.
SAL005781,CL00479,2025-04-03,Lex Subscription,subscription,488.21,24.41,463.8,Won,120,Yanis F.
SAL001907,CL00163,2025-04-03,Training & Onboarding,one_time,3094.31,0.0,3094.31,Won,36,Amine B.
SAL000564,CL00054,2025-04-03,Premium Support,subscription,786.61,0.0,786.61,Won,69,Léa M.
SAL004507,CL00371,2025-04-04,Ledger Subscription,subscription,715.64,143.13,572.51,Won,62,Léa M.
SAL002804,CL00241,2025-04-04,Core Premium,subscription,2593.41,0.0,2593.41,Won,34,Amine B.
SAL005493,CL00452,2025-04-04,Premium Support,subscription,927.61,46.38,881.23,Won,95,Karim T.
SAL005485,CL00452,2025-04-04,Core Premium,subscription,6367.8,636.78,5731.02,Won,83,Karim T.
SAL002419,CL00211,2025-04-04,Vector Subscription,subscription,1299.59,64.98,1234.61,Won,28,Karim T.
SAL003268,CL00277,2025-04-05,Core Premium,subscription,2353.9,0.0,2353.9,Won,59,Léa M.
SAL002423,CL00211,2025-04-05,Vector Subscription,subscription,527.9,79.19,448.71,Won,15,Karim T.
SAL004669,CL00386,2025-04-05,Lex Subscription,subscription,588.15,0.0,588.15,Won,23,Yanis F.
SAL002787,CL00241,2025-04-06,Ledger Subscription,subscription,1111.9,0.0,1111.9,Won,79,Amine B.
SAL002684,CL00235,2025-04-06,Ledger Subscription,subscription,856.59,42.83,813.76,Won,47,Yanis F.
SAL001778,CL00147,2025-04-06,Premium Support,subscription,410.23,82.05,328.18,Won,90,Amine B.
SAL002574,CL00222,2025-04-06,Training & Onboarding,one_time,2487.9,124.4,2363.5,Won,79,Léa M.
SAL000869,CL00075,2025-04-06,Training & Onboarding,one_time,1868.65,0.0,1868.65,Won,57,Yanis F.
SAL002541,CL00221,2025-04-06,Core Premium,subscription,2392.75,0.0,2392.75,Won,45,Sophie L.
SAL000129,CL00012,2025-04-07,Training & Onboarding,one_time,2261.82,0.0,2261.82,Won,119,Yanis F.
SAL000377,CL00034,2025-04-07,Vector Subscription,subscription,1967.71,0.0,1967.71,Won,83,Amine B.
SAL003869,CL00330,2025-04-07,Custom Development,one_time,15776.02,0.0,15776.02,Won,47,Léa M.
SAL005023,CL00411,2025-04-07,Premium Support,subscription,589.84,0.0,589.84,Won,68,Yanis F.
SAL002586,CL00223,2025-04-07,Training & Onboarding,one_time,1881.97,94.1,1787.87,Won,77,Karim T.
SAL004177,CL00347,2025-04-07,Custom Development,one_time,15915.67,2387.35,13528.32,Won,92,Karim T.
SAL001678,CL00135,2025-04-07,Vector Subscription,subscription,1419.65,0.0,1419.65,Won,22,Léa M.
SAL001780,CL00147,2025-04-07,Core Premium,subscription,2763.05,0.0,2763.05,Won,70,Amine B.
SAL000693,CL00067,2025-04-07,Premium Support,subscription,781.94,156.39,625.55,Won,29,Karim T.
SAL004864,CL00399,2025-04-07,Core Premium,subscription,3732.94,0.0,3732.94,Won,110,Léa M.
SAL000299,CL00027,2025-04-08,Custom Development,one_time,11538.71,576.94,10961.77,Won,31,Amine B.
SAL002470,CL00214,2025-04-08,Lex Subscription,subscription,1471.27,0.0,1471.27,Won,39,Amine B.
SAL002441,CL00212,2025-04-08,Training & Onboarding,one_time,3040.82,0.0,3040.82,Won,37,Amine B.
SAL003749,CL00320,2025-04-08,Custom Development,one_time,16065.8,2409.87,13655.93,Won,31,Yanis F.
SAL001438,CL00121,2025-04-08,Core Premium,subscription,4679.57,0.0,4679.57,Won,37,Amine B.
SAL005835,CL00480,2025-04-08,Training & Onboarding,one_time,1901.57,190.16,1711.41,Won,69,Marie D.
SAL005367,CL00441,2025-04-08,Vector Subscription,subscription,1174.57,0.0,1174.57,Won,16,Sophie L.
SAL005630,CL00463,2025-04-08,Premium Support,subscription,277.27,0.0,277.27,Won,68,Karim T.
SAL005632,CL00463,2025-04-09,Custom Development,one_time,14383.19,0.0,14383.19,Won,9,Karim T.
SAL000657,CL00062,2025-04-09,Premium Support,subscription,579.4,0.0,579.4,Won,15,Amine B.
SAL000904,CL00078,2025-04-09,Core Premium,subscription,2364.72,0.0,2364.72,Won,115,Yanis F.
SAL004451,CL00366,2025-04-09,Premium Support,subscription,683.3,0.0,683.3,Won,49,Sophie L.
SAL005235,CL00427,2025-04-09,Lex Subscription,subscription,570.35,114.07,456.28,Won,26,Marie D.
SAL005648,CL00465,2025-04-09,Premium Support,subscription,256.23,12.81,243.42,Won,84,Marie D.
SAL004664,CL00386,2025-04-09,Custom Development,one_time,29165.05,0.0,29165.05,Won,51,Yanis F.
SAL001040,CL00087,2025-04-09,Training & Onboarding,one_time,2018.35,0.0,2018.35,Won,87,Amine B.
SAL000592,CL00057,2025-04-09,Custom Development,one_time,14775.09,0.0,14775.09,Won,45,Marie D.
SAL004921,CL00404,2025-04-09,Lex Subscription,subscription,694.71,104.21,590.5,Won,57,Sophie L.
SAL001501,CL00123,2025-04-09,Vector Subscription,subscription,1298.64,64.93,1233.71,Won,110,Yanis F.
SAL005016,CL00410,2025-04-10,Training & Onboarding,one_time,3363.4,0.0,3363.4,Won,62,Léa M.
SAL001865,CL00154,2025-04-10,Vector Subscription,subscription,1736.85,173.68,1563.17,Won,34,Marie D.
SAL001278,CL00108,2025-04-10,Lex Subscription,subscription,1307.39,0.0,1307.39,Won,85,Sophie L.
SAL003097,CL00261,2025-04-11,Lex Subscription,subscription,979.71,146.96,832.75,Won,39,Yanis F.
SAL004092,CL00341,2025-04-11,Premium Support,subscription,444.39,0.0,444.39,Won,64,Karim T.
SAL003954,CL00334,2025-04-11,Training & Onboarding,one_time,3252.32,0.0,3252.32,Won,66,Karim T.
SAL003601,CL00302,2025-04-11,Lex Subscription,subscription,699.42,69.94,629.48,Won,70,Karim T.
SAL005490,CL00452,2025-04-12,Ledger Subscription,subscription,576.94,0.0,576.94,Won,92,Karim T.
SAL003246,CL00277,2025-04-12,Core Premium,subscription,2848.15,0.0,2848.15,Won,75,Léa M.
SAL001562,CL00125,2025-04-12,Core Premium,subscription,3736.54,186.83,3549.71,Won,105,Amine B.
SAL001937,CL00167,2025-04-12,Ledger Subscription,subscription,333.67,0.0,333.67,Won,59,Yanis F.
SAL003360,CL00283,2025-04-12,Vector Subscription,subscription,995.22,0.0,995.22,Won,59,Yanis F.
SAL003067,CL00257,2025-04-13,Core Premium,subscription,2495.59,124.78,2370.81,Won,83,Sophie L.
SAL004293,CL00355,2025-04-13,Training & Onboarding,one_time,1702.81,0.0,1702.81,Won,35,Marie D.
SAL002994,CL00255,2025-04-13,Vector Subscription,subscription,1145.26,0.0,1145.26,Won,37,Marie D.
SAL002806,CL00241,2025-04-13,Premium Support,subscription,340.92,0.0,340.92,Won,89,Amine B.
SAL003703,CL00316,2025-04-13,Custom Development,one_time,9189.41,0.0,9189.41,Won,58,Marie D.
SAL003025,CL00256,2025-04-13,Lex Subscription,subscription,1293.82,0.0,1293.82,Won,106,Sophie L.
SAL002530,CL00221,2025-04-13,Training & Onboarding,one_time,2097.73,104.89,1992.84,Won,71,Sophie L.
SAL001154,CL00101,2025-04-13,Core Premium,subscription,4857.14,242.86,4614.28,Won,38,Karim T.
SAL000937,CL00079,2025-04-13,Core Premium,subscription,2574.1,0.0,2574.1,Won,86,Yanis F.
SAL005547,CL00455,2025-04-13,Training & Onboarding,one_time,3987.54,199.38,3788.16,Won,62,Sophie L.
SAL001243,CL00107,2025-04-13,Vector Subscription,subscription,1190.0,0.0,1190.0,Won,87,Yanis F.
SAL001807,CL00149,2025-04-14,Core Premium,subscription,4803.57,240.18,4563.39,Won,74,Karim T.
SAL004279,CL00355,2025-04-14,Core Premium,subscription,4907.6,245.38,4662.22,Won,92,Marie D.
SAL006053,CL00497,2025-04-14,Custom Development,one_time,21652.69,1082.63,20570.06,Won,36,Karim T.
SAL003073,CL00257,2025-04-14,Core Premium,subscription,1667.92,0.0,1667.92,Won,56,Sophie L.
SAL001106,CL00093,2025-04-14,Core Premium,subscription,2643.29,0.0,2643.29,Won,28,Karim T.
SAL001772,CL00147,2025-04-14,Vector Subscription,subscription,945.07,47.25,897.82,Won,38,Amine B.
SAL001529,CL00124,2025-04-14,Core Premium,subscription,3756.96,187.85,3569.11,Won,15,Sophie L.
SAL003797,CL00323,2025-04-14,Lex Subscription,subscription,875.06,131.26,743.8,Won,24,Karim T.
SAL001802,CL00148,2025-04-14,Lex Subscription,subscription,1463.55,0.0,1463.55,Won,64,Marie D.
SAL001793,CL00148,2025-04-14,Core Premium,subscription,4724.34,0.0,4724.34,Won,49,Marie D.
SAL003904,CL00330,2025-04-14,Training & Onboarding,one_time,1164.91,0.0,1164.91,Won,42,Léa M.
SAL001935,CL00167,2025-04-15,Vector Subscription,subscription,1764.36,176.44,1587.92,Won,41,Yanis F.
SAL005955,CL00487,2025-04-15,Ledger Subscription,subscription,690.22,0.0,690.22,Won,80,Yanis F.
SAL005047,CL00415,2025-04-15,Core Premium,subscription,4020.89,0.0,4020.89,Won,21,Amine B.
SAL003465,CL00294,2025-04-15,Training & Onboarding,one_time,2535.44,0.0,2535.44,Won,38,Amine B.
SAL003059,CL00257,2025-04-15,Custom Development,one_time,25939.63,0.0,25939.63,Won,55,Sophie L.
SAL005852,CL00481,2025-04-15,Ledger Subscription,subscription,1384.23,138.42,1245.81,Won,48,Karim T.
SAL001908,CL00163,2025-04-16,Custom Development,one_time,24719.18,0.0,24719.18,Won,62,Amine B.
SAL005174,CL00424,2025-04-16,Vector Subscription,subscription,648.72,64.87,583.85,Won,52,Karim T.
SAL001491,CL00123,2025-04-16,Lex Subscription,subscription,1363.2,136.32,1226.88,Won,61,Yanis F.
SAL004641,CL00383,2025-04-16,Premium Support,subscription,457.47,0.0,457.47,Won,85,Léa M.
SAL001862,CL00154,2025-04-16,Training & Onboarding,one_time,3465.04,0.0,3465.04,Won,81,Marie D.
SAL000014,CL00002,2025-04-17,Vector Subscription,subscription,1672.03,83.6,1588.43,Won,15,Marie D.
SAL005951,CL00487,2025-04-17,Training & Onboarding,one_time,2728.47,0.0,2728.47,Won,19,Yanis F.
SAL003344,CL00281,2025-04-17,Core Premium,subscription,4945.68,247.28,4698.4,Won,67,Amine B.
SAL004425,CL00365,2025-04-17,Core Premium,subscription,4434.33,886.87,3547.46,Won,32,Sophie L.
SAL005091,CL00417,2025-04-18,Premium Support,subscription,254.02,12.7,241.32,Won,72,Yanis F.
SAL004453,CL00366,2025-04-18,Custom Development,one_time,13571.36,0.0,13571.36,Won,74,Sophie L.
SAL004081,CL00341,2025-04-18,Ledger Subscription,subscription,561.45,56.14,505.31,Won,50,Karim T.
SAL000226,CL00020,2025-04-18,Premium Support,subscription,467.59,0.0,467.59,Won,22,Sophie L.
SAL004310,CL00355,2025-04-18,Lex Subscription,subscription,1276.05,63.8,1212.25,Won,58,Marie D.
SAL005151,CL00423,2025-04-19,Custom Development,one_time,13791.69,0.0,13791.69,Won,62,Marie D.
SAL001251,CL00107,2025-04-19,Vector Subscription,subscription,587.2,0.0,587.2,Won,34,Yanis F.
SAL003529,CL00296,2025-04-19,Custom Development,one_time,27263.89,0.0,27263.89,Won,29,Amine B.
SAL002247,CL00193,2025-04-20,Core Premium,subscription,4764.25,0.0,4764.25,Won,43,Karim T.
SAL000540,CL00054,2025-04-20,Lex Subscription,subscription,631.9,0.0,631.9,Won,47,Léa M.
SAL003107,CL00262,2025-04-20,Custom Development,one_time,29794.6,2979.46,26815.14,Won,51,Yanis F.
SAL000921,CL00078,2025-04-20,Lex Subscription,subscription,776.32,77.63,698.69,Won,102,Yanis F.
SAL004016,CL00335,2025-04-20,Lex Subscription,subscription,564.45,0.0,564.45,Won,59,Léa M.
SAL005698,CL00470,2025-04-20,Training & Onboarding,one_time,3085.54,0.0,3085.54,Won,28,Marie D.
SAL002525,CL00221,2025-04-21,Ledger Subscription,subscription,1042.33,0.0,1042.33,Won,73,Sophie L.
SAL005860,CL00481,2025-04-21,Core Premium,subscription,4491.4,0.0,4491.4,Won,48,Karim T.
SAL005020,CL00411,2025-04-21,Custom Development,one_time,11353.53,1135.35,10218.18,Won,19,Yanis F.
SAL000975,CL00082,2025-04-21,Lex Subscription,subscription,480.52,0.0,480.52,Won,57,Sophie L.
SAL003033,CL00256,2025-04-21,Vector Subscription,subscription,722.97,0.0,722.97,Won,42,Sophie L.
SAL005902,CL00484,2025-04-21,Core Premium,subscription,3171.17,317.12,2854.05,Won,39,Marie D.
SAL004061,CL00340,2025-04-21,Lex Subscription,subscription,490.91,49.09,441.82,Won,79,Sophie L.
SAL004239,CL00349,2025-04-22,Lex Subscription,subscription,615.91,30.8,585.11,Won,89,Yanis F.
SAL003506,CL00294,2025-04-22,Custom Development,one_time,11533.67,0.0,11533.67,Won,96,Amine B.
SAL005771,CL00477,2025-04-22,Vector Subscription,subscription,1612.38,0.0,1612.38,Won,68,Sophie L.
SAL003251,CL00277,2025-04-22,Training & Onboarding,one_time,2233.98,0.0,2233.98,Won,69,Léa M.
SAL002208,CL00190,2025-04-22,Training & Onboarding,one_time,2212.05,331.81,1880.24,Won,22,Marie D.
SAL001963,CL00169,2025-04-22,Premium Support,subscription,656.44,32.82,623.62,Won,58,Amine B.
SAL004911,CL00404,2025-04-22,Ledger Subscription,subscription,510.99,0.0,510.99,Won,84,Sophie L.
SAL005450,CL00449,2025-04-23,Core Premium,subscription,1728.59,0.0,1728.59,Won,56,Sophie L.
SAL005042,CL00415,2025-04-23,Core Premium,subscription,2019.79,100.99,1918.8,Won,63,Amine B.
SAL004301,CL00355,2025-04-23,Training & Onboarding,one_time,1727.0,0.0,1727.0,Won,71,Marie D.
SAL001078,CL00090,2025-04-23,Premium Support,subscription,288.22,43.23,244.99,Won,15,Marie D.
SAL000184,CL00015,2025-04-23,Vector Subscription,subscription,1304.4,65.22,1239.18,Won,85,Sophie L.
SAL001704,CL00139,2025-04-23,Premium Support,subscription,409.51,0.0,409.51,Won,23,Amine B.
SAL001290,CL00108,2025-04-23,Premium Support,subscription,393.88,39.39,354.49,Won,97,Sophie L.
SAL002572,CL00222,2025-04-24,Premium Support,subscription,699.68,0.0,699.68,Won,17,Léa M.
SAL001042,CL00087,2025-04-24,Custom Development,one_time,15022.1,0.0,15022.1,Won,84,Amine B.
SAL003863,CL00330,2025-04-24,Custom Development,one_time,8043.81,0.0,8043.81,Won,81,Léa M.
SAL005646,CL00465,2025-04-25,Core Premium,subscription,2908.32,145.42,2762.9,Won,12,Marie D.
SAL001190,CL00103,2025-04-25,Training & Onboarding,one_time,3298.45,0.0,3298.45,Won,46,Sophie L.
SAL003126,CL00264,2025-04-25,Core Premium,subscription,3868.11,386.81,3481.3,Won,49,Yanis F.
SAL002229,CL00193,2025-04-25,Custom Development,one_time,16057.31,0.0,16057.31,Won,98,Karim T.
SAL003501,CL00294,2025-04-25,Core Premium,subscription,1991.52,199.15,1792.37,Won,77,Amine B.
SAL003380,CL00284,2025-04-25,Ledger Subscription,subscription,514.72,0.0,514.72,Won,30,Léa M.
SAL003681,CL00313,2025-04-26,Ledger Subscription,subscription,1109.44,221.89,887.55,Won,13,Yanis F.
SAL005036,CL00415,2025-04-26,Training & Onboarding,one_time,2975.53,0.0,2975.53,Won,23,Amine B.
SAL005160,CL00423,2025-04-26,Lex Subscription,subscription,532.23,0.0,532.23,Won,44,Marie D.
SAL003910,CL00331,2025-04-26,Training & Onboarding,one_time,2866.58,143.33,2723.25,Won,72,Léa M.
SAL000851,CL00075,2025-04-26,Premium Support,subscription,691.54,103.73,587.81,Won,58,Yanis F.
SAL004772,CL00396,2025-04-26,Lex Subscription,subscription,1190.52,0.0,1190.52,Won,23,Karim T.
SAL002639,CL00228,2025-04-26,Custom Development,one_time,25897.96,0.0,25897.96,Won,9,Amine B.
SAL003587,CL00301,2025-04-26,Vector Subscription,subscription,669.5,33.47,636.03,Won,87,Sophie L.
SAL005470,CL00450,2025-04-26,Premium Support,subscription,446.95,0.0,446.95,Won,85,Sophie L.
SAL003775,CL00322,2025-04-26,Training & Onboarding,one_time,3295.53,329.55,2965.98,Won,68,Sophie L.
SAL005943,CL00486,2025-04-26,Premium Support,subscription,296.09,59.22,236.87,Won,97,Léa M.
SAL003318,CL00281,2025-04-27,Ledger Subscription,subscription,871.19,0.0,871.19,Won,48,Amine B.
SAL000850,CL00075,2025-04-27,Premium Support,subscription,643.15,0.0,643.15,Won,90,Yanis F.
SAL001667,CL00134,2025-04-27,Training & Onboarding,one_time,2241.29,336.19,1905.1,Won,67,Amine B.
SAL003793,CL00322,2025-04-27,Core Premium,subscription,4522.27,678.34,3843.93,Won,57,Sophie L.
SAL005702,CL00470,2025-04-27,Core Premium,subscription,4743.98,0.0,4743.98,Won,86,Marie D.
SAL004151,CL00347,2025-04-27,Training & Onboarding,one_time,2886.12,144.31,2741.81,Won,45,Karim T.
SAL004087,CL00341,2025-04-27,Custom Development,one_time,28511.9,1425.59,27086.31,Won,45,Karim T.
SAL000643,CL00061,2025-04-28,Premium Support,subscription,723.92,72.39,651.53,Won,90,Sophie L.
SAL005456,CL00449,2025-04-28,Core Premium,subscription,1981.73,0.0,1981.73,Won,41,Sophie L.
SAL002269,CL00195,2025-04-28,Training & Onboarding,one_time,1008.39,151.26,857.13,Won,70,Yanis F.
SAL003417,CL00289,2025-04-28,Lex Subscription,subscription,895.34,0.0,895.34,Won,41,Marie D.
SAL004522,CL00374,2025-04-28,Vector Subscription,subscription,1204.9,120.49,1084.41,Won,64,Léa M.
SAL001259,CL00107,2025-04-28,Premium Support,subscription,625.46,31.27,594.19,Won,70,Yanis F.
SAL004220,CL00348,2025-04-28,Vector Subscription,subscription,1526.98,0.0,1526.98,Won,37,Léa M.
SAL002741,CL00238,2025-04-28,Core Premium,subscription,4547.39,0.0,4547.39,Won,82,Sophie L.
SAL002363,CL00204,2025-04-29,Core Premium,subscription,2080.23,0.0,2080.23,Won,32,Yanis F.
SAL006094,CL00498,2025-04-29,Core Premium,subscription,2367.23,236.72,2130.51,Won,69,Léa M.
SAL001241,CL00107,2025-04-29,Vector Subscription,subscription,799.01,0.0,799.01,Won,44,Yanis F.
SAL004682,CL00386,2025-04-29,Lex Subscription,subscription,723.05,0.0,723.05,Won,72,Yanis F.
SAL004614,CL00380,2025-04-29,Training & Onboarding,one_time,1297.25,129.73,1167.52,Won,40,Léa M.
SAL000190,CL00017,2025-04-29,Vector Subscription,subscription,1915.5,191.55,1723.95,Won,68,Karim T.
SAL005281,CL00431,2025-04-29,Core Premium,subscription,6096.04,914.41,5181.63,Won,80,Amine B.
SAL005745,CL00475,2025-04-29,Premium Support,subscription,728.21,36.41,691.8,Won,22,Sophie L.
SAL002351,CL00204,2025-04-30,Ledger Subscription,subscription,1065.3,0.0,1065.3,Won,71,Yanis F.
SAL006036,CL00496,2025-04-30,Lex Subscription,subscription,689.97,0.0,689.97,Won,88,Amine B.
SAL001815,CL00150,2025-04-30,Ledger Subscription,subscription,889.19,44.46,844.73,Won,67,Amine B.
SAL004325,CL00355,2025-04-30,Custom Development,one_time,19399.06,1939.91,17459.15,Won,52,Marie D.
SAL005188,CL00424,2025-04-30,Core Premium,subscription,2779.08,277.91,2501.17,Won,22,Karim T.
SAL004369,CL00360,2025-04-30,Training & Onboarding,one_time,1487.67,223.15,1264.52,Won,36,Karim T.
SAL000086,CL00009,2025-04-30,Vector Subscription,subscription,1291.59,64.58,1227.01,Won,60,Amine B.
SAL003925,CL00332,2025-04-30,Ledger Subscription,subscription,728.75,0.0,728.75,Won,87,Amine B.
SAL003451,CL00293,2025-04-30,Lex Subscription,subscription,471.7,47.17,424.53,Won,102,Karim T.
SAL000615,CL00059,2025-05-01,Premium Support,subscription,599.86,29.99,569.87,Won,33,Karim T.
SAL005479,CL00452,2025-05-01,Vector Subscription,subscription,2531.77,0.0,2531.77,Won,94,Karim T.
SAL001712,CL00140,2025-05-01,Core Premium,subscription,2665.39,266.54,2398.85,Won,40,Marie D.
SAL001473,CL00122,2025-05-01,Core Premium,subscription,4139.27,206.96,3932.31,Won,8,Marie D.
SAL005517,CL00455,2025-05-02,Ledger Subscription,subscription,785.03,0.0,785.03,Won,32,Sophie L.
SAL004823,CL00399,2025-05-02,Lex Subscription,subscription,1019.48,101.95,917.53,Won,117,Léa M.
SAL002460,CL00214,2025-05-02,Custom Development,one_time,26994.02,4049.1,22944.92,Won,78,Amine B.
SAL001787,CL00148,2025-05-02,Vector Subscription,subscription,1773.81,0.0,1773.81,Won,29,Marie D.
SAL002053,CL00178,2025-05-02,Core Premium,subscription,2959.99,296.0,2663.99,Won,84,Karim T.
SAL004484,CL00371,2025-05-03,Ledger Subscription,subscription,682.2,0.0,682.2,Won,64,Léa M.
SAL000163,CL00014,2025-05-03,Vector Subscription,subscription,649.81,32.49,617.32,Won,33,Yanis F.
SAL001622,CL00132,2025-05-03,Core Premium,subscription,2792.17,418.83,2373.34,Won,16,Karim T.
SAL005434,CL00447,2025-05-03,Premium Support,subscription,320.72,32.07,288.65,Won,36,Sophie L.
SAL003403,CL00286,2025-05-03,Premium Support,subscription,775.47,77.55,697.92,Won,48,Yanis F.
SAL001774,CL00147,2025-05-04,Training & Onboarding,one_time,1255.95,62.8,1193.15,Won,46,Amine B.
SAL000547,CL00054,2025-05-04,Core Premium,subscription,2674.76,401.21,2273.55,Won,92,Léa M.
SAL000995,CL00084,2025-05-04,Core Premium,subscription,2845.33,0.0,2845.33,Won,90,Karim T.
SAL002436,CL00212,2025-05-04,Vector Subscription,subscription,1228.02,0.0,1228.02,Won,53,Amine B.
SAL004275,CL00355,2025-05-05,Core Premium,subscription,4797.65,479.77,4317.88,Won,70,Marie D.
SAL001258,CL00107,2025-05-05,Custom Development,one_time,17661.7,0.0,17661.7,Won,57,Yanis F.
SAL000331,CL00030,2025-05-05,Lex Subscription,subscription,1157.71,0.0,1157.71,Won,31,Karim T.
SAL000593,CL00057,2025-05-05,Training & Onboarding,one_time,2627.39,0.0,2627.39,Won,83,Marie D.
SAL006067,CL00498,2025-05-05,Core Premium,subscription,1904.27,0.0,1904.27,Won,21,Léa M.
SAL005234,CL00427,2025-05-05,Lex Subscription,subscription,732.18,36.61,695.57,Won,62,Marie D.
SAL001822,CL00151,2025-05-05,Premium Support,subscription,580.01,0.0,580.01,Won,15,Marie D.
SAL005132,CL00421,2025-05-05,Custom Development,one_time,25886.07,0.0,25886.07,Won,8,Marie D.
SAL004007,CL00335,2025-05-05,Custom Development,one_time,28218.71,2821.87,25396.84,Won,85,Léa M.
SAL001169,CL00103,2025-05-06,Vector Subscription,subscription,1622.92,81.15,1541.77,Won,74,Sophie L.
SAL004005,CL00335,2025-05-06,Premium Support,subscription,322.34,16.12,306.22,Won,117,Léa M.
SAL004209,CL00348,2025-05-06,Lex Subscription,subscription,421.08,0.0,421.08,Won,89,Léa M.
SAL002342,CL00203,2025-05-06,Vector Subscription,subscription,550.22,0.0,550.22,Won,17,Karim T.
SAL005933,CL00486,2025-05-07,Core Premium,subscription,4284.9,0.0,4284.9,Won,46,Léa M.
SAL002539,CL00221,2025-05-07,Training & Onboarding,one_time,1687.63,168.76,1518.87,Won,87,Sophie L.
SAL002457,CL00214,2025-05-07,Vector Subscription,subscription,920.85,0.0,920.85,Won,57,Amine B.
SAL001044,CL00087,2025-05-07,Training & Onboarding,one_time,2364.74,118.24,2246.5,Won,36,Amine B.
SAL002550,CL00221,2025-05-07,Vector Subscription,subscription,872.27,0.0,872.27,Won,88,Sophie L.
SAL005732,CL00474,2025-05-07,Lex Subscription,subscription,410.79,0.0,410.79,Won,11,Léa M.
SAL002824,CL00241,2025-05-07,Lex Subscription,subscription,661.8,99.27,562.53,Won,73,Amine B.
SAL002930,CL00251,2025-05-08,Lex Subscription,subscription,827.31,41.37,785.94,Won,25,Sophie L.
SAL000680,CL00067,2025-05-08,Ledger Subscription,subscription,1044.51,52.23,992.28,Won,37,Karim T.
SAL006047,CL00497,2025-05-08,Training & Onboarding,one_time,1767.56,0.0,1767.56,Won,24,Karim T.
SAL002993,CL00255,2025-05-08,Ledger Subscription,subscription,453.47,0.0,453.47,Won,117,Marie D.
SAL001517,CL00124,2025-05-08,Ledger Subscription,subscription,343.11,68.62,274.49,Won,73,Sophie L.
SAL005906,CL00484,2025-05-08,Custom Development,one_time,19816.01,2972.4,16843.61,Won,41,Marie D.
SAL004307,CL00355,2025-05-08,Core Premium,subscription,2076.13,0.0,2076.13,Won,110,Marie D.
SAL000323,CL00030,2025-05-08,Training & Onboarding,one_time,1778.08,0.0,1778.08,Won,50,Karim T.
SAL005851,CL00481,2025-05-08,Training & Onboarding,one_time,4609.17,230.46,4378.71,Won,27,Karim T.
SAL002654,CL00231,2025-05-08,Lex Subscription,subscription,453.24,22.66,430.58,Won,11,Marie D.
SAL003123,CL00263,2025-05-08,Vector Subscription,subscription,1643.71,0.0,1643.71,Won,57,Léa M.
SAL002854,CL00243,2025-05-08,Ledger Subscription,subscription,433.45,0.0,433.45,Won,29,Léa M.
SAL000841,CL00074,2025-05-09,Lex Subscription,subscription,860.09,86.01,774.08,Won,80,Léa M.
SAL000582,CL00057,2025-05-09,Custom Development,one_time,6488.61,0.0,6488.61,Won,45,Marie D.
SAL002028,CL00175,2025-05-09,Vector Subscription,subscription,928.49,0.0,928.49,Won,8,Amine B.
SAL000470,CL00050,2025-05-09,Training & Onboarding,one_time,1121.67,224.33,897.34,Won,98,Léa M.
SAL004020,CL00335,2025-05-09,Training & Onboarding,one_time,2310.69,115.53,2195.16,Won,108,Léa M.
SAL002851,CL00243,2025-05-10,Premium Support,subscription,458.18,22.91,435.27,Won,16,Léa M.
SAL005953,CL00487,2025-05-10,Training & Onboarding,one_time,1229.48,0.0,1229.48,Won,40,Yanis F.
SAL002429,CL00212,2025-05-10,Core Premium,subscription,1788.28,178.83,1609.45,Won,58,Amine B.
SAL004438,CL00366,2025-05-10,Custom Development,one_time,23156.78,1157.84,21998.94,Won,71,Sophie L.
SAL001728,CL00142,2025-05-10,Ledger Subscription,subscription,305.97,0.0,305.97,Won,76,Karim T.
SAL003462,CL00293,2025-05-10,Lex Subscription,subscription,563.43,28.17,535.26,Won,82,Karim T.
SAL000562,CL00054,2025-05-10,Lex Subscription,subscription,981.54,98.15,883.39,Won,29,Léa M.
SAL003294,CL00280,2025-05-11,Training & Onboarding,one_time,3940.44,394.04,3546.4,Won,81,Léa M.
SAL003645,CL00305,2025-05-11,Vector Subscription,subscription,1698.51,84.93,1613.58,Won,41,Amine B.
SAL002449,CL00214,2025-05-11,Training & Onboarding,one_time,3026.56,302.66,2723.9,Won,44,Amine B.
SAL001235,CL00107,2025-05-11,Core Premium,subscription,2840.02,142.0,2698.02,Won,48,Yanis F.
SAL001744,CL00143,2025-05-11,Training & Onboarding,one_time,3133.72,0.0,3133.72,Won,20,Yanis F.
SAL003011,CL00256,2025-05-11,Custom Development,one_time,17839.1,891.95,16947.15,Won,69,Sophie L.
SAL005337,CL00438,2025-05-11,Core Premium,subscription,4118.52,0.0,4118.52,Won,36,Karim T.
SAL000835,CL00074,2025-05-11,Training & Onboarding,one_time,2375.29,0.0,2375.29,Won,17,Léa M.
SAL005088,CL00417,2025-05-12,Lex Subscription,subscription,684.56,34.23,650.33,Won,18,Yanis F.
SAL000546,CL00054,2025-05-12,Lex Subscription,subscription,1280.71,0.0,1280.71,Won,30,Léa M.
SAL004777,CL00397,2025-05-12,Lex Subscription,subscription,1458.93,72.95,1385.98,Won,44,Yanis F.
SAL000143,CL00012,2025-05-12,Premium Support,subscription,257.62,0.0,257.62,Won,21,Yanis F.
SAL001657,CL00133,2025-05-12,Core Premium,subscription,3069.52,0.0,3069.52,Won,23,Sophie L.
SAL003679,CL00313,2025-05-13,Premium Support,subscription,733.94,0.0,733.94,Won,42,Yanis F.
SAL001615,CL00132,2025-05-13,Custom Development,one_time,16260.01,0.0,16260.01,Won,83,Karim T.
SAL005275,CL00431,2025-05-13,Vector Subscription,subscription,1152.49,57.62,1094.87,Won,42,Amine B.
SAL002383,CL00205,2025-05-13,Training & Onboarding,one_time,2676.87,0.0,2676.87,Won,89,Amine B.
SAL003736,CL00318,2025-05-13,Vector Subscription,subscription,922.42,0.0,922.42,Won,17,Yanis F.
SAL004079,CL00341,2025-05-13,Core Premium,subscription,3802.36,0.0,3802.36,Won,78,Karim T.
SAL002065,CL00178,2025-05-14,Core Premium,subscription,1650.5,0.0,1650.5,Won,72,Karim T.
SAL005779,CL00479,2025-05-14,Ledger Subscription,subscription,1122.94,0.0,1122.94,Won,97,Yanis F.
SAL000475,CL00050,2025-05-14,Custom Development,one_time,25540.78,0.0,25540.78,Won,100,Léa M.
SAL005175,CL00424,2025-05-14,Vector Subscription,subscription,565.05,84.76,480.29,Won,83,Karim T.
SAL003982,CL00335,2025-05-15,Lex Subscription,subscription,1123.84,112.38,1011.46,Won,48,Léa M.
SAL000808,CL00073,2025-05-15,Premium Support,subscription,762.34,0.0,762.34,Won,74,Yanis F.
SAL000765,CL00071,2025-05-15,Vector Subscription,subscription,745.06,0.0,745.06,Won,30,Léa M.
SAL005463,CL00450,2025-05-15,Training & Onboarding,one_time,3902.66,195.13,3707.53,Won,68,Sophie L.
SAL005714,CL00471,2025-05-15,Core Premium,subscription,3958.75,0.0,3958.75,Won,26,Yanis F.
SAL001864,CL00154,2025-05-15,Vector Subscription,subscription,778.07,0.0,778.07,Won,70,Marie D.
SAL004089,CL00341,2025-05-15,Core Premium,subscription,4638.44,0.0,4638.44,Won,57,Karim T.
SAL003194,CL00271,2025-05-15,Custom Development,one_time,23446.54,1172.33,22274.21,Won,24,Yanis F.
SAL001108,CL00094,2025-05-16,Premium Support,subscription,593.24,88.99,504.25,Won,74,Amine B.
SAL006040,CL00496,2025-05-16,Lex Subscription,subscription,789.25,118.39,670.86,Won,52,Amine B.
SAL005048,CL00415,2025-05-16,Ledger Subscription,subscription,779.53,0.0,779.53,Won,15,Amine B.
SAL001141,CL00100,2025-05-16,Training & Onboarding,one_time,3795.41,0.0,3795.41,Won,65,Marie D.
SAL005762,CL00477,2025-05-16,Vector Subscription,subscription,1324.4,132.44,1191.96,Won,9,Sophie L.
SAL004233,CL00348,2025-05-16,Training & Onboarding,one_time,1407.02,0.0,1407.02,Won,48,Léa M.
SAL003641,CL00305,2025-05-16,Premium Support,subscription,671.35,134.27,537.08,Won,35,Amine B.
SAL001220,CL00107,2025-05-16,Core Premium,subscription,2947.8,147.39,2800.41,Won,38,Yanis F.
SAL001116,CL00095,2025-05-17,Lex Subscription,subscription,587.59,0.0,587.59,Won,77,Amine B.
SAL003979,CL00335,2025-05-17,Vector Subscription,subscription,591.29,0.0,591.29,Won,87,Léa M.
SAL004083,CL00341,2025-05-17,Ledger Subscription,subscription,856.46,0.0,856.46,Won,55,Karim T.
SAL001047,CL00088,2025-05-17,Premium Support,subscription,782.73,0.0,782.73,Won,49,Amine B.
SAL001868,CL00155,2025-05-17,Lex Subscription,subscription,946.49,94.65,851.84,Won,31,Marie D.
SAL003173,CL00268,2025-05-17,Premium Support,subscription,270.18,0.0,270.18,Won,57,Karim T.
SAL006049,CL00497,2025-05-18,Ledger Subscription,subscription,659.2,0.0,659.2,Won,43,Karim T.
SAL003109,CL00262,2025-05-18,Vector Subscription,subscription,956.48,0.0,956.48,Won,46,Yanis F.
SAL005538,CL00455,2025-05-18,Ledger Subscription,subscription,350.19,17.51,332.68,Won,62,Sophie L.
SAL005127,CL00421,2025-05-18,Ledger Subscription,subscription,457.77,22.89,434.88,Won,49,Marie D.
SAL000395,CL00040,2025-05-18,Training & Onboarding,one_time,2505.42,0.0,2505.42,Won,50,Amine B.
SAL002163,CL00188,2025-05-18,Core Premium,subscription,4116.93,0.0,4116.93,Won,14,Léa M.
SAL004630,CL00382,2025-05-18,Training & Onboarding,one_time,3730.34,0.0,3730.34,Won,10,Marie D.
SAL001332,CL00112,2025-05-18,Vector Subscription,subscription,654.69,0.0,654.69,Won,57,Karim T.
SAL005326,CL00438,2025-05-19,Core Premium,subscription,2865.15,0.0,2865.15,Won,117,Karim T.
SAL001263,CL00108,2025-05-19,Vector Subscription,subscription,1025.23,0.0,1025.23,Won,101,Sophie L.
SAL001727,CL00142,2025-05-19,Premium Support,subscription,780.65,0.0,780.65,Won,25,Karim T.
SAL000222,CL00020,2025-05-19,Vector Subscription,subscription,1086.12,162.92,923.2,Won,43,Sophie L.
SAL001741,CL00143,2025-05-19,Ledger Subscription,subscription,938.39,46.92,891.47,Won,7,Yanis F.
SAL004110,CL00342,2025-05-19,Vector Subscription,subscription,523.4,0.0,523.4,Won,21,Amine B.
SAL002986,CL00255,2025-05-19,Training & Onboarding,one_time,3862.42,0.0,3862.42,Won,25,Marie D.
SAL003279,CL00278,2025-05-20,Core Premium,subscription,3972.91,0.0,3972.91,Won,79,Yanis F.
SAL002146,CL00185,2025-05-20,Training & Onboarding,one_time,2400.14,0.0,2400.14,Won,57,Yanis F.
SAL006088,CL00498,2025-05-20,Training & Onboarding,one_time,3956.94,197.85,3759.09,Won,88,Léa M.
SAL003644,CL00305,2025-05-20,Training & Onboarding,one_time,2735.27,547.05,2188.22,Won,18,Amine B.
SAL003210,CL00274,2025-05-20,Premium Support,subscription,696.01,139.2,556.81,Won,45,Marie D.
SAL004105,CL00342,2025-05-20,Ledger Subscription,subscription,1058.83,0.0,1058.83,Won,53,Amine B.
SAL005832,CL00480,2025-05-20,Custom Development,one_time,20791.92,2079.19,18712.73,Won,101,Marie D.
SAL004266,CL00351,2025-05-20,Training & Onboarding,one_time,3867.12,386.71,3480.41,Won,16,Léa M.
SAL000877,CL00075,2025-05-20,Ledger Subscription,subscription,361.46,18.07,343.39,Won,25,Yanis F.
SAL001050,CL00088,2025-05-21,Lex Subscription,subscription,670.43,67.04,603.39,Won,21,Amine B.
SAL001454,CL00121,2025-05-21,Premium Support,subscription,360.16,0.0,360.16,Won,63,Amine B.
SAL005388,CL00443,2025-05-21,Premium Support,subscription,350.61,0.0,350.61,Won,31,Sophie L.
SAL004286,CL00355,2025-05-21,Vector Subscription,subscription,713.13,35.66,677.47,Won,53,Marie D.
SAL000827,CL00074,2025-05-21,Core Premium,subscription,4062.97,203.15,3859.82,Won,85,Léa M.
SAL003668,CL00309,2025-05-21,Premium Support,subscription,618.0,0.0,618.0,Won,22,Karim T.
SAL000971,CL00081,2025-05-21,Core Premium,subscription,4619.06,461.91,4157.15,Won,87,Léa M.
SAL003205,CL00273,2025-05-21,Ledger Subscription,subscription,539.46,0.0,539.46,Won,87,Marie D.
SAL004356,CL00360,2025-05-21,Premium Support,subscription,298.31,0.0,298.31,Won,67,Karim T.
SAL000152,CL00012,2025-05-22,Vector Subscription,subscription,1616.3,161.63,1454.67,Won,36,Yanis F.
SAL004168,CL00347,2025-05-22,Lex Subscription,subscription,615.26,0.0,615.26,Won,44,Karim T.
SAL001301,CL00110,2025-05-22,Custom Development,one_time,29289.22,0.0,29289.22,Won,42,Karim T.
SAL000161,CL00014,2025-05-22,Custom Development,one_time,16959.25,3391.85,13567.4,Won,30,Yanis F.
SAL001610,CL00131,2025-05-22,Lex Subscription,subscription,1054.69,0.0,1054.69,Won,82,Marie D.
SAL005079,CL00417,2025-05-22,Premium Support,subscription,552.73,0.0,552.73,Won,78,Yanis F.
SAL003741,CL00318,2025-05-23,Premium Support,subscription,490.81,73.62,417.19,Won,26,Yanis F.
SAL001760,CL00146,2025-05-23,Ledger Subscription,subscription,344.66,17.23,327.43,Won,60,Marie D.
SAL003043,CL00256,2025-05-24,Premium Support,subscription,626.29,31.31,594.98,Won,30,Sophie L.
SAL005469,CL00450,2025-05-24,Lex Subscription,subscription,1338.25,0.0,1338.25,Won,90,Sophie L.
SAL005622,CL00462,2025-05-24,Ledger Subscription,subscription,923.72,0.0,923.72,Won,77,Marie D.
SAL005495,CL00452,2025-05-24,Premium Support,subscription,975.61,97.56,878.05,Won,89,Karim T.
SAL005941,CL00486,2025-05-24,Vector Subscription,subscription,1686.03,0.0,1686.03,Won,69,Léa M.
SAL000081,CL00009,2025-05-24,Lex Subscription,subscription,1311.84,65.59,1246.25,Won,53,Amine B.
SAL000936,CL00079,2025-05-24,Core Premium,subscription,2946.24,0.0,2946.24,Won,43,Yanis F.
SAL004892,CL00402,2025-05-24,Custom Development,one_time,6412.36,641.24,5771.12,Won,29,Léa M.
SAL003122,CL00263,2025-05-24,Training & Onboarding,one_time,2348.8,0.0,2348.8,Won,70,Léa M.
SAL000185,CL00016,2025-05-24,Lex Subscription,subscription,1226.33,183.95,1042.38,Won,78,Karim T.
SAL003061,CL00257,2025-05-24,Core Premium,subscription,4988.9,498.89,4490.01,Won,44,Sophie L.
SAL002207,CL00190,2025-05-24,Vector Subscription,subscription,568.77,0.0,568.77,Won,87,Marie D.
SAL004984,CL00407,2025-05-25,Premium Support,subscription,423.4,0.0,423.4,Won,51,Karim T.
SAL003693,CL00313,2025-05-25,Premium Support,subscription,405.93,60.89,345.04,Won,79,Yanis F.
SAL001494,CL00123,2025-05-25,Training & Onboarding,one_time,3599.22,0.0,3599.22,Won,82,Yanis F.
SAL005828,CL00480,2025-05-25,Vector Subscription,subscription,1972.67,295.9,1676.77,Won,87,Marie D.
SAL003016,CL00256,2025-05-25,Vector Subscription,subscription,1946.92,0.0,1946.92,Won,110,Sophie L.
SAL004208,CL00348,2025-05-26,Ledger Subscription,subscription,976.32,0.0,976.32,Won,62,Léa M.
SAL003298,CL00280,2025-05-26,Training & Onboarding,one_time,1920.43,0.0,1920.43,Won,26,Léa M.
SAL005826,CL00480,2025-05-26,Vector Subscription,subscription,834.09,0.0,834.09,Won,32,Marie D.
SAL002969,CL00253,2025-05-27,Training & Onboarding,one_time,1902.17,285.33,1616.84,Won,28,Yanis F.
SAL002027,CL00175,2025-05-27,Ledger Subscription,subscription,737.47,0.0,737.47,Won,72,Amine B.
SAL002597,CL00224,2025-05-27,Training & Onboarding,one_time,3289.35,328.93,2960.42,Won,21,Karim T.
SAL000197,CL00017,2025-05-27,Custom Development,one_time,15790.54,1579.05,14211.49,Won,15,Karim T.
SAL002707,CL00236,2025-05-27,Lex Subscription,subscription,1198.65,119.86,1078.79,Won,38,Yanis F.
SAL000287,CL00027,2025-05-27,Core Premium,subscription,1566.42,78.32,1488.1,Won,68,Amine B.
SAL000534,CL00054,2025-05-27,Vector Subscription,subscription,1326.5,132.65,1193.85,Won,113,Léa M.
SAL001954,CL00168,2025-05-27,Custom Development,one_time,15485.51,0.0,15485.51,Won,89,Yanis F.
SAL002758,CL00239,2025-05-27,Premium Support,subscription,420.4,0.0,420.4,Won,45,Yanis F.
SAL003834,CL00328,2025-05-27,Custom Development,one_time,33958.9,0.0,33958.9,Won,60,Yanis F.
SAL005980,CL00490,2025-05-27,Lex Subscription,subscription,919.91,0.0,919.91,Won,14,Sophie L.
SAL002531,CL00221,2025-05-27,Core Premium,subscription,1534.21,76.71,1457.5,Won,106,Sophie L.
SAL001035,CL00087,2025-05-27,Custom Development,one_time,26849.39,0.0,26849.39,Won,24,Amine B.
SAL000253,CL00027,2025-05-27,Custom Development,one_time,13277.97,2655.59,10622.38,Won,63,Amine B.
SAL000489,CL00051,2025-05-27,Premium Support,subscription,422.35,21.12,401.23,Won,81,Amine B.
SAL005731,CL00474,2025-05-28,Core Premium,subscription,4431.69,221.58,4210.11,Won,17,Léa M.
SAL003395,CL00286,2025-05-28,Ledger Subscription,subscription,999.94,0.0,999.94,Won,23,Yanis F.
SAL000763,CL00071,2025-05-28,Core Premium,subscription,2930.29,293.03,2637.26,Won,118,Léa M.
SAL001148,CL00101,2025-05-28,Training & Onboarding,one_time,3838.59,0.0,3838.59,Won,53,Karim T.
SAL001151,CL00101,2025-05-28,Core Premium,subscription,1985.15,198.52,1786.63,Won,8,Karim T.
SAL004067,CL00341,2025-05-28,Custom Development,one_time,7726.67,0.0,7726.67,Won,20,Karim T.
SAL002450,CL00214,2025-05-28,Training & Onboarding,one_time,1862.72,0.0,1862.72,Won,19,Amine B.
SAL005993,CL00491,2025-05-28,Premium Support,subscription,285.61,0.0,285.61,Won,34,Amine B.
SAL003052,CL00257,2025-05-28,Training & Onboarding,one_time,2825.25,141.26,2683.99,Won,73,Sophie L.
SAL006023,CL00494,2025-05-29,Vector Subscription,subscription,1151.17,0.0,1151.17,Won,41,Amine B.
SAL004311,CL00355,2025-05-29,Vector Subscription,subscription,1641.1,246.16,1394.94,Won,77,Marie D.
SAL001199,CL00103,2025-05-29,Vector Subscription,subscription,1335.18,66.76,1268.42,Won,21,Sophie L.
SAL005153,CL00423,2025-05-29,Ledger Subscription,subscription,320.75,16.04,304.71,Won,25,Marie D.
SAL002900,CL00250,2025-05-29,Training & Onboarding,one_time,4111.27,411.13,3700.14,Won,74,Léa M.
SAL002827,CL00241,2025-05-29,Vector Subscription,subscription,510.39,0.0,510.39,Won,62,Amine B.
SAL000976,CL00082,2025-05-29,Training & Onboarding,one_time,1650.55,0.0,1650.55,Won,7,Sophie L.
SAL004851,CL00399,2025-05-29,Lex Subscription,subscription,531.47,26.57,504.9,Won,62,Léa M.
SAL001662,CL00134,2025-05-30,Core Premium,subscription,2344.67,351.7,1992.97,Won,61,Amine B.
SAL005002,CL00409,2025-05-30,Vector Subscription,subscription,2047.61,0.0,2047.61,Won,32,Marie D.
SAL004052,CL00340,2025-05-30,Vector Subscription,subscription,1041.07,156.16,884.91,Won,24,Sophie L.
SAL001516,CL00124,2025-05-30,Premium Support,subscription,308.87,0.0,308.87,Won,53,Sophie L.
SAL005901,CL00484,2025-05-30,Core Premium,subscription,4269.68,0.0,4269.68,Won,46,Marie D.
SAL001612,CL00131,2025-05-30,Premium Support,subscription,644.89,0.0,644.89,Won,21,Marie D.
SAL002312,CL00201,2025-05-30,Core Premium,subscription,6338.22,633.82,5704.4,Won,75,Sophie L.
SAL000621,CL00059,2025-05-30,Training & Onboarding,one_time,3755.84,0.0,3755.84,Won,90,Karim T.
SAL000923,CL00078,2025-05-30,Ledger Subscription,subscription,1167.53,58.38,1109.15,Won,57,Yanis F.
SAL003669,CL00309,2025-05-31,Premium Support,subscription,571.65,28.58,543.07,Won,59,Karim T.
SAL005022,CL00411,2025-05-31,Lex Subscription,subscription,451.22,90.24,360.98,Won,76,Yanis F.
SAL000573,CL00055,2025-05-31,Custom Development,one_time,29880.32,0.0,29880.32,Won,57,Karim T.
SAL002082,CL00178,2025-05-31,Training & Onboarding,one_time,1043.67,52.18,991.49,Won,39,Karim T.
SAL002772,CL00240,2025-05-31,Core Premium,subscription,3692.71,0.0,3692.71,Won,35,Léa M.
SAL002740,CL00238,2025-06-01,Vector Subscription,subscription,1829.6,182.96,1646.64,Won,35,Sophie L.
SAL003854,CL00330,2025-06-01,Training & Onboarding,one_time,2071.37,103.57,1967.8,Won,53,Léa M.
SAL003998,CL00335,2025-06-01,Premium Support,subscription,544.5,27.22,517.28,Won,24,Léa M.
SAL001008,CL00085,2025-06-01,Custom Development,one_time,12280.34,1842.05,10438.29,Won,64,Marie D.
SAL001246,CL00107,2025-06-01,Vector Subscription,subscription,976.47,0.0,976.47,Won,64,Yanis F.
SAL004982,CL00407,2025-06-01,Ledger Subscription,subscription,752.85,0.0,752.85,Won,35,Karim T.
SAL004258,CL00350,2025-06-01,Custom Development,one_time,28713.71,5742.74,22970.97,Won,26,Yanis F.
SAL004536,CL00374,2025-06-02,Custom Development,one_time,15201.56,760.08,14441.48,Won,73,Léa M.
SAL004040,CL00338,2025-06-02,Lex Subscription,subscription,408.19,20.41,387.78,Won,77,Léa M.
SAL002115,CL00182,2025-06-02,Ledger Subscription,subscription,973.79,97.38,876.41,Won,20,Marie D.
SAL003650,CL00307,2025-06-02,Training & Onboarding,one_time,1037.74,0.0,1037.74,Won,79,Léa M.
SAL003574,CL00300,2025-06-02,Premium Support,subscription,560.57,112.11,448.46,Won,53,Léa M.
SAL000076,CL00009,2025-06-02,Vector Subscription,subscription,1448.78,0.0,1448.78,Won,29,Amine B.
SAL006059,CL00498,2025-06-02,Custom Development,one_time,29763.89,0.0,29763.89,Won,66,Léa M.
SAL000900,CL00078,2025-06-02,Lex Subscription,subscription,659.17,0.0,659.17,Won,36,Yanis F.
SAL004996,CL00409,2025-06-02,Premium Support,subscription,270.93,0.0,270.93,Won,83,Marie D.
SAL005448,CL00448,2025-06-02,Core Premium,subscription,3090.96,0.0,3090.96,Won,74,Léa M.
SAL005323,CL00438,2025-06-03,Custom Development,one_time,26652.74,0.0,26652.74,Won,50,Karim T.
SAL003005,CL00255,2025-06-03,Custom Development,one_time,23472.27,0.0,23472.27,Won,103,Marie D.
SAL000884,CL00075,2025-06-03,Core Premium,subscription,3184.85,318.49,2866.36,Won,84,Yanis F.
SAL003014,CL00256,2025-06-03,Custom Development,one_time,13779.51,0.0,13779.51,Won,78,Sophie L.
SAL000751,CL00071,2025-06-03,Lex Subscription,subscription,796.63,119.49,677.14,Won,110,Léa M.
SAL000741,CL00070,2025-06-03,Premium Support,subscription,231.72,0.0,231.72,Won,56,Yanis F.
SAL003054,CL00257,2025-06-03,Ledger Subscription,subscription,1102.03,165.3,936.73,Won,29,Sophie L.
SAL003303,CL00280,2025-06-03,Vector Subscription,subscription,1110.68,55.53,1055.15,Won,69,Léa M.
SAL004533,CL00374,2025-06-03,Ledger Subscription,subscription,497.44,24.87,472.57,Won,37,Léa M.
SAL003670,CL00309,2025-06-03,Premium Support,subscription,971.22,0.0,971.22,Won,50,Karim T.
SAL004198,CL00347,2025-06-03,Training & Onboarding,one_time,1817.61,90.88,1726.73,Won,94,Karim T.
SAL003375,CL00284,2025-06-04,Core Premium,subscription,3548.57,0.0,3548.57,Won,43,Léa M.
SAL001668,CL00134,2025-06-04,Ledger Subscription,subscription,807.71,0.0,807.71,Won,38,Amine B.
SAL002734,CL00238,2025-06-04,Custom Development,one_time,27138.64,0.0,27138.64,Won,39,Sophie L.
SAL001045,CL00087,2025-06-04,Premium Support,subscription,435.74,21.79,413.95,Won,23,Amine B.
SAL001071,CL00089,2025-06-04,Lex Subscription,subscription,1497.41,0.0,1497.41,Won,71,Yanis F.
SAL002955,CL00253,2025-06-04,Premium Support,subscription,272.37,0.0,272.37,Won,101,Yanis F.
SAL001022,CL00086,2025-06-05,Ledger Subscription,subscription,1145.24,171.79,973.45,Won,79,Marie D.
SAL005374,CL00441,2025-06-05,Premium Support,subscription,310.96,15.55,295.41,Won,39,Sophie L.
SAL003689,CL00313,2025-06-05,Custom Development,one_time,16247.37,0.0,16247.37,Won,41,Yanis F.
SAL004101,CL00342,2025-06-05,Core Premium,subscription,2329.13,116.46,2212.67,Won,7,Amine B.
SAL004928,CL00404,2025-06-05,Lex Subscription,subscription,1430.35,214.55,1215.8,Won,37,Sophie L.
SAL001671,CL00134,2025-06-05,Training & Onboarding,one_time,1392.52,278.5,1114.02,Won,44,Amine B.
SAL002231,CL00193,2025-06-05,Lex Subscription,subscription,953.04,0.0,953.04,Won,64,Karim T.
SAL001036,CL00087,2025-06-05,Lex Subscription,subscription,1201.38,0.0,1201.38,Won,52,Amine B.
SAL005149,CL00423,2025-06-05,Training & Onboarding,one_time,2580.19,0.0,2580.19,Won,73,Marie D.
SAL001939,CL00168,2025-06-05,Custom Development,one_time,25243.22,0.0,25243.22,Won,53,Yanis F.
SAL004162,CL00347,2025-06-06,Ledger Subscription,subscription,388.85,77.77,311.08,Won,72,Karim T.
SAL003752,CL00320,2025-06-06,Core Premium,subscription,4410.96,441.1,3969.86,Won,66,Yanis F.
SAL003455,CL00293,2025-06-06,Vector Subscription,subscription,1179.58,0.0,1179.58,Won,53,Karim T.
SAL001703,CL00138,2025-06-06,Ledger Subscription,subscription,1134.73,0.0,1134.73,Won,26,Marie D.
SAL002384,CL00205,2025-06-06,Premium Support,subscription,554.69,55.47,499.22,Won,49,Amine B.
SAL003767,CL00321,2025-06-07,Ledger Subscription,subscription,531.35,53.14,478.21,Won,87,Karim T.
SAL001970,CL00169,2025-06-07,Core Premium,subscription,1943.79,97.19,1846.6,Won,64,Amine B.
SAL003715,CL00316,2025-06-07,Premium Support,subscription,659.82,65.98,593.84,Won,51,Marie D.
SAL001521,CL00124,2025-06-07,Premium Support,subscription,503.3,0.0,503.3,Won,9,Sophie L.
SAL002484,CL00218,2025-06-07,Premium Support,subscription,302.78,30.28,272.5,Won,55,Karim T.
SAL001735,CL00143,2025-06-07,Core Premium,subscription,4587.31,0.0,4587.31,Won,71,Yanis F.
SAL005785,CL00479,2025-06-07,Lex Subscription,subscription,702.9,35.15,667.75,Won,21,Yanis F.
SAL005724,CL00472,2025-06-07,Lex Subscription,subscription,1902.91,0.0,1902.91,Won,30,Léa M.
SAL003285,CL00278,2025-06-08,Custom Development,one_time,7142.83,0.0,7142.83,Won,34,Yanis F.
SAL003254,CL00277,2025-06-08,Core Premium,subscription,2680.41,0.0,2680.41,Won,103,Léa M.
SAL002652,CL00230,2025-06-08,Ledger Subscription,subscription,542.12,108.42,433.7,Won,38,Sophie L.
SAL005384,CL00443,2025-06-08,Training & Onboarding,one_time,2774.39,0.0,2774.39,Won,89,Sophie L.
SAL002325,CL00202,2025-06-08,Custom Development,one_time,7144.82,0.0,7144.82,Won,90,Karim T.
SAL001405,CL00120,2025-06-08,Premium Support,subscription,647.49,0.0,647.49,Won,21,Marie D.
SAL000861,CL00075,2025-06-09,Training & Onboarding,one_time,1696.48,84.82,1611.66,Won,42,Yanis F.
SAL004300,CL00355,2025-06-09,Lex Subscription,subscription,961.27,0.0,961.27,Won,26,Marie D.
SAL003986,CL00335,2025-06-09,Core Premium,subscription,2236.38,335.46,1900.92,Won,88,Léa M.
SAL001960,CL00169,2025-06-09,Training & Onboarding,one_time,1973.84,98.69,1875.15,Won,41,Amine B.
SAL004359,CL00360,2025-06-09,Premium Support,subscription,520.56,26.03,494.53,Won,75,Karim T.
SAL005396,CL00443,2025-06-09,Ledger Subscription,subscription,1176.9,0.0,1176.9,Won,62,Sophie L.
SAL000170,CL00014,2025-06-10,Core Premium,subscription,5101.52,510.15,4591.37,Won,15,Yanis F.
SAL004391,CL00362,2025-06-10,Training & Onboarding,one_time,3500.34,0.0,3500.34,Won,42,Léa M.
SAL004938,CL00405,2025-06-10,Vector Subscription,subscription,1746.1,174.61,1571.49,Won,38,Karim T.
SAL002693,CL00235,2025-06-10,Training & Onboarding,one_time,1961.25,98.06,1863.19,Won,14,Yanis F.
SAL003096,CL00261,2025-06-10,Training & Onboarding,one_time,2010.25,100.51,1909.74,Won,80,Yanis F.
SAL000927,CL00078,2025-06-10,Custom Development,one_time,25440.64,1272.03,24168.61,Won,120,Yanis F.
SAL004210,CL00348,2025-06-11,Lex Subscription,subscription,567.65,56.77,510.88,Won,56,Léa M.
SAL002620,CL00225,2025-06-11,Lex Subscription,subscription,463.14,23.16,439.98,Won,60,Karim T.
SAL003012,CL00256,2025-06-11,Premium Support,subscription,458.39,91.68,366.71,Won,102,Sophie L.
SAL003371,CL00284,2025-06-11,Premium Support,subscription,716.64,143.33,573.31,Won,56,Léa M.
SAL001775,CL00147,2025-06-11,Ledger Subscription,subscription,709.07,0.0,709.07,Won,67,Amine B.
SAL004152,CL00347,2025-06-11,Lex Subscription,subscription,798.22,0.0,798.22,Won,47,Karim T.
SAL000881,CL00075,2025-06-11,Training & Onboarding,one_time,3846.93,192.35,3654.58,Won,57,Yanis F.
SAL001953,CL00168,2025-06-11,Core Premium,subscription,1848.74,92.44,1756.3,Won,44,Yanis F.
SAL005264,CL00430,2025-06-11,Custom Development,one_time,11997.56,599.88,11397.68,Won,69,Marie D.
SAL000994,CL00084,2025-06-11,Vector Subscription,subscription,1319.58,0.0,1319.58,Won,51,Karim T.
SAL004431,CL00365,2025-06-11,Core Premium,subscription,3024.76,151.24,2873.52,Won,34,Sophie L.
SAL005623,CL00462,2025-06-12,Premium Support,subscription,474.86,0.0,474.86,Won,18,Marie D.
SAL003705,CL00316,2025-06-12,Premium Support,subscription,615.67,92.35,523.32,Won,73,Marie D.
SAL003145,CL00265,2025-06-12,Ledger Subscription,subscription,992.38,49.62,942.76,Won,41,Marie D.
SAL001552,CL00125,2025-06-12,Training & Onboarding,one_time,3686.32,184.32,3502.0,Won,23,Amine B.
SAL004964,CL00407,2025-06-12,Premium Support,subscription,761.58,0.0,761.58,Won,54,Karim T.
SAL006038,CL00496,2025-06-12,Core Premium,subscription,4707.78,0.0,4707.78,Won,68,Amine B.
SAL001718,CL00140,2025-06-12,Premium Support,subscription,457.14,0.0,457.14,Won,31,Marie D.
SAL002593,CL00223,2025-06-12,Ledger Subscription,subscription,804.35,0.0,804.35,Won,73,Karim T.
SAL006052,CL00497,2025-06-12,Ledger Subscription,subscription,367.99,0.0,367.99,Won,81,Karim T.
SAL004219,CL00348,2025-06-12,Lex Subscription,subscription,1245.51,0.0,1245.51,Won,18,Léa M.
SAL000535,CL00054,2025-06-13,Ledger Subscription,subscription,749.21,37.46,711.75,Won,98,Léa M.
SAL002528,CL00221,2025-06-13,Core Premium,subscription,3729.81,0.0,3729.81,Won,102,Sophie L.
SAL004090,CL00341,2025-06-13,Training & Onboarding,one_time,3934.09,196.7,3737.39,Won,77,Karim T.
SAL005530,CL00455,2025-06-13,Custom Development,one_time,10725.71,1608.86,9116.85,Won,28,Sophie L.
SAL000805,CL00073,2025-06-13,Training & Onboarding,one_time,2679.23,401.88,2277.35,Won,92,Yanis F.
SAL001264,CL00108,2025-06-13,Premium Support,subscription,625.84,0.0,625.84,Won,33,Sophie L.
SAL002337,CL00202,2025-06-13,Core Premium,subscription,3896.93,389.69,3507.24,Won,42,Karim T.
SAL005225,CL00427,2025-06-13,Training & Onboarding,one_time,2494.0,0.0,2494.0,Won,94,Marie D.
SAL001113,CL00095,2025-06-13,Core Premium,subscription,4724.02,708.6,4015.42,Won,48,Amine B.
SAL003586,CL00301,2025-06-13,Lex Subscription,subscription,1205.62,120.56,1085.06,Won,74,Sophie L.
SAL003296,CL00280,2025-06-13,Ledger Subscription,subscription,1077.88,53.89,1023.99,Won,9,Léa M.
SAL005582,CL00459,2025-06-13,Core Premium,subscription,4869.94,973.99,3895.95,Won,103,Yanis F.
SAL000918,CL00078,2025-06-14,Training & Onboarding,one_time,2525.84,252.58,2273.26,Won,77,Yanis F.
SAL004475,CL00371,2025-06-14,Custom Development,one_time,5066.04,506.6,4559.44,Won,87,Léa M.
SAL003949,CL00334,2025-06-14,Premium Support,subscription,248.18,37.23,210.95,Won,89,Karim T.
SAL005459,CL00449,2025-06-14,Lex Subscription,subscription,1103.5,110.35,993.15,Won,78,Sophie L.
SAL001779,CL00147,2025-06-14,Vector Subscription,subscription,920.21,138.03,782.18,Won,76,Amine B.
SAL004389,CL00362,2025-06-14,Vector Subscription,subscription,676.29,0.0,676.29,Won,68,Léa M.
SAL003435,CL00291,2025-06-14,Lex Subscription,subscription,1158.27,0.0,1158.27,Won,57,Marie D.
SAL004096,CL00341,2025-06-14,Core Premium,subscription,1865.24,0.0,1865.24,Won,63,Karim T.
SAL002548,CL00221,2025-06-14,Lex Subscription,subscription,961.99,0.0,961.99,Won,80,Sophie L.
SAL002609,CL00224,2025-06-14,Premium Support,subscription,712.97,71.3,641.67,Won,21,Karim T.
SAL000265,CL00027,2025-06-15,Custom Development,one_time,15803.4,790.17,15013.23,Won,31,Amine B.
SAL005466,CL00450,2025-06-15,Ledger Subscription,subscription,1002.69,0.0,1002.69,Won,50,Sophie L.
SAL001991,CL00171,2025-06-15,Core Premium,subscription,4338.35,216.92,4121.43,Won,43,Karim T.
SAL005083,CL00417,2025-06-15,Ledger Subscription,subscription,925.07,46.25,878.82,Won,72,Yanis F.
SAL000071,CL00009,2025-06-15,Ledger Subscription,subscription,1020.22,0.0,1020.22,Won,45,Amine B.
SAL002594,CL00223,2025-06-15,Training & Onboarding,one_time,1850.09,0.0,1850.09,Won,8,Karim T.
SAL003865,CL00330,2025-06-15,Premium Support,subscription,332.23,33.22,299.01,Won,20,Léa M.
SAL005183,CL00424,2025-06-15,Vector Subscription,subscription,1014.95,0.0,1014.95,Won,26,Karim T.
SAL000583,CL00057,2025-06-15,Lex Subscription,subscription,494.21,24.71,469.5,Won,21,Marie D.
SAL005848,CL00480,2025-06-15,Lex Subscription,subscription,1456.23,0.0,1456.23,Won,111,Marie D.
SAL001114,CL00095,2025-06-16,Lex Subscription,subscription,934.42,140.16,794.26,Won,78,Amine B.
SAL002346,CL00203,2025-06-16,Vector Subscription,subscription,1415.03,70.75,1344.28,Won,51,Karim T.
SAL003496,CL00294,2025-06-16,Premium Support,subscription,785.63,39.28,746.35,Won,40,Amine B.
SAL001320,CL00112,2025-06-16,Lex Subscription,subscription,430.79,64.62,366.17,Won,27,Karim T.
SAL000799,CL00073,2025-06-16,Custom Development,one_time,15731.21,0.0,15731.21,Won,35,Yanis F.
SAL003582,CL00301,2025-06-16,Core Premium,subscription,3542.38,0.0,3542.38,Won,67,Sophie L.
SAL003850,CL00329,2025-06-16,Lex Subscription,subscription,443.73,0.0,443.73,Won,52,Marie D.
SAL000479,CL00050,2025-06-16,Premium Support,subscription,293.0,0.0,293.0,Won,98,Léa M.
SAL004616,CL00380,2025-06-16,Core Premium,subscription,2461.47,123.07,2338.4,Won,47,Léa M.
SAL004908,CL00404,2025-06-17,Lex Subscription,subscription,1124.92,56.25,1068.67,Won,42,Sophie L.
SAL005619,CL00462,2025-06-17,Training & Onboarding,one_time,2514.0,0.0,2514.0,Won,20,Marie D.
SAL004248,CL00349,2025-06-17,Core Premium,subscription,3283.85,492.58,2791.27,Won,68,Yanis F.
SAL000217,CL00020,2025-06-17,Custom Development,one_time,29570.05,0.0,29570.05,Won,25,Sophie L.
SAL005857,CL00481,2025-06-17,Ledger Subscription,subscription,1133.18,169.98,963.2,Won,45,Karim T.
SAL001786,CL00148,2025-06-17,Vector Subscription,subscription,1829.98,91.5,1738.48,Won,33,Marie D.
SAL001968,CL00169,2025-06-17,Lex Subscription,subscription,898.04,0.0,898.04,Won,38,Amine B.
SAL000011,CL00002,2025-06-17,Ledger Subscription,subscription,662.33,33.12,629.21,Won,57,Marie D.
SAL004566,CL00377,2025-06-17,Custom Development,one_time,19506.78,0.0,19506.78,Won,92,Léa M.
SAL004255,CL00350,2025-06-18,Vector Subscription,subscription,944.92,47.25,897.67,Won,86,Yanis F.
SAL001723,CL00141,2025-06-18,Lex Subscription,subscription,710.66,0.0,710.66,Won,50,Amine B.
SAL002856,CL00243,2025-06-18,Custom Development,one_time,33289.32,6657.86,26631.46,Won,70,Léa M.
SAL003600,CL00302,2025-06-18,Vector Subscription,subscription,1990.34,298.55,1691.79,Won,30,Karim T.
SAL005208,CL00425,2025-06-18,Vector Subscription,subscription,1598.85,0.0,1598.85,Won,44,Léa M.
SAL005599,CL00461,2025-06-18,Training & Onboarding,one_time,1260.23,0.0,1260.23,Won,46,Marie D.
SAL005431,CL00447,2025-06-19,Ledger Subscription,subscription,1070.9,53.54,1017.36,Won,84,Sophie L.
SAL000215,CL00020,2025-06-19,Core Premium,subscription,3012.69,150.63,2862.06,Won,86,Sophie L.
SAL000810,CL00073,2025-06-19,Custom Development,one_time,27319.19,0.0,27319.19,Won,26,Yanis F.
SAL003167,CL00267,2025-06-19,Premium Support,subscription,242.11,24.21,217.9,Won,37,Léa M.
SAL004178,CL00347,2025-06-19,Custom Development,one_time,10433.12,521.66,9911.46,Won,92,Karim T.
SAL006101,CL00499,2025-06-19,Ledger Subscription,subscription,767.72,153.54,614.18,Won,23,Sophie L.
SAL001695,CL00136,2025-06-19,Training & Onboarding,one_time,2646.32,0.0,2646.32,Won,77,Karim T.
SAL003661,CL00307,2025-06-19,Lex Subscription,subscription,1496.03,0.0,1496.03,Won,86,Léa M.
SAL002417,CL00210,2025-06-19,Core Premium,subscription,3347.39,0.0,3347.39,Won,9,Amine B.
SAL002864,CL00244,2025-06-19,Lex Subscription,subscription,1258.44,0.0,1258.44,Won,26,Amine B.
SAL003077,CL00257,2025-06-20,Lex Subscription,subscription,975.55,0.0,975.55,Won,65,Sophie L.
SAL002659,CL00231,2025-06-20,Custom Development,one_time,15469.15,0.0,15469.15,Won,17,Marie D.
SAL005458,CL00449,2025-06-20,Vector Subscription,subscription,1981.21,99.06,1882.15,Won,29,Sophie L.
SAL005971,CL00489,2025-06-20,Custom Development,one_time,7882.24,0.0,7882.24,Won,66,Marie D.
SAL001374,CL00117,2025-06-20,Core Premium,subscription,3812.77,0.0,3812.77,Won,60,Léa M.
SAL004926,CL00404,2025-06-20,Premium Support,subscription,791.9,0.0,791.9,Won,81,Sophie L.
SAL005626,CL00463,2025-06-20,Vector Subscription,subscription,545.3,81.79,463.51,Won,42,Karim T.
SAL005846,CL00480,2025-06-20,Custom Development,one_time,5611.13,841.67,4769.46,Won,30,Marie D.
SAL005978,CL00490,2025-06-20,Ledger Subscription,subscription,1092.51,54.63,1037.88,Won,53,Sophie L.
SAL005359,CL00441,2025-06-21,Custom Development,one_time,13525.42,676.27,12849.15,Won,27,Sophie L.
SAL001549,CL00125,2025-06-21,Ledger Subscription,subscription,1112.88,111.29,1001.59,Won,69,Amine B.
SAL003196,CL00271,2025-06-21,Custom Development,one_time,20379.72,0.0,20379.72,Won,83,Yanis F.
SAL005137,CL00421,2025-06-21,Vector Subscription,subscription,959.25,0.0,959.25,Won,7,Marie D.
SAL004156,CL00347,2025-06-21,Custom Development,one_time,25229.74,2522.97,22706.77,Won,115,Karim T.
SAL002826,CL00241,2025-06-21,Vector Subscription,subscription,1503.69,0.0,1503.69,Won,118,Amine B.
SAL000576,CL00055,2025-06-21,Ledger Subscription,subscription,659.42,0.0,659.42,Won,12,Karim T.
SAL002696,CL00235,2025-06-21,Lex Subscription,subscription,416.6,62.49,354.11,Won,31,Yanis F.
SAL004779,CL00397,2025-06-22,Ledger Subscription,subscription,539.54,26.98,512.56,Won,50,Yanis F.
SAL000401,CL00040,2025-06-22,Ledger Subscription,subscription,757.47,0.0,757.47,Won,14,Amine B.
SAL002998,CL00255,2025-06-22,Core Premium,subscription,3367.24,168.36,3198.88,Won,99,Marie D.
SAL001796,CL00148,2025-06-22,Core Premium,subscription,4292.74,0.0,4292.74,Won,52,Marie D.
SAL003017,CL00256,2025-06-22,Premium Support,subscription,634.94,63.49,571.45,Won,46,Sophie L.
SAL003542,CL00296,2025-06-22,Core Premium,subscription,1509.72,226.46,1283.26,Won,61,Amine B.
SAL002858,CL00243,2025-06-22,Premium Support,subscription,271.87,13.59,258.28,Won,70,Léa M.
SAL000405,CL00040,2025-06-23,Training & Onboarding,one_time,1352.42,0.0,1352.42,Won,64,Amine B.
SAL003667,CL00309,2025-06-23,Vector Subscription,subscription,1917.51,0.0,1917.51,Won,69,Karim T.
SAL001608,CL00131,2025-06-23,Vector Subscription,subscription,979.24,48.96,930.28,Won,39,Marie D.
SAL001354,CL00117,2025-06-23,Vector Subscription,subscription,753.4,37.67,715.73,Won,64,Léa M.
SAL002176,CL00188,2025-06-23,Core Premium,subscription,1972.02,98.6,1873.42,Won,8,Léa M.
SAL000229,CL00020,2025-06-23,Core Premium,subscription,4566.45,228.32,4338.13,Won,87,Sophie L.
SAL003540,CL00296,2025-06-23,Ledger Subscription,subscription,1077.88,0.0,1077.88,Won,54,Amine B.
SAL002944,CL00252,2025-06-23,Training & Onboarding,one_time,1866.82,0.0,1866.82,Won,65,Marie D.
SAL004843,CL00399,2025-06-23,Custom Development,one_time,9115.86,911.59,8204.27,Won,57,Léa M.
SAL001373,CL00117,2025-06-23,Premium Support,subscription,212.21,42.44,169.77,Won,105,Léa M.
SAL000180,CL00014,2025-06-23,Custom Development,one_time,10109.94,1516.49,8593.45,Won,87,Yanis F.
SAL005420,CL00446,2025-06-23,Vector Subscription,subscription,1583.4,316.68,1266.72,Won,19,Yanis F.
SAL002197,CL00190,2025-06-24,Vector Subscription,subscription,1349.85,202.48,1147.37,Won,7,Marie D.
SAL004893,CL00402,2025-06-24,Premium Support,subscription,616.08,0.0,616.08,Won,68,Léa M.
SAL002340,CL00203,2025-06-24,Training & Onboarding,one_time,1034.95,51.75,983.2,Won,68,Karim T.
SAL003024,CL00256,2025-06-24,Premium Support,subscription,220.69,11.03,209.66,Won,36,Sophie L.
SAL001384,CL00117,2025-06-24,Lex Subscription,subscription,951.18,0.0,951.18,Won,88,Léa M.
SAL000139,CL00012,2025-06-24,Custom Development,one_time,23458.27,0.0,23458.27,Won,114,Yanis F.
SAL003248,CL00277,2025-06-24,Custom Development,one_time,20303.82,1015.19,19288.63,Won,62,Léa M.
SAL004069,CL00341,2025-06-24,Premium Support,subscription,207.84,0.0,207.84,Won,45,Karim T.
SAL005710,CL00471,2025-06-24,Lex Subscription,subscription,658.73,0.0,658.73,Won,50,Yanis F.
SAL002147,CL00185,2025-06-24,Vector Subscription,subscription,1345.17,67.26,1277.91,Won,90,Yanis F.
SAL000262,CL00027,2025-06-24,Core Premium,subscription,4759.81,0.0,4759.81,Won,59,Amine B.
SAL002173,CL00188,2025-06-25,Custom Development,one_time,11888.58,1188.86,10699.72,Won,38,Léa M.
SAL003022,CL00256,2025-06-25,Ledger Subscription,subscription,960.3,48.01,912.29,Won,61,Sophie L.
SAL005687,CL00469,2025-06-25,Core Premium,subscription,6057.14,0.0,6057.14,Won,65,Yanis F.
SAL002421,CL00211,2025-06-26,Premium Support,subscription,472.12,70.82,401.3,Won,18,Karim T.
SAL004114,CL00342,2025-06-26,Premium Support,subscription,327.61,16.38,311.23,Won,66,Amine B.
SAL003326,CL00281,2025-06-26,Lex Subscription,subscription,1471.67,147.17,1324.5,Won,50,Amine B.
SAL005918,CL00485,2025-06-26,Training & Onboarding,one_time,2865.95,0.0,2865.95,Won,43,Karim T.
SAL005198,CL00425,2025-06-26,Custom Development,one_time,10899.08,544.95,10354.13,Won,63,Léa M.
SAL003846,CL00329,2025-06-27,Core Premium,subscription,4720.98,0.0,4720.98,Won,44,Marie D.
SAL005931,CL00486,2025-06-27,Core Premium,subscription,3434.31,0.0,3434.31,Won,50,Léa M.
SAL005620,CL00462,2025-06-27,Premium Support,subscription,628.4,31.42,596.98,Won,77,Marie D.
SAL001212,CL00104,2025-06-27,Ledger Subscription,subscription,965.68,0.0,965.68,Won,64,Sophie L.
SAL004130,CL00344,2025-06-27,Ledger Subscription,subscription,430.56,0.0,430.56,Won,55,Marie D.
SAL001068,CL00089,2025-06-27,Training & Onboarding,one_time,1225.88,61.29,1164.59,Won,42,Yanis F.
SAL005548,CL00455,2025-06-27,Core Premium,subscription,3685.57,0.0,3685.57,Won,25,Sophie L.
SAL005796,CL00479,2025-06-28,Core Premium,subscription,2456.33,0.0,2456.33,Won,112,Yanis F.
SAL000046,CL00005,2025-06-28,Custom Development,one_time,7125.84,356.29,6769.55,Won,24,Léa M.
SAL003552,CL00298,2025-06-28,Lex Subscription,subscription,1140.22,171.03,969.19,Won,67,Sophie L.
SAL002946,CL00252,2025-06-28,Core Premium,subscription,3877.93,0.0,3877.93,Won,48,Marie D.
SAL005709,CL00471,2025-06-28,Core Premium,subscription,1995.81,0.0,1995.81,Won,62,Yanis F.
SAL002020,CL00174,2025-06-28,Custom Development,one_time,22967.41,2296.74,20670.67,Won,69,Karim T.
SAL000793,CL00073,2025-06-28,Vector Subscription,subscription,753.95,75.4,678.55,Won,35,Yanis F.
SAL000512,CL00053,2025-06-29,Core Premium,subscription,2506.33,0.0,2506.33,Won,73,Amine B.
SAL004280,CL00355,2025-06-29,Core Premium,subscription,3960.61,0.0,3960.61,Won,95,Marie D.
SAL000049,CL00005,2025-06-29,Lex Subscription,subscription,1291.52,193.73,1097.79,Won,111,Léa M.
SAL000107,CL00011,2025-06-29,Lex Subscription,subscription,613.53,0.0,613.53,Won,36,Karim T.
SAL003044,CL00256,2025-06-29,Lex Subscription,subscription,1048.59,209.72,838.87,Won,106,Sophie L.
SAL004663,CL00386,2025-06-29,Ledger Subscription,subscription,793.15,0.0,793.15,Won,43,Yanis F.
SAL005336,CL00438,2025-06-29,Custom Development,one_time,17649.67,882.48,16767.19,Won,114,Karim T.
SAL004127,CL00344,2025-06-29,Vector Subscription,subscription,1948.0,194.8,1753.2,Won,51,Marie D.
SAL001530,CL00124,2025-06-29,Premium Support,subscription,541.7,54.17,487.53,Won,34,Sophie L.
SAL004626,CL00382,2025-06-30,Training & Onboarding,one_time,3826.35,191.32,3635.03,Won,57,Marie D.
SAL001176,CL00103,2025-06-30,Custom Development,one_time,13461.26,0.0,13461.26,Won,107,Sophie L.
SAL003525,CL00296,2025-06-30,Training & Onboarding,one_time,3234.02,0.0,3234.02,Won,9,Amine B.
SAL004896,CL00402,2025-06-30,Lex Subscription,subscription,850.69,0.0,850.69,Won,49,Léa M.
SAL004888,CL00402,2025-06-30,Vector Subscription,subscription,627.26,62.73,564.53,Won,12,Léa M.
SAL002415,CL00210,2025-06-30,Core Premium,subscription,2748.82,137.44,2611.38,Won,46,Amine B.
SAL000729,CL00069,2025-06-30,Lex Subscription,subscription,1077.28,0.0,1077.28,Won,89,Amine B.
SAL005009,CL00410,2025-06-30,Premium Support,subscription,546.71,0.0,546.71,Won,7,Léa M.
SAL003031,CL00256,2025-06-30,Ledger Subscription,subscription,959.68,0.0,959.68,Won,52,Sophie L.
SAL003635,CL00304,2025-06-30,Ledger Subscription,subscription,1122.6,56.13,1066.47,Won,51,Amine B.
SAL001560,CL00125,2025-07-01,Lex Subscription,subscription,614.74,0.0,614.74,Won,69,Amine B.
SAL002753,CL00239,2025-07-01,Premium Support,subscription,225.16,0.0,225.16,Won,67,Yanis F.
SAL004358,CL00360,2025-07-01,Ledger Subscription,subscription,185.27,0.0,185.27,Won,40,Karim T.
SAL005457,CL00449,2025-07-01,Core Premium,subscription,2092.64,0.0,2092.64,Won,58,Sophie L.
SAL000153,CL00012,2025-07-01,Training & Onboarding,one_time,1097.4,0.0,1097.4,Won,90,Yanis F.
SAL003898,CL00330,2025-07-01,Training & Onboarding,one_time,2162.83,108.14,2054.69,Won,64,Léa M.
SAL000938,CL00080,2025-07-01,Vector Subscription,subscription,457.06,0.0,457.06,Won,29,Amine B.
SAL000267,CL00027,2025-07-01,Training & Onboarding,one_time,1723.87,172.39,1551.48,Won,111,Amine B.
SAL005131,CL00421,2025-07-01,Custom Development,one_time,12816.65,640.83,12175.82,Won,89,Marie D.
SAL005277,CL00431,2025-07-02,Training & Onboarding,one_time,797.23,0.0,797.23,Won,61,Amine B.
SAL003121,CL00263,2025-07-02,Core Premium,subscription,1405.84,0.0,1405.84,Won,63,Léa M.
SAL003116,CL00263,2025-07-02,Core Premium,subscription,2477.86,0.0,2477.86,Won,56,Léa M.
SAL004905,CL00403,2025-07-02,Lex Subscription,subscription,797.42,79.74,717.68,Won,48,Léa M.
SAL002112,CL00182,2025-07-02,Core Premium,subscription,2119.54,423.91,1695.63,Won,51,Marie D.
SAL005444,CL00448,2025-07-02,Custom Development,one_time,12253.08,612.65,11640.43,Won,42,Léa M.
SAL000895,CL00078,2025-07-02,Core Premium,subscription,1351.78,0.0,1351.78,Won,56,Yanis F.
SAL005899,CL00484,2025-07-02,Vector Subscription,subscription,560.13,28.01,532.12,Won,18,Marie D.
SAL005787,CL00479,2025-07-02,Ledger Subscription,subscription,551.56,0.0,551.56,Won,118,Yanis F.
SAL004204,CL00348,2025-07-02,Premium Support,subscription,168.84,0.0,168.84,Won,83,Léa M.
SAL004897,CL00402,2025-07-02,Training & Onboarding,one_time,1060.82,0.0,1060.82,Won,29,Léa M.
SAL005491,CL00452,2025-07-02,Ledger Subscription,subscription,813.87,40.69,773.18,Won,23,Karim T.
SAL003168,CL00267,2025-07-03,Ledger Subscription,subscription,228.65,0.0,228.65,Won,19,Léa M.
SAL005086,CL00417,2025-07-03,Custom Development,one_time,12179.57,608.98,11570.59,Won,87,Yanis F.
SAL003849,CL00329,2025-07-03,Ledger Subscription,subscription,274.74,27.47,247.27,Won,38,Marie D.
SAL006096,CL00498,2025-07-03,Custom Development,one_time,6815.48,1022.32,5793.16,Won,107,Léa M.
SAL002135,CL00183,2025-07-03,Ledger Subscription,subscription,309.82,30.98,278.84,Won,37,Marie D.
SAL001518,CL00124,2025-07-03,Ledger Subscription,subscription,257.42,0.0,257.42,Won,43,Sophie L.
SAL001519,CL00124,2025-07-03,Core Premium,subscription,2740.92,0.0,2740.92,Won,55,Sophie L.
SAL001526,CL00124,2025-07-03,Lex Subscription,subscription,299.14,14.96,284.18,Won,26,Sophie L.
SAL002975,CL00253,2025-07-03,Training & Onboarding,one_time,1189.99,59.5,1130.49,Won,105,Yanis F.
SAL002402,CL00205,2025-07-03,Vector Subscription,subscription,1285.92,0.0,1285.92,Won,19,Amine B.
SAL004538,CL00374,2025-07-04,Lex Subscription,subscription,371.46,0.0,371.46,Won,42,Léa M.
SAL000896,CL00078,2025-07-04,Training & Onboarding,one_time,631.3,0.0,631.3,Won,117,Yanis F.
SAL003042,CL00256,2025-07-04,Lex Subscription,subscription,253.13,0.0,253.13,Won,75,Sophie L.
SAL005008,CL00410,2025-07-04,Vector Subscription,subscription,611.63,0.0,611.63,Won,56,Léa M.
SAL005618,CL00462,2025-07-04,Custom Development,one_time,11922.78,596.14,11326.64,Won,20,Marie D.
SAL000759,CL00071,2025-07-04,Lex Subscription,subscription,659.02,0.0,659.02,Won,107,Léa M.
SAL002569,CL00222,2025-07-04,Custom Development,one_time,3427.01,0.0,3427.01,Won,67,Léa M.
SAL000945,CL00080,2025-07-04,Custom Development,one_time,9182.77,1377.42,7805.35,Won,44,Amine B.
SAL001123,CL00098,2025-07-04,Vector Subscription,subscription,323.55,0.0,323.55,Won,18,Yanis F.
SAL002910,CL00250,2025-07-04,Custom Development,one_time,5112.23,0.0,5112.23,Won,73,Léa M.
SAL001105,CL00093,2025-07-04,Ledger Subscription,subscription,499.87,74.98,424.89,Won,57,Karim T.
SAL000486,CL00050,2025-07-04,Premium Support,subscription,133.43,0.0,133.43,Won,31,Léa M.
SAL004941,CL00405,2025-07-05,Core Premium,subscription,2663.32,266.33,2396.99,Won,47,Karim T.
SAL001229,CL00107,2025-07-05,Core Premium,subscription,1485.78,0.0,1485.78,Won,11,Yanis F.
SAL005122,CL00421,2025-07-05,Training & Onboarding,one_time,1335.94,66.8,1269.14,Won,16,Marie D.
SAL001540,CL00125,2025-07-05,Core Premium,subscription,1972.59,0.0,1972.59,Won,30,Amine B.
SAL001266,CL00108,2025-07-05,Training & Onboarding,one_time,573.76,0.0,573.76,Won,56,Sophie L.
SAL003537,CL00296,2025-07-06,Custom Development,one_time,7673.9,383.7,7290.2,Won,70,Amine B.
SAL003527,CL00296,2025-07-06,Custom Development,one_time,11316.15,0.0,11316.15,Won,28,Amine B.
SAL001636,CL00132,2025-07-06,Vector Subscription,subscription,708.41,35.42,672.99,Won,87,Karim T.
SAL001745,CL00143,2025-07-06,Custom Development,one_time,2953.69,0.0,2953.69,Won,12,Yanis F.
SAL003609,CL00302,2025-07-06,Training & Onboarding,one_time,1731.51,0.0,1731.51,Won,54,Karim T.
SAL003856,CL00330,2025-07-06,Ledger Subscription,subscription,336.34,33.63,302.71,Won,33,Léa M.
SAL003255,CL00277,2025-07-06,Custom Development,one_time,10289.84,514.49,9775.35,Won,69,Léa M.
SAL005158,CL00423,2025-07-06,Vector Subscription,subscription,843.47,0.0,843.47,Won,9,Marie D.
SAL002697,CL00235,2025-07-07,Premium Support,subscription,122.52,12.25,110.27,Won,88,Yanis F.
SAL005840,CL00480,2025-07-07,Training & Onboarding,one_time,1187.94,0.0,1187.94,Won,96,Marie D.
SAL004806,CL00399,2025-07-07,Ledger Subscription,subscription,374.73,37.47,337.26,Won,103,Léa M.
SAL002128,CL00183,2025-07-07,Core Premium,subscription,1918.26,95.91,1822.35,Won,17,Marie D.
SAL002941,CL00252,2025-07-07,Premium Support,subscription,223.93,0.0,223.93,Won,33,Marie D.
SAL003783,CL00322,2025-07-07,Lex Subscription,subscription,552.03,0.0,552.03,Won,76,Sophie L.
SAL000843,CL00074,2025-07-07,Custom Development,one_time,14224.35,711.22,13513.13,Won,27,Léa M.
SAL001075,CL00090,2025-07-07,Core Premium,subscription,850.5,0.0,850.5,Won,82,Marie D.
SAL005249,CL00427,2025-07-07,Custom Development,one_time,10095.35,0.0,10095.35,Won,35,Marie D.
SAL004644,CL00383,2025-07-08,Custom Development,one_time,9462.86,0.0,9462.86,Won,62,Léa M.
SAL000098,CL00011,2025-07-08,Lex Subscription,subscription,255.3,0.0,255.3,Won,56,Karim T.
SAL004284,CL00355,2025-07-08,Core Premium,subscription,2274.61,0.0,2274.61,Won,26,Marie D.
SAL004976,CL00407,2025-07-08,Core Premium,subscription,900.2,45.01,855.19,Won,85,Karim T.
SAL002455,CL00214,2025-07-08,Ledger Subscription,subscription,224.39,44.88,179.51,Won,81,Amine B.
SAL000329,CL00030,2025-07-08,Training & Onboarding,one_time,1986.33,0.0,1986.33,Won,68,Karim T.
SAL001543,CL00125,2025-07-09,Training & Onboarding,one_time,1591.42,0.0,1591.42,Won,43,Amine B.
SAL001740,CL00143,2025-07-09,Training & Onboarding,one_time,2009.96,0.0,2009.96,Won,58,Yanis F.
SAL002965,CL00253,2025-07-09,Lex Subscription,subscription,447.91,0.0,447.91,Won,35,Yanis F.
SAL000023,CL00002,2025-07-09,Vector Subscription,subscription,1012.69,202.54,810.15,Won,10,Marie D.
SAL005084,CL00417,2025-07-09,Training & Onboarding,one_time,1873.36,0.0,1873.36,Won,18,Yanis F.
SAL001664,CL00134,2025-07-09,Vector Subscription,subscription,611.6,0.0,611.6,Won,71,Amine B.
SAL001849,CL00152,2025-07-09,Ledger Subscription,subscription,579.16,0.0,579.16,Won,68,Karim T.
SAL001150,CL00101,2025-07-09,Premium Support,subscription,119.4,0.0,119.4,Won,55,Karim T.
SAL002288,CL00199,2025-07-09,Premium Support,subscription,242.8,0.0,242.8,Won,55,Yanis F.
SAL003893,CL00330,2025-07-09,Core Premium,subscription,2152.74,0.0,2152.74,Won,69,Léa M.
SAL001331,CL00112,2025-07-10,Vector Subscription,subscription,602.22,0.0,602.22,Won,77,Karim T.
SAL002554,CL00221,2025-07-10,Custom Development,one_time,4075.58,0.0,4075.58,Won,51,Sophie L.
SAL002694,CL00235,2025-07-10,Lex Subscription,subscription,691.67,69.17,622.5,Won,33,Yanis F.
SAL005897,CL00484,2025-07-10,Custom Development,one_time,15947.41,2392.11,13555.3,Won,14,Marie D.
SAL001194,CL00103,2025-07-10,Core Premium,subscription,1504.11,0.0,1504.11,Won,99,Sophie L.
SAL002612,CL00225,2025-07-10,Ledger Subscription,subscription,330.15,0.0,330.15,Won,56,Karim T.
SAL000934,CL00079,2025-07-10,Training & Onboarding,one_time,988.18,0.0,988.18,Won,82,Yanis F.
SAL004867,CL00399,2025-07-10,Lex Subscription,subscription,584.27,0.0,584.27,Won,85,Léa M.
SAL004694,CL00387,2025-07-10,Vector Subscription,subscription,705.98,141.2,564.78,Won,30,Amine B.
SAL000513,CL00053,2025-07-10,Premium Support,subscription,195.04,0.0,195.04,Won,56,Amine B.
SAL005711,CL00471,2025-07-10,Core Premium,subscription,2377.61,118.88,2258.73,Won,76,Yanis F.
SAL004643,CL00383,2025-07-11,Lex Subscription,subscription,711.72,0.0,711.72,Won,31,Léa M.
SAL000920,CL00078,2025-07-12,Vector Subscription,subscription,286.77,14.34,272.43,Won,105,Yanis F.
SAL004954,CL00405,2025-07-12,Premium Support,subscription,207.11,0.0,207.11,Won,21,Karim T.
SAL005441,CL00448,2025-07-12,Lex Subscription,subscription,280.12,0.0,280.12,Won,38,Léa M.
SAL005946,CL00487,2025-07-12,Vector Subscription,subscription,920.01,0.0,920.01,Won,8,Yanis F.
SAL004811,CL00399,2025-07-12,Ledger Subscription,subscription,302.83,30.28,272.55,Won,88,Léa M.
SAL000188,CL00017,2025-07-12,Premium Support,subscription,156.36,15.64,140.72,Won,42,Karim T.
SAL001314,CL00111,2025-07-12,Premium Support,subscription,345.2,0.0,345.2,Won,35,Sophie L.
SAL004559,CL00377,2025-07-12,Training & Onboarding,one_time,674.57,67.46,607.11,Won,74,Léa M.
SAL000508,CL00053,2025-07-12,Core Premium,subscription,2657.29,0.0,2657.29,Won,79,Amine B.
SAL001180,CL00103,2025-07-12,Core Premium,subscription,1307.95,65.4,1242.55,Won,92,Sophie L.
SAL002905,CL00250,2025-07-13,Vector Subscription,subscription,493.68,0.0,493.68,Won,54,Léa M.
SAL005910,CL00484,2025-07-13,Lex Subscription,subscription,520.48,104.1,416.38,Won,31,Marie D.
SAL002076,CL00178,2025-07-13,Custom Development,one_time,2896.76,144.84,2751.92,Won,34,Karim T.
SAL005239,CL00427,2025-07-13,Custom Development,one_time,14345.69,717.28,13628.41,Won,85,Marie D.
SAL005226,CL00427,2025-07-13,Custom Development,one_time,5623.62,281.18,5342.44,Won,87,Marie D.
SAL003523,CL00296,2025-07-13,Ledger Subscription,subscription,602.89,0.0,602.89,Won,62,Amine B.
SAL000315,CL00030,2025-07-13,Ledger Subscription,subscription,528.6,105.72,422.88,Won,95,Karim T.
SAL001863,CL00154,2025-07-13,Lex Subscription,subscription,751.31,0.0,751.31,Won,27,Marie D.
SAL002194,CL00190,2025-07-13,Vector Subscription,subscription,809.21,0.0,809.21,Won,16,Marie D.
SAL001705,CL00139,2025-07-14,Custom Development,one_time,9632.96,0.0,9632.96,Won,27,Amine B.
SAL003038,CL00256,2025-07-14,Custom Development,one_time,9854.0,492.7,9361.3,Won,78,Sophie L.
SAL003734,CL00318,2025-07-14,Ledger Subscription,subscription,524.51,0.0,524.51,Won,55,Yanis F.
SAL000739,CL00070,2025-07-14,Core Premium,subscription,1312.24,131.22,1181.02,Won,42,Yanis F.
SAL000857,CL00075,2025-07-14,Custom Development,one_time,4597.45,229.87,4367.58,Won,69,Yanis F.
SAL004568,CL00377,2025-07-14,Ledger Subscription,subscription,390.7,58.6,332.1,Won,88,Léa M.
SAL005041,CL00415,2025-07-14,Custom Development,one_time,4572.04,0.0,4572.04,Won,61,Amine B.
SAL005693,CL00469,2025-07-14,Core Premium,subscription,2186.15,437.23,1748.92,Won,61,Yanis F.
SAL005705,CL00470,2025-07-14,Ledger Subscription,subscription,632.94,0.0,632.94,Won,55,Marie D.
SAL000036,CL00005,2025-07-14,Lex Subscription,subscription,461.8,46.18,415.62,Won,63,Léa M.
SAL003671,CL00309,2025-07-14,Premium Support,subscription,477.86,95.57,382.29,Won,115,Karim T.
SAL005584,CL00459,2025-07-14,Custom Development,one_time,3890.13,0.0,3890.13,Won,88,Yanis F.
SAL003684,CL00313,2025-07-15,Core Premium,subscription,2493.83,249.38,2244.45,Won,23,Yanis F.
SAL002511,CL00220,2025-07-15,Custom Development,one_time,11918.17,0.0,11918.17,Won,59,Amine B.
SAL003634,CL00304,2025-07-15,Lex Subscription,subscription,809.67,121.45,688.22,Won,25,Amine B.
SAL005173,CL00424,2025-07-15,Vector Subscription,subscription,789.85,0.0,789.85,Won,10,Karim T.
SAL002180,CL00188,2025-07-15,Ledger Subscription,subscription,582.04,0.0,582.04,Won,23,Léa M.
SAL004093,CL00341,2025-07-15,Core Premium,subscription,2729.13,409.37,2319.76,Won,104,Karim T.
SAL005453,CL00449,2025-07-15,Vector Subscription,subscription,521.24,0.0,521.24,Won,29,Sophie L.
SAL001578,CL00128,2025-07-15,Training & Onboarding,one_time,760.03,0.0,760.03,Won,20,Léa M.
SAL000999,CL00085,2025-07-15,Custom Development,one_time,4273.73,427.37,3846.36,Won,66,Marie D.
SAL004860,CL00399,2025-07-16,Vector Subscription,subscription,355.81,0.0,355.81,Won,118,Léa M.
SAL003015,CL00256,2025-07-16,Training & Onboarding,one_time,807.53,0.0,807.53,Won,89,Sophie L.
SAL001286,CL00108,2025-07-16,Premium Support,subscription,400.55,0.0,400.55,Won,56,Sophie L.
SAL000795,CL00073,2025-07-16,Ledger Subscription,subscription,420.26,42.03,378.23,Won,63,Yanis F.
SAL002765,CL00240,2025-07-16,Vector Subscription,subscription,1047.2,52.36,994.84,Won,74,Léa M.
SAL003798,CL00323,2025-07-16,Vector Subscription,subscription,930.15,46.51,883.64,Won,39,Karim T.
SAL001674,CL00134,2025-07-16,Ledger Subscription,subscription,563.93,28.2,535.73,Won,26,Amine B.
SAL002143,CL00185,2025-07-16,Vector Subscription,subscription,970.59,97.06,873.53,Won,25,Yanis F.
SAL001996,CL00171,2025-07-16,Core Premium,subscription,1649.53,0.0,1649.53,Won,42,Karim T.
SAL004771,CL00396,2025-07-17,Core Premium,subscription,2271.97,0.0,2271.97,Won,31,Karim T.
SAL004086,CL00341,2025-07-18,Ledger Subscription,subscription,355.54,0.0,355.54,Won,49,Karim T.
SAL000883,CL00075,2025-07-18,Ledger Subscription,subscription,579.07,0.0,579.07,Won,82,Yanis F.
SAL004961,CL00407,2025-07-18,Lex Subscription,subscription,403.1,60.46,342.64,Won,68,Karim T.
SAL004379,CL00360,2025-07-18,Vector Subscription,subscription,895.69,0.0,895.69,Won,51,Karim T.
SAL001165,CL00103,2025-07-18,Lex Subscription,subscription,364.15,18.21,345.94,Won,53,Sophie L.
SAL000818,CL00073,2025-07-18,Lex Subscription,subscription,440.34,66.05,374.29,Won,29,Yanis F.
SAL004974,CL00407,2025-07-19,Lex Subscription,subscription,769.22,76.92,692.3,Won,76,Karim T.
SAL005806,CL00479,2025-07-19,Training & Onboarding,one_time,907.67,45.38,862.29,Won,94,Yanis F.
SAL004883,CL00402,2025-07-19,Core Premium,subscription,1051.51,52.58,998.93,Won,45,Léa M.
SAL003034,CL00256,2025-07-19,Custom Development,one_time,15631.62,0.0,15631.62,Won,70,Sophie L.
SAL002144,CL00185,2025-07-19,Premium Support,subscription,124.24,0.0,124.24,Won,18,Yanis F.
SAL005823,CL00479,2025-07-19,Training & Onboarding,one_time,2056.42,411.28,1645.14,Won,85,Yanis F.
SAL004111,CL00342,2025-07-19,Core Premium,subscription,2061.53,103.08,1958.45,Won,45,Amine B.
SAL000361,CL00034,2025-07-19,Lex Subscription,subscription,707.35,0.0,707.35,Won,73,Amine B.
SAL003864,CL00330,2025-07-19,Lex Subscription,subscription,508.44,25.42,483.02,Won,71,Léa M.
SAL003143,CL00265,2025-07-20,Core Premium,subscription,945.19,141.78,803.41,Won,72,Marie D.
SAL005842,CL00480,2025-07-20,Premium Support,subscription,131.94,0.0,131.94,Won,25,Marie D.
SAL000120,CL00011,2025-07-20,Premium Support,subscription,418.63,20.93,397.7,Won,68,Karim T.
SAL005885,CL00482,2025-07-20,Core Premium,subscription,2590.31,129.52,2460.79,Won,60,Yanis F.
SAL004942,CL00405,2025-07-20,Lex Subscription,subscription,356.9,0.0,356.9,Won,35,Karim T.
SAL002142,CL00185,2025-07-20,Custom Development,one_time,3147.97,0.0,3147.97,Won,69,Yanis F.
SAL004043,CL00338,2025-07-20,Lex Subscription,subscription,614.83,0.0,614.83,Won,76,Léa M.
SAL003591,CL00302,2025-07-20,Core Premium,subscription,1086.68,0.0,1086.68,Won,19,Karim T.
SAL004235,CL00349,2025-07-21,Custom Development,one_time,10561.73,1056.17,9505.56,Won,83,Yanis F.
SAL005564,CL00458,2025-07-21,Training & Onboarding,one_time,1612.21,0.0,1612.21,Won,79,Karim T.
SAL002196,CL00190,2025-07-21,Vector Subscription,subscription,758.01,0.0,758.01,Won,43,Marie D.
SAL005656,CL00465,2025-07-21,Core Premium,subscription,2639.55,0.0,2639.55,Won,41,Marie D.
SAL000752,CL00071,2025-07-21,Lex Subscription,subscription,295.25,0.0,295.25,Won,47,Léa M.
SAL000122,CL00011,2025-07-22,Ledger Subscription,subscription,347.92,34.79,313.13,Won,46,Karim T.
SAL001372,CL00117,2025-07-22,Training & Onboarding,one_time,955.56,0.0,955.56,Won,25,Léa M.
SAL001938,CL00167,2025-07-22,Ledger Subscription,subscription,289.7,0.0,289.7,Won,74,Yanis F.
SAL001160,CL00102,2025-07-22,Ledger Subscription,subscription,427.71,42.77,384.94,Won,84,Amine B.
SAL004462,CL00370,2025-07-22,Lex Subscription,subscription,727.99,0.0,727.99,Won,60,Sophie L.
SAL005975,CL00490,2025-07-22,Vector Subscription,subscription,982.27,98.23,884.04,Won,77,Sophie L.
SAL003135,CL00264,2025-07-22,Premium Support,subscription,195.29,0.0,195.29,Won,46,Yanis F.
SAL001447,CL00121,2025-07-22,Core Premium,subscription,2695.4,0.0,2695.4,Won,92,Amine B.
SAL005169,CL00423,2025-07-23,Lex Subscription,subscription,604.4,30.22,574.18,Won,69,Marie D.
SAL001708,CL00140,2025-07-23,Custom Development,one_time,11232.31,0.0,11232.31,Won,66,Marie D.
SAL003367,CL00284,2025-07-23,Vector Subscription,subscription,423.26,21.16,402.1,Won,28,Léa M.
SAL004780,CL00397,2025-07-23,Core Premium,subscription,2548.85,254.88,2293.97,Won,81,Yanis F.
SAL001350,CL00116,2025-07-23,Vector Subscription,subscription,630.22,0.0,630.22,Won,29,Yanis F.
SAL000574,CL00055,2025-07-23,Lex Subscription,subscription,265.11,13.26,251.85,Won,17,Karim T.
SAL002339,CL00203,2025-07-23,Custom Development,one_time,12980.51,0.0,12980.51,Won,26,Karim T.
SAL004738,CL00393,2025-07-24,Premium Support,subscription,327.29,0.0,327.29,Won,51,Sophie L.
SAL003157,CL00266,2025-07-24,Vector Subscription,subscription,851.43,170.29,681.14,Won,92,Marie D.
SAL002210,CL00190,2025-07-24,Ledger Subscription,subscription,181.59,0.0,181.59,Won,41,Marie D.
SAL001655,CL00133,2025-07-24,Premium Support,subscription,314.34,0.0,314.34,Won,65,Sophie L.
SAL002769,CL00240,2025-07-24,Lex Subscription,subscription,427.39,0.0,427.39,Won,63,Léa M.
SAL001391,CL00119,2025-07-24,Ledger Subscription,subscription,242.58,24.26,218.32,Won,72,Karim T.
SAL003377,CL00284,2025-07-24,Core Premium,subscription,2461.79,0.0,2461.79,Won,88,Léa M.
SAL002745,CL00238,2025-07-24,Custom Development,one_time,12598.18,0.0,12598.18,Won,27,Sophie L.
SAL005798,CL00479,2025-07-24,Lex Subscription,subscription,300.7,0.0,300.7,Won,92,Yanis F.
SAL005601,CL00461,2025-07-24,Core Premium,subscription,863.68,0.0,863.68,Won,26,Marie D.
SAL001818,CL00150,2025-07-25,Core Premium,subscription,1025.71,51.29,974.42,Won,11,Amine B.
SAL001397,CL00119,2025-07-25,Training & Onboarding,one_time,1052.56,210.51,842.05,Won,41,Karim T.
SAL001416,CL00121,2025-07-25,Core Premium,subscription,2164.2,108.21,2055.99,Won,119,Amine B.
SAL000116,CL00011,2025-07-25,Custom Development,one_time,14949.52,747.48,14202.04,Won,75,Karim T.
SAL001917,CL00165,2025-07-25,Lex Subscription,subscription,437.91,43.79,394.12,Won,48,Amine B.
SAL002638,CL00228,2025-07-25,Custom Development,one_time,20075.05,0.0,20075.05,Won,47,Amine B.
SAL003665,CL00308,2025-07-25,Core Premium,subscription,1514.68,227.2,1287.48,Won,20,Amine B.
SAL002847,CL00242,2025-07-25,Ledger Subscription,subscription,521.19,26.06,495.13,Won,14,Marie D.
SAL000463,CL00049,2025-07-25,Ledger Subscription,subscription,239.71,47.94,191.77,Won,75,Yanis F.
SAL000328,CL00030,2025-07-25,Lex Subscription,subscription,435.49,21.77,413.72,Won,94,Karim T.
SAL004113,CL00342,2025-07-25,Training & Onboarding,one_time,1624.99,0.0,1624.99,Won,31,Amine B.
SAL001485,CL00123,2025-07-25,Premium Support,subscription,196.94,29.54,167.4,Won,96,Yanis F.
SAL005675,CL00467,2025-07-25,Core Premium,subscription,986.44,49.32,937.12,Won,23,Marie D.
SAL004763,CL00395,2025-07-25,Vector Subscription,subscription,317.51,0.0,317.51,Won,35,Karim T.
SAL004460,CL00368,2025-07-26,Lex Subscription,subscription,729.2,0.0,729.2,Won,50,Léa M.
SAL004037,CL00338,2025-07-26,Custom Development,one_time,5901.53,295.08,5606.45,Won,15,Léa M.
SAL001995,CL00171,2025-07-26,Core Premium,subscription,2737.97,136.9,2601.07,Won,95,Karim T.
SAL002244,CL00193,2025-07-26,Premium Support,subscription,273.61,13.68,259.93,Won,47,Karim T.
SAL003958,CL00334,2025-07-26,Vector Subscription,subscription,379.74,18.99,360.75,Won,80,Karim T.
SAL000545,CL00054,2025-07-26,Premium Support,subscription,329.27,0.0,329.27,Won,35,Léa M.
SAL005838,CL00480,2025-07-26,Custom Development,one_time,6841.15,342.06,6499.09,Won,99,Marie D.
SAL000929,CL00079,2025-07-26,Custom Development,one_time,8365.34,836.53,7528.81,Won,8,Yanis F.
SAL002543,CL00221,2025-07-26,Lex Subscription,subscription,757.27,0.0,757.27,Won,109,Sophie L.
SAL003962,CL00334,2025-07-26,Vector Subscription,subscription,621.54,62.15,559.39,Won,43,Karim T.
SAL004252,CL00350,2025-07-27,Custom Development,one_time,12878.92,1931.84,10947.08,Won,77,Yanis F.
SAL001757,CL00144,2025-07-27,Custom Development,one_time,7192.32,0.0,7192.32,Won,94,Léa M.
SAL005440,CL00448,2025-07-27,Ledger Subscription,subscription,463.58,0.0,463.58,Won,69,Léa M.
SAL001308,CL00110,2025-07-27,Core Premium,subscription,2670.27,0.0,2670.27,Won,60,Karim T.
SAL003711,CL00316,2025-07-27,Vector Subscription,subscription,807.71,40.39,767.32,Won,85,Marie D.
SAL004526,CL00374,2025-07-27,Vector Subscription,subscription,792.29,39.61,752.68,Won,56,Léa M.
SAL000806,CL00073,2025-07-27,Premium Support,subscription,395.41,19.77,375.64,Won,88,Yanis F.
SAL002855,CL00243,2025-07-27,Custom Development,one_time,19559.16,977.96,18581.2,Won,57,Léa M.
SAL004009,CL00335,2025-07-27,Premium Support,subscription,304.3,15.22,289.08,Won,107,Léa M.
SAL004306,CL00355,2025-07-28,Training & Onboarding,one_time,971.6,0.0,971.6,Won,100,Marie D.
SAL005895,CL00484,2025-07-28,Premium Support,subscription,115.85,0.0,115.85,Won,35,Marie D.
SAL000322,CL00030,2025-07-28,Premium Support,subscription,328.07,0.0,328.07,Won,102,Karim T.
SAL000347,CL00031,2025-07-28,Premium Support,subscription,222.66,33.4,189.26,Won,51,Marie D.
SAL001032,CL00087,2025-07-28,Ledger Subscription,subscription,202.18,30.33,171.85,Won,66,Amine B.
SAL003636,CL00304,2025-07-28,Core Premium,subscription,919.9,45.99,873.91,Won,61,Amine B.
SAL005201,CL00425,2025-07-29,Custom Development,one_time,6814.2,0.0,6814.2,Won,116,Léa M.
SAL001082,CL00090,2025-07-29,Lex Subscription,subscription,659.92,0.0,659.92,Won,60,Marie D.
SAL003782,CL00322,2025-07-29,Premium Support,subscription,160.74,0.0,160.74,Won,38,Sophie L.
SAL004039,CL00338,2025-07-29,Premium Support,subscription,301.53,15.08,286.45,Won,24,Léa M.
SAL000584,CL00057,2025-07-29,Vector Subscription,subscription,811.59,0.0,811.59,Won,81,Marie D.
SAL002670,CL00234,2025-07-29,Vector Subscription,subscription,716.07,0.0,716.07,Won,90,Léa M.
SAL000425,CL00044,2025-07-29,Custom Development,one_time,20339.69,3050.95,17288.74,Won,71,Sophie L.
SAL002294,CL00199,2025-07-29,Core Premium,subscription,2700.24,0.0,2700.24,Won,14,Yanis F.
SAL004470,CL00371,2025-07-29,Custom Development,one_time,4875.94,0.0,4875.94,Won,21,Léa M.
SAL004225,CL00348,2025-07-29,Custom Development,one_time,13070.22,653.51,12416.71,Won,27,Léa M.
SAL001463,CL00122,2025-07-29,Core Premium,subscription,1639.49,0.0,1639.49,Won,32,Marie D.
SAL002235,CL00193,2025-07-29,Ledger Subscription,subscription,500.88,0.0,500.88,Won,64,Karim T.
SAL004940,CL00405,2025-07-29,Ledger Subscription,subscription,637.38,0.0,637.38,Won,73,Karim T.
SAL005422,CL00446,2025-07-30,Lex Subscription,subscription,741.78,0.0,741.78,Won,51,Yanis F.
SAL003221,CL00275,2025-07-30,Premium Support,subscription,209.14,10.46,198.68,Won,12,Amine B.
SAL002007,CL00173,2025-07-30,Lex Subscription,subscription,236.63,0.0,236.63,Won,36,Yanis F.
SAL001315,CL00111,2025-07-30,Premium Support,subscription,340.08,51.01,289.07,Won,57,Sophie L.
SAL000488,CL00051,2025-07-30,Premium Support,subscription,185.78,9.29,176.49,Won,36,Amine B.
SAL000865,CL00075,2025-07-30,Lex Subscription,subscription,824.89,82.49,742.4,Won,37,Yanis F.
SAL003236,CL00276,2025-07-30,Lex Subscription,subscription,674.67,0.0,674.67,Won,54,Amine B.
SAL004378,CL00360,2025-07-30,Core Premium,subscription,956.19,0.0,956.19,Won,80,Karim T.
SAL001844,CL00152,2025-07-30,Vector Subscription,subscription,501.29,25.06,476.23,Won,48,Karim T.
SAL005827,CL00480,2025-07-30,Lex Subscription,subscription,362.52,72.5,290.02,Won,66,Marie D.
SAL003639,CL00304,2025-07-30,Ledger Subscription,subscription,243.85,48.77,195.08,Won,74,Amine B.
SAL004097,CL00342,2025-07-31,Premium Support,subscription,390.04,0.0,390.04,Won,71,Amine B.
SAL003503,CL00294,2025-07-31,Ledger Subscription,subscription,309.53,30.95,278.58,Won,86,Amine B.
SAL002103,CL00181,2025-07-31,Vector Subscription,subscription,1098.17,0.0,1098.17,Won,13,Sophie L.
SAL003912,CL00331,2025-07-31,Ledger Subscription,subscription,395.3,19.76,375.54,Won,17,Léa M.
SAL005068,CL00417,2025-07-31,Ledger Subscription,subscription,483.74,48.37,435.37,Won,31,Yanis F.
SAL000261,CL00027,2025-07-31,Training & Onboarding,one_time,684.67,102.7,581.97,Won,38,Amine B.
SAL004449,CL00366,2025-07-31,Ledger Subscription,subscription,541.27,0.0,541.27,Won,50,Sophie L.
SAL005348,CL00439,2025-07-31,Ledger Subscription,subscription,733.72,36.69,697.03,Won,64,Sophie L.
SAL003637,CL00304,2025-07-31,Lex Subscription,subscription,580.44,87.07,493.37,Won,78,Amine B.
SAL003256,CL00277,2025-07-31,Custom Development,one_time,6975.13,0.0,6975.13,Won,42,Léa M.
SAL001724,CL00141,2025-07-31,Custom Development,one_time,5465.03,546.5,4918.53,Won,62,Amine B.
SAL003245,CL00277,2025-07-31,Core Premium,subscription,1946.63,97.33,1849.3,Won,60,Léa M.
SAL003469,CL00294,2025-07-31,Premium Support,subscription,125.73,6.29,119.44,Won,98,Amine B.
SAL002445,CL00213,2025-07-31,Custom Development,one_time,6853.61,0.0,6853.61,Won,55,Sophie L.
SAL002589,CL00223,2025-08-01,Vector Subscription,subscription,1267.16,126.72,1140.44,Won,71,Karim T.
SAL003444,CL00292,2025-08-01,Vector Subscription,subscription,629.21,0.0,629.21,Won,41,Amine B.
SAL002911,CL00250,2025-08-01,Premium Support,subscription,229.38,22.94,206.44,Won,37,Léa M.
SAL004265,CL00351,2025-08-01,Vector Subscription,subscription,432.77,43.28,389.49,Won,35,Léa M.
SAL005696,CL00470,2025-08-01,Ledger Subscription,subscription,309.87,46.48,263.39,Won,55,Marie D.
SAL000591,CL00057,2025-08-01,Training & Onboarding,one_time,1056.92,52.85,1004.07,Won,71,Marie D.
SAL001940,CL00168,2025-08-01,Ledger Subscription,subscription,656.79,32.84,623.95,Won,84,Yanis F.
SAL001159,CL00102,2025-08-01,Core Premium,subscription,2304.19,0.0,2304.19,Won,76,Amine B.
SAL002489,CL00218,2025-08-02,Premium Support,subscription,548.39,27.42,520.97,Won,26,Karim T.
SAL005850,CL00481,2025-08-02,Core Premium,subscription,1682.0,0.0,1682.0,Won,82,Karim T.
SAL004720,CL00390,2025-08-02,Custom Development,one_time,6500.93,325.05,6175.88,Won,28,Amine B.
SAL000731,CL00069,2025-08-02,Premium Support,subscription,418.28,83.66,334.62,Won,30,Amine B.
SAL005638,CL00463,2025-08-02,Premium Support,subscription,296.74,0.0,296.74,Won,77,Karim T.
SAL003263,CL00277,2025-08-02,Vector Subscription,subscription,582.83,0.0,582.83,Won,59,Léa M.
SAL003858,CL00330,2025-08-02,Ledger Subscription,subscription,196.74,9.84,186.9,Won,8,Léa M.
SAL003502,CL00294,2025-08-02,Training & Onboarding,one_time,1248.09,0.0,1248.09,Won,28,Amine B.
SAL000459,CL00049,2025-08-02,Training & Onboarding,one_time,767.41,0.0,767.41,Won,103,Yanis F.
SAL001152,CL00101,2025-08-02,Ledger Subscription,subscription,520.06,0.0,520.06,Won,22,Karim T.
SAL001658,CL00133,2025-08-02,Ledger Subscription,subscription,357.12,0.0,357.12,Won,64,Sophie L.
SAL000849,CL00075,2025-08-02,Premium Support,subscription,186.12,0.0,186.12,Won,19,Yanis F.
SAL002170,CL00188,2025-08-03,Training & Onboarding,one_time,712.41,35.62,676.79,Won,63,Léa M.
SAL001846,CL00152,2025-08-03,Ledger Subscription,subscription,512.56,0.0,512.56,Won,90,Karim T.
SAL005233,CL00427,2025-08-03,Custom Development,one_time,5504.19,0.0,5504.19,Won,72,Marie D.
SAL002764,CL00240,2025-08-03,Premium Support,subscription,325.64,0.0,325.64,Won,8,Léa M.
SAL003239,CL00276,2025-08-03,Custom Development,one_time,3817.58,0.0,3817.58,Won,9,Amine B.
SAL002343,CL00203,2025-08-03,Training & Onboarding,one_time,1847.52,277.13,1570.39,Won,18,Karim T.
SAL001484,CL00123,2025-08-03,Custom Development,one_time,3459.15,345.91,3113.24,Won,99,Yanis F.
SAL005200,CL00425,2025-08-03,Training & Onboarding,one_time,764.33,38.22,726.11,Won,72,Léa M.
SAL003672,CL00309,2025-08-03,Ledger Subscription,subscription,719.3,0.0,719.3,Won,69,Karim T.
SAL002640,CL00228,2025-08-03,Training & Onboarding,one_time,1489.83,0.0,1489.83,Won,65,Amine B.
SAL005821,CL00479,2025-08-03,Training & Onboarding,one_time,1409.55,0.0,1409.55,Won,93,Yanis F.
SAL000429,CL00045,2025-08-03,Custom Development,one_time,12487.23,624.36,11862.87,Won,37,Sophie L.
SAL004380,CL00360,2025-08-03,Lex Subscription,subscription,412.7,20.64,392.06,Won,24,Karim T.
SAL004721,CL00390,2025-08-04,Core Premium,subscription,1452.3,72.62,1379.68,Won,97,Amine B.
SAL003217,CL00275,2025-08-04,Vector Subscription,subscription,581.58,0.0,581.58,Won,87,Amine B.
SAL003792,CL00322,2025-08-04,Training & Onboarding,one_time,861.35,0.0,861.35,Won,88,Sophie L.
SAL006097,CL00498,2025-08-04,Training & Onboarding,one_time,1877.72,0.0,1877.72,Won,44,Léa M.
SAL001066,CL00088,2025-08-04,Core Premium,subscription,1546.22,77.31,1468.91,Won,22,Amine B.
SAL002451,CL00214,2025-08-04,Premium Support,subscription,323.05,16.15,306.9,Won,24,Amine B.
SAL004987,CL00408,2025-08-04,Core Premium,subscription,1563.64,234.55,1329.09,Won,76,Karim T.
SAL005735,CL00474,2025-08-04,Ledger Subscription,subscription,595.15,0.0,595.15,Won,30,Léa M.
SAL003643,CL00305,2025-08-04,Training & Onboarding,one_time,650.55,32.53,618.02,Won,71,Amine B.
SAL002869,CL00244,2025-08-04,Ledger Subscription,subscription,565.37,0.0,565.37,Won,69,Amine B.
SAL003538,CL00296,2025-08-04,Vector Subscription,subscription,540.28,27.01,513.27,Won,53,Amine B.
SAL005168,CL00423,2025-08-04,Vector Subscription,subscription,559.87,27.99,531.88,Won,77,Marie D.
SAL001226,CL00107,2025-08-05,Ledger Subscription,subscription,258.91,38.84,220.07,Won,39,Yanis F.
SAL000607,CL00057,2025-08-05,Training & Onboarding,one_time,2090.53,104.53,1986.0,Won,75,Marie D.
SAL006014,CL00494,2025-08-05,Training & Onboarding,one_time,818.93,81.89,737.04,Won,18,Amine B.
SAL004585,CL00379,2025-08-05,Training & Onboarding,one_time,1642.69,0.0,1642.69,Won,43,Yanis F.
SAL005719,CL00471,2025-08-05,Training & Onboarding,one_time,989.07,0.0,989.07,Won,78,Yanis F.
SAL004414,CL00364,2025-08-05,Ledger Subscription,subscription,700.1,0.0,700.1,Won,75,Yanis F.
SAL004505,CL00371,2025-08-05,Lex Subscription,subscription,746.91,0.0,746.91,Won,37,Léa M.
SAL002516,CL00220,2025-08-05,Training & Onboarding,one_time,1261.9,189.28,1072.62,Won,87,Amine B.
SAL005920,CL00486,2025-08-05,Training & Onboarding,one_time,1238.95,247.79,991.16,Won,105,Léa M.
SAL001192,CL00103,2025-08-06,Vector Subscription,subscription,965.41,0.0,965.41,Won,48,Sophie L.
SAL003250,CL00277,2025-08-06,Training & Onboarding,one_time,1787.72,0.0,1787.72,Won,115,Léa M.
SAL004558,CL00377,2025-08-06,Lex Subscription,subscription,381.27,0.0,381.27,Won,110,Léa M.
SAL005161,CL00423,2025-08-06,Custom Development,one_time,8019.72,1603.94,6415.78,Won,55,Marie D.
SAL003039,CL00256,2025-08-06,Vector Subscription,subscription,681.86,34.09,647.77,Won,52,Sophie L.
SAL003528,CL00296,2025-08-06,Core Premium,subscription,1133.73,170.06,963.67,Won,34,Amine B.
SAL002014,CL00174,2025-08-06,Premium Support,subscription,433.77,0.0,433.77,Won,64,Karim T.
SAL004046,CL00338,2025-08-06,Lex Subscription,subscription,548.89,82.33,466.56,Won,61,Léa M.
SAL003192,CL00271,2025-08-06,Ledger Subscription,subscription,638.72,31.94,606.78,Won,87,Yanis F.
SAL000678,CL00067,2025-08-06,Custom Development,one_time,5399.7,269.99,5129.71,Won,76,Karim T.
SAL002991,CL00255,2025-08-06,Core Premium,subscription,2550.47,127.52,2422.95,Won,92,Marie D.
SAL001525,CL00124,2025-08-07,Training & Onboarding,one_time,1918.5,95.92,1822.58,Won,29,Sophie L.
SAL000960,CL00081,2025-08-07,Training & Onboarding,one_time,1519.94,76.0,1443.94,Won,55,Léa M.
SAL005650,CL00465,2025-08-07,Vector Subscription,subscription,956.96,0.0,956.96,Won,21,Marie D.
SAL002475,CL00215,2025-08-07,Ledger Subscription,subscription,220.61,0.0,220.61,Won,61,Sophie L.
SAL002506,CL00220,2025-08-07,Lex Subscription,subscription,290.45,14.52,275.93,Won,88,Amine B.
SAL002442,CL00213,2025-08-07,Premium Support,subscription,236.68,11.83,224.85,Won,73,Sophie L.
SAL005572,CL00459,2025-08-07,Core Premium,subscription,1513.17,151.32,1361.85,Won,120,Yanis F.
SAL002089,CL00178,2025-08-07,Training & Onboarding,one_time,1143.32,114.33,1028.99,Won,69,Karim T.
SAL003452,CL00293,2025-08-07,Core Premium,subscription,1887.51,283.13,1604.38,Won,60,Karim T.
SAL003442,CL00292,2025-08-07,Lex Subscription,subscription,776.99,155.4,621.59,Won,21,Amine B.
SAL004565,CL00377,2025-08-08,Premium Support,subscription,301.61,15.08,286.53,Won,37,Léa M.
SAL005704,CL00470,2025-08-08,Training & Onboarding,one_time,642.74,32.14,610.6,Won,7,Marie D.
SAL005078,CL00417,2025-08-08,Vector Subscription,subscription,720.36,72.04,648.32,Won,23,Yanis F.
SAL005180,CL00424,2025-08-08,Training & Onboarding,one_time,742.85,74.28,668.57,Won,28,Karim T.
SAL003848,CL00329,2025-08-08,Custom Development,one_time,5637.05,0.0,5637.05,Won,32,Marie D.
SAL001007,CL00085,2025-08-08,Premium Support,subscription,215.51,10.78,204.73,Won,71,Marie D.
SAL002123,CL00182,2025-08-08,Core Premium,subscription,2709.11,0.0,2709.11,Won,32,Marie D.
SAL003739,CL00318,2025-08-08,Lex Subscription,subscription,771.82,115.77,656.05,Won,49,Yanis F.
SAL005512,CL00455,2025-08-08,Custom Development,one_time,13932.94,0.0,13932.94,Won,93,Sophie L.
SAL005875,CL00482,2025-08-08,Vector Subscription,subscription,786.69,0.0,786.69,Won,62,Yanis F.
SAL001304,CL00110,2025-08-08,Custom Development,one_time,10228.84,1022.88,9205.96,Won,32,Karim T.
SAL004215,CL00348,2025-08-08,Vector Subscription,subscription,662.07,33.1,628.97,Won,37,Léa M.
SAL000321,CL00030,2025-08-08,Core Premium,subscription,2890.65,0.0,2890.65,Won,114,Karim T.
SAL005697,CL00470,2025-08-09,Vector Subscription,subscription,677.16,0.0,677.16,Won,12,Marie D.
SAL002476,CL00215,2025-08-09,Lex Subscription,subscription,439.62,0.0,439.62,Won,32,Sophie L.
SAL001942,CL00168,2025-08-09,Vector Subscription,subscription,1072.11,53.61,1018.5,Won,67,Yanis F.
SAL004076,CL00341,2025-08-09,Training & Onboarding,one_time,1299.26,259.85,1039.41,Won,99,Karim T.
SAL004943,CL00405,2025-08-09,Core Premium,subscription,2299.29,114.96,2184.33,Won,11,Karim T.
SAL001456,CL00121,2025-08-09,Ledger Subscription,subscription,442.85,22.14,420.71,Won,51,Amine B.
SAL006079,CL00498,2025-08-09,Custom Development,one_time,4701.91,940.38,3761.53,Won,85,Léa M.
SAL000206,CL00018,2025-08-09,Ledger Subscription,subscription,342.86,0.0,342.86,Won,18,Sophie L.
SAL003190,CL00271,2025-08-10,Premium Support,subscription,437.44,0.0,437.44,Won,85,Yanis F.
SAL005231,CL00427,2025-08-10,Training & Onboarding,one_time,1204.62,0.0,1204.62,Won,74,Marie D.
SAL003441,CL00292,2025-08-10,Ledger Subscription,subscription,324.51,32.45,292.06,Won,50,Amine B.
SAL000502,CL00053,2025-08-10,Lex Subscription,subscription,278.01,0.0,278.01,Won,41,Amine B.
SAL000617,CL00059,2025-08-10,Ledger Subscription,subscription,511.16,0.0,511.16,Won,20,Karim T.
SAL003487,CL00294,2025-08-10,Training & Onboarding,one_time,1119.14,111.91,1007.23,Won,60,Amine B.
SAL004395,CL00362,2025-08-10,Premium Support,subscription,171.46,0.0,171.46,Won,44,Léa M.
SAL005442,CL00448,2025-08-10,Lex Subscription,subscription,771.53,38.58,732.95,Won,65,Léa M.
SAL001856,CL00154,2025-08-10,Custom Development,one_time,3432.38,514.86,2917.52,Won,84,Marie D.
SAL005222,CL00425,2025-08-10,Lex Subscription,subscription,466.29,0.0,466.29,Won,113,Léa M.
SAL006098,CL00498,2025-08-10,Premium Support,subscription,415.06,0.0,415.06,Won,66,Léa M.
SAL004464,CL00370,2025-08-11,Lex Subscription,subscription,454.26,0.0,454.26,Won,83,Sophie L.
SAL000317,CL00030,2025-08-11,Core Premium,subscription,1181.81,0.0,1181.81,Won,82,Karim T.
SAL000964,CL00081,2025-08-11,Ledger Subscription,subscription,774.78,77.48,697.3,Won,90,Léa M.
SAL002138,CL00185,2025-08-11,Vector Subscription,subscription,917.03,0.0,917.03,Won,76,Yanis F.
SAL006003,CL00493,2025-08-11,Core Premium,subscription,1364.27,68.21,1296.06,Won,45,Sophie L.
SAL003414,CL00288,2025-08-11,Custom Development,one_time,10192.03,1019.2,9172.83,Won,81,Sophie L.
SAL000157,CL00013,2025-08-12,Custom Development,one_time,5696.93,0.0,5696.93,Won,27,Marie D.
SAL005908,CL00484,2025-08-12,Premium Support,subscription,302.78,0.0,302.78,Won,53,Marie D.
SAL003260,CL00277,2025-08-12,Core Premium,subscription,1270.51,0.0,1270.51,Won,82,Léa M.
SAL005311,CL00434,2025-08-12,Custom Development,one_time,4279.1,0.0,4279.1,Won,57,Marie D.
SAL000697,CL00067,2025-08-13,Ledger Subscription,subscription,635.76,0.0,635.76,Won,62,Karim T.
SAL003155,CL00266,2025-08-13,Core Premium,subscription,1126.96,112.7,1014.26,Won,68,Marie D.
SAL002262,CL00193,2025-08-13,Core Premium,subscription,1459.23,0.0,1459.23,Won,98,Karim T.
SAL002323,CL00202,2025-08-13,Training & Onboarding,one_time,1605.79,80.29,1525.5,Won,34,Karim T.
SAL001340,CL00115,2025-08-13,Ledger Subscription,subscription,536.31,26.82,509.49,Won,49,Sophie L.
SAL006051,CL00497,2025-08-13,Custom Development,one_time,4128.33,206.42,3921.91,Won,78,Karim T.
SAL003456,CL00293,2025-08-14,Vector Subscription,subscription,633.43,0.0,633.43,Won,89,Karim T.
SAL002660,CL00231,2025-08-14,Lex Subscription,subscription,333.83,33.38,300.45,Won,47,Marie D.
SAL002978,CL00253,2025-08-14,Vector Subscription,subscription,565.74,0.0,565.74,Won,90,Yanis F.
SAL005965,CL00489,2025-08-14,Training & Onboarding,one_time,1835.57,0.0,1835.57,Won,86,Marie D.
SAL000569,CL00055,2025-08-14,Ledger Subscription,subscription,278.39,0.0,278.39,Won,14,Karim T.
SAL002642,CL00228,2025-08-14,Training & Onboarding,one_time,2022.07,202.21,1819.86,Won,83,Amine B.
SAL003291,CL00279,2025-08-14,Lex Subscription,subscription,519.31,0.0,519.31,Won,54,Amine B.
SAL000916,CL00078,2025-08-14,Custom Development,one_time,12237.75,2447.55,9790.2,Won,100,Yanis F.
SAL003288,CL00279,2025-08-14,Vector Subscription,subscription,677.38,0.0,677.38,Won,74,Amine B.
SAL000840,CL00074,2025-08-15,Ledger Subscription,subscription,218.87,21.89,196.98,Won,71,Léa M.
SAL002980,CL00253,2025-08-15,Premium Support,subscription,315.97,31.6,284.37,Won,22,Yanis F.
SAL001099,CL00093,2025-08-15,Training & Onboarding,one_time,714.51,0.0,714.51,Won,34,Karim T.
SAL002379,CL00205,2025-08-15,Core Premium,subscription,1075.47,0.0,1075.47,Won,49,Amine B.
SAL001316,CL00111,2025-08-15,Lex Subscription,subscription,634.55,0.0,634.55,Won,19,Sophie L.
SAL000523,CL00054,2025-08-15,Training & Onboarding,one_time,1943.12,0.0,1943.12,Won,28,Léa M.
SAL004717,CL00389,2025-08-15,Training & Onboarding,one_time,1401.67,0.0,1401.67,Won,64,Amine B.
SAL002204,CL00190,2025-08-15,Custom Development,one_time,10595.9,1589.39,9006.51,Won,65,Marie D.
SAL000428,CL00044,2025-08-16,Ledger Subscription,subscription,744.2,0.0,744.2,Won,27,Sophie L.
SAL003680,CL00313,2025-08-16,Lex Subscription,subscription,711.11,0.0,711.11,Won,18,Yanis F.
SAL000466,CL00050,2025-08-16,Lex Subscription,subscription,355.4,53.31,302.09,Won,60,Léa M.
SAL004419,CL00364,2025-08-16,Premium Support,subscription,186.44,9.32,177.12,Won,62,Yanis F.
SAL000422,CL00044,2025-08-16,Training & Onboarding,one_time,1927.03,96.35,1830.68,Won,35,Sophie L.
SAL002935,CL00251,2025-08-16,Custom Development,one_time,4609.06,0.0,4609.06,Won,88,Sophie L.
SAL005465,CL00450,2025-08-16,Training & Onboarding,one_time,1864.59,93.23,1771.36,Won,66,Sophie L.
SAL001343,CL00115,2025-08-16,Core Premium,subscription,978.61,0.0,978.61,Won,60,Sophie L.
SAL001965,CL00169,2025-08-16,Premium Support,subscription,374.18,0.0,374.18,Won,9,Amine B.
SAL005350,CL00439,2025-08-16,Lex Subscription,subscription,325.32,32.53,292.79,Won,34,Sophie L.
SAL002388,CL00205,2025-08-16,Training & Onboarding,one_time,2253.78,0.0,2253.78,Won,73,Amine B.
SAL001993,CL00171,2025-08-16,Vector Subscription,subscription,1067.42,53.37,1014.05,Won,33,Karim T.
SAL000666,CL00065,2025-08-17,Vector Subscription,subscription,678.53,67.85,610.68,Won,16,Karim T.
SAL004342,CL00358,2025-08-17,Ledger Subscription,subscription,185.98,0.0,185.98,Won,49,Amine B.
SAL004528,CL00374,2025-08-17,Custom Development,one_time,13055.87,0.0,13055.87,Won,9,Léa M.
SAL005991,CL00491,2025-08-17,Training & Onboarding,one_time,1045.27,0.0,1045.27,Won,41,Amine B.
SAL003716,CL00316,2025-08-17,Ledger Subscription,subscription,265.94,0.0,265.94,Won,79,Marie D.
SAL001761,CL00146,2025-08-17,Premium Support,subscription,239.14,35.87,203.27,Won,27,Marie D.
SAL002243,CL00193,2025-08-17,Lex Subscription,subscription,277.27,13.86,263.41,Won,60,Karim T.
SAL004254,CL00350,2025-08-17,Core Premium,subscription,2107.61,0.0,2107.61,Won,84,Yanis F.
SAL002485,CL00218,2025-08-17,Ledger Subscription,subscription,667.93,66.79,601.14,Won,68,Karim T.
SAL000743,CL00070,2025-08-17,Lex Subscription,subscription,800.97,40.05,760.92,Won,53,Yanis F.
SAL003640,CL00304,2025-08-18,Custom Development,one_time,5351.36,267.57,5083.79,Won,53,Amine B.
SAL005721,CL00471,2025-08-18,Premium Support,subscription,209.82,0.0,209.82,Won,46,Yanis F.
SAL005758,CL00477,2025-08-18,Lex Subscription,subscription,510.47,0.0,510.47,Won,62,Sophie L.
SAL004238,CL00349,2025-08-18,Training & Onboarding,one_time,1189.48,0.0,1189.48,Won,62,Yanis F.
SAL003087,CL00260,2025-08-18,Lex Subscription,subscription,392.73,19.64,373.09,Won,89,Yanis F.
SAL005542,CL00455,2025-08-18,Lex Subscription,subscription,247.12,0.0,247.12,Won,117,Sophie L.
SAL004696,CL00387,2025-08-18,Custom Development,one_time,16875.69,0.0,16875.69,Won,69,Amine B.
SAL003847,CL00329,2025-08-18,Premium Support,subscription,387.47,38.75,348.72,Won,51,Marie D.
SAL000171,CL00014,2025-08-18,Training & Onboarding,one_time,797.8,79.78,718.02,Won,45,Yanis F.
SAL002267,CL00195,2025-08-18,Training & Onboarding,one_time,756.64,0.0,756.64,Won,72,Yanis F.
SAL000316,CL00030,2025-08-19,Lex Subscription,subscription,1016.42,152.46,863.96,Won,55,Karim T.
SAL000183,CL00015,2025-08-19,Core Premium,subscription,981.86,0.0,981.86,Won,70,Sophie L.
SAL000616,CL00059,2025-08-19,Core Premium,subscription,2746.32,0.0,2746.32,Won,36,Karim T.
SAL001707,CL00139,2025-08-19,Ledger Subscription,subscription,406.7,0.0,406.7,Won,78,Amine B.
SAL004437,CL00366,2025-08-19,Ledger Subscription,subscription,617.81,0.0,617.81,Won,87,Sophie L.
SAL001170,CL00103,2025-08-19,Ledger Subscription,subscription,612.33,61.23,551.1,Won,109,Sophie L.
SAL004530,CL00374,2025-08-20,Ledger Subscription,subscription,355.19,53.28,301.91,Won,19,Léa M.
SAL000099,CL00011,2025-08-20,Ledger Subscription,subscription,335.93,67.19,268.74,Won,54,Karim T.
SAL004073,CL00341,2025-08-20,Core Premium,subscription,2275.8,113.79,2162.01,Won,80,Karim T.
SAL002258,CL00193,2025-08-20,Training & Onboarding,one_time,1502.53,0.0,1502.53,Won,77,Karim T.
SAL005790,CL00479,2025-08-20,Ledger Subscription,subscription,222.42,11.12,211.3,Won,93,Yanis F.
SAL000977,CL00083,2025-08-20,Core Premium,subscription,912.59,0.0,912.59,Won,77,Yanis F.
SAL005246,CL00427,2025-08-20,Training & Onboarding,one_time,685.49,68.55,616.94,Won,107,Marie D.
SAL003175,CL00268,2025-08-21,Ledger Subscription,subscription,244.87,0.0,244.87,Won,8,Karim T.
SAL003069,CL00257,2025-08-21,Custom Development,one_time,4340.55,0.0,4340.55,Won,20,Sophie L.
SAL005155,CL00423,2025-08-21,Lex Subscription,subscription,739.16,73.92,665.24,Won,29,Marie D.
SAL005642,CL00464,2025-08-21,Custom Development,one_time,9810.77,490.54,9320.23,Won,79,Léa M.
SAL002846,CL00242,2025-08-21,Lex Subscription,subscription,231.22,11.56,219.66,Won,82,Marie D.
SAL000133,CL00012,2025-08-21,Lex Subscription,subscription,306.11,15.31,290.8,Won,31,Yanis F.
SAL004411,CL00364,2025-08-21,Training & Onboarding,one_time,2357.16,235.72,2121.44,Won,29,Yanis F.
SAL002849,CL00243,2025-08-21,Ledger Subscription,subscription,608.6,0.0,608.6,Won,12,Léa M.
SAL004898,CL00402,2025-08-22,Vector Subscription,subscription,794.16,79.42,714.74,Won,44,Léa M.
SAL001825,CL00151,2025-08-22,Lex Subscription,subscription,941.23,0.0,941.23,Won,60,Marie D.
SAL003632,CL00303,2025-08-22,Vector Subscription,subscription,410.44,0.0,410.44,Won,111,Karim T.
SAL006107,CL00499,2025-08-22,Training & Onboarding,one_time,553.18,0.0,553.18,Won,32,Sophie L.
SAL001172,CL00103,2025-08-22,Training & Onboarding,one_time,620.77,0.0,620.77,Won,32,Sophie L.
SAL000483,CL00050,2025-08-22,Vector Subscription,subscription,831.42,0.0,831.42,Won,115,Léa M.
SAL000774,CL00072,2025-08-22,Lex Subscription,subscription,449.51,0.0,449.51,Won,28,Yanis F.
SAL005573,CL00459,2025-08-22,Training & Onboarding,one_time,578.67,57.87,520.8,Won,42,Yanis F.
SAL006001,CL00493,2025-08-22,Core Premium,subscription,2051.12,102.56,1948.56,Won,83,Sophie L.
SAL005280,CL00431,2025-08-22,Ledger Subscription,subscription,717.37,35.87,681.5,Won,12,Amine B.
SAL005597,CL00461,2025-08-22,Core Premium,subscription,1234.96,0.0,1234.96,Won,69,Marie D.
SAL000911,CL00078,2025-08-22,Premium Support,subscription,229.67,0.0,229.67,Won,56,Yanis F.
SAL005461,CL00450,2025-08-22,Core Premium,subscription,1250.43,0.0,1250.43,Won,20,Sophie L.
SAL004241,CL00349,2025-08-22,Vector Subscription,subscription,1003.9,0.0,1003.9,Won,49,Yanis F.
SAL002010,CL00173,2025-08-23,Custom Development,one_time,15777.38,0.0,15777.38,Won,31,Yanis F.
SAL005718,CL00471,2025-08-23,Core Premium,subscription,1884.99,282.75,1602.24,Won,74,Yanis F.
SAL002529,CL00221,2025-08-23,Custom Development,one_time,6442.35,322.12,6120.23,Won,35,Sophie L.
SAL000330,CL00030,2025-08-23,Training & Onboarding,one_time,1812.51,90.63,1721.88,Won,119,Karim T.
SAL001984,CL00171,2025-08-23,Training & Onboarding,one_time,2090.76,104.54,1986.22,Won,63,Karim T.
SAL003312,CL00280,2025-08-23,Premium Support,subscription,211.89,10.59,201.3,Won,50,Léa M.
SAL005936,CL00486,2025-08-23,Training & Onboarding,one_time,847.82,0.0,847.82,Won,76,Léa M.
SAL002444,CL00213,2025-08-23,Ledger Subscription,subscription,597.43,0.0,597.43,Won,8,Sophie L.
SAL003307,CL00280,2025-08-23,Training & Onboarding,one_time,718.87,35.94,682.93,Won,73,Léa M.
SAL002925,CL00251,2025-08-23,Core Premium,subscription,897.63,0.0,897.63,Won,26,Sophie L.
SAL002157,CL00186,2025-08-23,Lex Subscription,subscription,379.96,38.0,341.96,Won,86,Amine B.
SAL000801,CL00073,2025-08-23,Premium Support,subscription,328.5,49.28,279.22,Won,71,Yanis F.
SAL001167,CL00103,2025-08-23,Ledger Subscription,subscription,409.39,0.0,409.39,Won,84,Sophie L.
SAL000407,CL00040,2025-08-23,Core Premium,subscription,2010.21,0.0,2010.21,Won,14,Amine B.
SAL004012,CL00335,2025-08-23,Ledger Subscription,subscription,414.09,0.0,414.09,Won,64,Léa M.
SAL005115,CL00420,2025-08-23,Vector Subscription,subscription,1046.54,52.33,994.21,Won,79,Marie D.
SAL004344,CL00358,2025-08-23,Training & Onboarding,one_time,1897.82,94.89,1802.93,Won,85,Amine B.
SAL000695,CL00067,2025-08-23,Vector Subscription,subscription,1011.32,0.0,1011.32,Won,9,Karim T.
SAL000966,CL00081,2025-08-23,Ledger Subscription,subscription,475.47,0.0,475.47,Won,45,Léa M.
SAL001641,CL00133,2025-08-24,Training & Onboarding,one_time,1489.48,0.0,1489.48,Won,48,Sophie L.
SAL003859,CL00330,2025-08-24,Premium Support,subscription,195.8,9.79,186.01,Won,73,Léa M.
SAL005884,CL00482,2025-08-24,Premium Support,subscription,280.45,42.07,238.38,Won,58,Yanis F.
SAL002104,CL00181,2025-08-24,Training & Onboarding,one_time,1861.87,279.28,1582.59,Won,22,Sophie L.
SAL004448,CL00366,2025-08-24,Custom Development,one_time,13074.92,0.0,13074.92,Won,112,Sophie L.
SAL005096,CL00418,2025-08-24,Vector Subscription,subscription,402.16,40.22,361.94,Won,80,Léa M.
SAL000155,CL00013,2025-08-24,Premium Support,subscription,288.12,0.0,288.12,Won,63,Marie D.
SAL004642,CL00383,2025-08-24,Vector Subscription,subscription,717.33,0.0,717.33,Won,43,Léa M.
SAL001310,CL00111,2025-08-24,Custom Development,one_time,7487.46,1497.49,5989.97,Won,67,Sophie L.
SAL005065,CL00417,2025-08-25,Training & Onboarding,one_time,1336.83,66.84,1269.99,Won,72,Yanis F.
SAL003578,CL00300,2025-08-25,Training & Onboarding,one_time,1657.79,0.0,1657.79,Won,10,Léa M.
SAL001023,CL00086,2025-08-25,Custom Development,one_time,10397.07,2079.41,8317.66,Won,87,Marie D.
SAL004398,CL00362,2025-08-25,Premium Support,subscription,319.08,0.0,319.08,Won,51,Léa M.
SAL003799,CL00323,2025-08-25,Vector Subscription,subscription,507.06,0.0,507.06,Won,32,Karim T.
SAL002041,CL00176,2025-08-25,Vector Subscription,subscription,969.2,145.38,823.82,Won,19,Yanis F.
SAL005435,CL00447,2025-08-25,Lex Subscription,subscription,279.35,0.0,279.35,Won,13,Sophie L.
SAL000221,CL00020,2025-08-26,Core Premium,subscription,1989.28,298.39,1690.89,Won,51,Sophie L.
SAL000980,CL00083,2025-08-26,Premium Support,subscription,260.64,13.03,247.61,Won,58,Yanis F.
SAL003139,CL00265,2025-08-26,Vector Subscription,subscription,548.65,82.3,466.35,Won,70,Marie D.
SAL001867,CL00154,2025-08-26,Training & Onboarding,one_time,1309.81,0.0,1309.81,Won,40,Marie D.
SAL002042,CL00176,2025-08-26,Ledger Subscription,subscription,445.01,0.0,445.01,Won,16,Yanis F.
SAL003559,CL00298,2025-08-26,Custom Development,one_time,6698.05,334.9,6363.15,Won,46,Sophie L.
SAL003493,CL00294,2025-08-26,Premium Support,subscription,438.47,65.77,372.7,Won,82,Amine B.
SAL001069,CL00089,2025-08-26,Custom Development,one_time,5189.55,259.48,4930.07,Won,37,Yanis F.
SAL002239,CL00193,2025-08-26,Training & Onboarding,one_time,1032.56,0.0,1032.56,Won,89,Karim T.
SAL004730,CL00390,2025-08-26,Training & Onboarding,one_time,1403.4,70.17,1333.23,Won,20,Amine B.
SAL003070,CL00257,2025-08-27,Ledger Subscription,subscription,613.78,61.38,552.4,Won,21,Sophie L.
SAL003001,CL00255,2025-08-27,Training & Onboarding,one_time,1583.01,0.0,1583.01,Won,40,Marie D.
SAL001363,CL00117,2025-08-27,Lex Subscription,subscription,422.17,0.0,422.17,Won,117,Léa M.
SAL005056,CL00415,2025-08-27,Lex Subscription,subscription,471.39,0.0,471.39,Won,76,Amine B.
SAL003776,CL00322,2025-08-27,Ledger Subscription,subscription,464.37,23.22,441.15,Won,7,Sophie L.
SAL002106,CL00181,2025-08-27,Core Premium,subscription,1228.77,61.44,1167.33,Won,7,Sophie L.
SAL000186,CL00016,2025-08-27,Premium Support,subscription,389.67,77.93,311.74,Won,9,Karim T.
SAL001102,CL00093,2025-08-27,Premium Support,subscription,253.1,0.0,253.1,Won,24,Karim T.
SAL005436,CL00447,2025-08-27,Training & Onboarding,one_time,1975.55,98.78,1876.77,Won,49,Sophie L.
SAL005237,CL00427,2025-08-27,Ledger Subscription,subscription,496.65,0.0,496.65,Won,54,Marie D.
SAL001080,CL00090,2025-08-28,Vector Subscription,subscription,625.41,62.54,562.87,Won,41,Marie D.
SAL001279,CL00108,2025-08-28,Ledger Subscription,subscription,381.67,0.0,381.67,Won,83,Sophie L.
SAL002809,CL00241,2025-08-28,Ledger Subscription,subscription,564.43,0.0,564.43,Won,74,Amine B.
SAL002418,CL00210,2025-08-28,Training & Onboarding,one_time,953.42,0.0,953.42,Won,47,Amine B.
SAL001596,CL00131,2025-08-28,Custom Development,one_time,4277.82,0.0,4277.82,Won,74,Marie D.
SAL000333,CL00030,2025-08-28,Vector Subscription,subscription,1199.09,179.86,1019.23,Won,66,Karim T.
SAL006102,CL00499,2025-08-28,Vector Subscription,subscription,741.92,74.19,667.73,Won,84,Sophie L.
SAL001547,CL00125,2025-08-28,Training & Onboarding,one_time,655.51,32.78,622.73,Won,46,Amine B.
SAL001164,CL00102,2025-08-28,Premium Support,subscription,379.44,18.97,360.47,Won,44,Amine B.
SAL002705,CL00236,2025-08-29,Premium Support,subscription,256.82,0.0,256.82,Won,30,Yanis F.
SAL000775,CL00072,2025-08-29,Lex Subscription,subscription,760.89,38.04,722.85,Won,73,Yanis F.
SAL005777,CL00479,2025-08-29,Vector Subscription,subscription,931.0,0.0,931.0,Won,41,Yanis F.
SAL000568,CL00055,2025-08-29,Core Premium,subscription,2435.33,0.0,2435.33,Won,63,Karim T.
SAL003159,CL00266,2025-08-29,Training & Onboarding,one_time,1662.64,0.0,1662.64,Won,86,Marie D.
SAL000111,CL00011,2025-08-29,Lex Subscription,subscription,423.9,21.19,402.71,Won,20,Karim T.
SAL003507,CL00294,2025-08-29,Custom Development,one_time,12029.64,1202.96,10826.68,Won,86,Amine B.
SAL000740,CL00070,2025-08-29,Ledger Subscription,subscription,558.19,0.0,558.19,Won,46,Yanis F.
SAL005916,CL00485,2025-08-29,Ledger Subscription,subscription,251.45,0.0,251.45,Won,29,Karim T.
SAL002744,CL00238,2025-08-29,Training & Onboarding,one_time,908.78,90.88,817.9,Won,68,Sophie L.
SAL003079,CL00257,2025-08-29,Ledger Subscription,subscription,597.4,29.87,567.53,Won,44,Sophie L.
SAL001284,CL00108,2025-08-29,Core Premium,subscription,1667.97,83.4,1584.57,Won,96,Sophie L.
SAL002117,CL00182,2025-08-30,Vector Subscription,subscription,1081.47,108.15,973.32,Won,54,Marie D.
SAL003795,CL00323,2025-08-30,Core Premium,subscription,1478.93,221.84,1257.09,Won,71,Karim T.
SAL002019,CL00174,2025-08-30,Premium Support,subscription,341.97,0.0,341.97,Won,66,Karim T.
SAL003754,CL00320,2025-08-30,Core Premium,subscription,2580.64,129.03,2451.61,Won,12,Yanis F.
SAL002050,CL00177,2025-08-30,Vector Subscription,subscription,1012.7,101.27,911.43,Won,15,Marie D.
SAL001076,CL00090,2025-08-30,Training & Onboarding,one_time,593.7,59.37,534.33,Won,83,Marie D.
SAL000344,CL00031,2025-08-30,Lex Subscription,subscription,533.61,106.72,426.89,Won,9,Marie D.
SAL002950,CL00252,2025-08-31,Ledger Subscription,subscription,254.93,0.0,254.93,Won,9,Marie D.
SAL001183,CL00103,2025-08-31,Custom Development,one_time,8306.25,415.31,7890.94,Won,38,Sophie L.
SAL000404,CL00040,2025-08-31,Core Premium,subscription,1347.66,67.38,1280.28,Won,30,Amine B.
SAL001934,CL00167,2025-08-31,Training & Onboarding,one_time,1439.09,0.0,1439.09,Won,68,Yanis F.
SAL000949,CL00080,2025-08-31,Training & Onboarding,one_time,1902.31,95.12,1807.19,Won,79,Amine B.
SAL000742,CL00070,2025-08-31,Premium Support,subscription,278.64,0.0,278.64,Won,45,Yanis F.
SAL005502,CL00452,2025-08-31,Vector Subscription,subscription,508.15,76.22,431.93,Won,41,Karim T.
SAL002915,CL00250,2025-09-01,Core Premium,subscription,2267.47,0.0,2267.47,Won,56,Léa M.
SAL002906,CL00250,2025-09-01,Premium Support,subscription,632.39,0.0,632.39,Won,87,Léa M.
SAL004971,CL00407,2025-09-01,Lex Subscription,subscription,1397.92,0.0,1397.92,Won,80,Karim T.
SAL001823,CL00151,2025-09-01,Training & Onboarding,one_time,4254.44,212.72,4041.72,Won,47,Marie D.
SAL002333,CL00202,2025-09-01,Vector Subscription,subscription,1435.45,143.54,1291.91,Won,61,Karim T.
SAL001434,CL00121,2025-09-01,Core Premium,subscription,2732.43,0.0,2732.43,Won,76,Amine B.
SAL000094,CL00011,2025-09-01,Vector Subscription,subscription,1660.12,83.01,1577.11,Won,71,Karim T.
SAL001240,CL00107,2025-09-01,Core Premium,subscription,4483.5,0.0,4483.5,Won,35,Yanis F.
SAL003791,CL00322,2025-09-01,Ledger Subscription,subscription,657.28,0.0,657.28,Won,64,Sophie L.
SAL002493,CL00218,2025-09-01,Ledger Subscription,subscription,546.38,0.0,546.38,Won,76,Karim T.
SAL001986,CL00171,2025-09-01,Training & Onboarding,one_time,3914.68,0.0,3914.68,Won,23,Karim T.
SAL003115,CL00263,2025-09-01,Training & Onboarding,one_time,3678.18,0.0,3678.18,Won,14,Léa M.
SAL005673,CL00467,2025-09-02,Premium Support,subscription,239.38,11.97,227.41,Won,64,Marie D.
SAL003981,CL00335,2025-09-02,Training & Onboarding,one_time,2762.61,138.13,2624.48,Won,98,Léa M.
SAL004803,CL00398,2025-09-02,Premium Support,subscription,757.24,0.0,757.24,Won,59,Marie D.
SAL004988,CL00408,2025-09-02,Core Premium,subscription,3036.94,0.0,3036.94,Won,81,Karim T.
SAL002025,CL00175,2025-09-02,Premium Support,subscription,714.16,0.0,714.16,Won,55,Amine B.
SAL000154,CL00013,2025-09-02,Ledger Subscription,subscription,966.14,0.0,966.14,Won,82,Marie D.
SAL002205,CL00190,2025-09-02,Premium Support,subscription,318.5,0.0,318.5,Won,32,Marie D.
SAL002472,CL00215,2025-09-02,Premium Support,subscription,566.12,28.31,537.81,Won,27,Sophie L.
SAL002109,CL00181,2025-09-02,Lex Subscription,subscription,602.16,0.0,602.16,Won,24,Sophie L.
SAL001342,CL00115,2025-09-02,Premium Support,subscription,702.52,35.13,667.39,Won,72,Sophie L.
SAL001679,CL00136,2025-09-02,Vector Subscription,subscription,628.99,31.45,597.54,Won,87,Karim T.
SAL003378,CL00284,2025-09-03,Premium Support,subscription,433.44,21.67,411.77,Won,55,Léa M.
SAL006105,CL00499,2025-09-03,Custom Development,one_time,7411.64,370.58,7041.06,Won,43,Sophie L.
SAL002422,CL00211,2025-09-03,Custom Development,one_time,7573.06,378.65,7194.41,Won,35,Karim T.
SAL000730,CL00069,2025-09-03,Vector Subscription,subscription,1665.01,0.0,1665.01,Won,85,Amine B.
SAL002618,CL00225,2025-09-03,Custom Development,one_time,5763.87,0.0,5763.87,Won,30,Karim T.
SAL005940,CL00486,2025-09-03,Ledger Subscription,subscription,963.0,0.0,963.0,Won,120,Léa M.
SAL002024,CL00175,2025-09-03,Custom Development,one_time,7086.63,0.0,7086.63,Won,63,Amine B.
SAL003724,CL00317,2025-09-04,Premium Support,subscription,618.82,0.0,618.82,Won,33,Amine B.
SAL002913,CL00250,2025-09-04,Training & Onboarding,one_time,1942.12,0.0,1942.12,Won,54,Léa M.
SAL000075,CL00009,2025-09-04,Training & Onboarding,one_time,2486.73,0.0,2486.73,Won,67,Amine B.
SAL001201,CL00104,2025-09-04,Training & Onboarding,one_time,3954.9,790.98,3163.92,Won,15,Sophie L.
SAL002487,CL00218,2025-09-04,Vector Subscription,subscription,1705.75,255.86,1449.89,Won,14,Karim T.
SAL004613,CL00380,2025-09-04,Custom Development,one_time,15675.07,1567.51,14107.56,Won,68,Léa M.
SAL003844,CL00329,2025-09-04,Ledger Subscription,subscription,1131.37,0.0,1131.37,Won,7,Marie D.
SAL003386,CL00284,2025-09-05,Training & Onboarding,one_time,1431.64,0.0,1431.64,Won,71,Léa M.
SAL002715,CL00236,2025-09-05,Premium Support,subscription,396.93,39.69,357.24,Won,77,Yanis F.
SAL004985,CL00408,2025-09-05,Premium Support,subscription,775.81,155.16,620.65,Won,25,Karim T.
SAL003728,CL00317,2025-09-05,Training & Onboarding,one_time,2889.16,144.46,2744.7,Won,68,Amine B.
SAL001156,CL00101,2025-09-05,Vector Subscription,subscription,761.4,0.0,761.4,Won,62,Karim T.
SAL001115,CL00095,2025-09-05,Premium Support,subscription,636.05,63.6,572.45,Won,26,Amine B.
SAL002357,CL00204,2025-09-05,Ledger Subscription,subscription,1184.4,118.44,1065.96,Won,38,Yanis F.
SAL005386,CL00443,2025-09-05,Premium Support,subscription,691.64,0.0,691.64,Won,54,Sophie L.
SAL006099,CL00499,2025-09-05,Premium Support,subscription,558.27,0.0,558.27,Won,73,Sophie L.
SAL006064,CL00498,2025-09-05,Custom Development,one_time,14922.8,2238.42,12684.38,Won,109,Léa M.
SAL001973,CL00170,2025-09-06,Premium Support,subscription,351.87,0.0,351.87,Won,90,Léa M.
SAL001535,CL00124,2025-09-06,Core Premium,subscription,2248.17,0.0,2248.17,Won,61,Sophie L.
SAL002492,CL00218,2025-09-06,Premium Support,subscription,338.23,0.0,338.23,Won,26,Karim T.
SAL005032,CL00414,2025-09-06,Core Premium,subscription,4337.27,433.73,3903.54,Won,51,Amine B.
SAL003193,CL00271,2025-09-06,Core Premium,subscription,3607.18,0.0,3607.18,Won,28,Yanis F.
SAL003172,CL00268,2025-09-06,Core Premium,subscription,3786.06,757.21,3028.85,Won,84,Karim T.
SAL002650,CL00230,2025-09-06,Vector Subscription,subscription,1415.06,0.0,1415.06,Won,53,Sophie L.
SAL000879,CL00075,2025-09-06,Training & Onboarding,one_time,2749.46,0.0,2749.46,Won,62,Yanis F.
SAL003238,CL00276,2025-09-06,Lex Subscription,subscription,1161.1,0.0,1161.1,Won,73,Amine B.
SAL000402,CL00040,2025-09-06,Training & Onboarding,one_time,1402.31,0.0,1402.31,Won,63,Amine B.
SAL005522,CL00455,2025-09-07,Vector Subscription,subscription,844.83,84.48,760.35,Won,113,Sophie L.
SAL005014,CL00410,2025-09-07,Custom Development,one_time,6749.67,337.48,6412.19,Won,16,Léa M.
SAL004586,CL00379,2025-09-07,Ledger Subscription,subscription,564.24,0.0,564.24,Won,69,Yanis F.
SAL001039,CL00087,2025-09-07,Core Premium,subscription,4850.61,242.53,4608.08,Won,31,Amine B.
SAL003152,CL00266,2025-09-07,Premium Support,subscription,352.96,17.65,335.31,Won,41,Marie D.
SAL003564,CL00299,2025-09-07,Vector Subscription,subscription,524.72,0.0,524.72,Won,9,Amine B.
SAL004519,CL00373,2025-09-07,Lex Subscription,subscription,1094.11,0.0,1094.11,Won,71,Léa M.
SAL003280,CL00278,2025-09-07,Vector Subscription,subscription,1918.36,0.0,1918.36,Won,20,Yanis F.
SAL005997,CL00491,2025-09-07,Custom Development,one_time,26350.13,3952.52,22397.61,Won,14,Amine B.
SAL000398,CL00040,2025-09-07,Lex Subscription,subscription,1119.85,0.0,1119.85,Won,44,Amine B.
SAL004413,CL00364,2025-09-07,Ledger Subscription,subscription,848.76,0.0,848.76,Won,15,Yanis F.
SAL001029,CL00087,2025-09-07,Training & Onboarding,one_time,2206.35,0.0,2206.35,Won,16,Amine B.
SAL002959,CL00253,2025-09-07,Custom Development,one_time,13322.77,666.14,12656.63,Won,92,Yanis F.
SAL001949,CL00168,2025-09-08,Premium Support,subscription,490.52,49.05,441.47,Won,56,Yanis F.
SAL000228,CL00020,2025-09-08,Premium Support,subscription,313.78,15.69,298.09,Won,23,Sophie L.
SAL001853,CL00153,2025-09-08,Custom Development,one_time,13961.72,698.09,13263.63,Won,48,Yanis F.
SAL004516,CL00373,2025-09-08,Premium Support,subscription,334.02,33.4,300.62,Won,24,Léa M.
SAL005385,CL00443,2025-09-08,Custom Development,one_time,24666.31,2466.63,22199.68,Won,32,Sophie L.
SAL003350,CL00283,2025-09-08,Training & Onboarding,one_time,1561.35,0.0,1561.35,Won,85,Yanis F.
SAL000464,CL00050,2025-09-08,Training & Onboarding,one_time,1411.86,0.0,1411.86,Won,100,Léa M.
SAL003588,CL00302,2025-09-08,Training & Onboarding,one_time,3894.15,0.0,3894.15,Won,36,Karim T.
SAL001306,CL00110,2025-09-08,Core Premium,subscription,1885.36,94.27,1791.09,Won,56,Karim T.
SAL005652,CL00465,2025-09-08,Core Premium,subscription,4311.08,431.11,3879.97,Won,15,Marie D.
SAL001321,CL00112,2025-09-08,Core Premium,subscription,3161.95,0.0,3161.95,Won,45,Karim T.
SAL001837,CL00151,2025-09-08,Ledger Subscription,subscription,395.0,0.0,395.0,Won,48,Marie D.
SAL000988,CL00084,2025-09-09,Lex Subscription,subscription,930.9,46.54,884.36,Won,30,Karim T.
SAL003450,CL00293,2025-09-09,Lex Subscription,subscription,1339.45,0.0,1339.45,Won,75,Karim T.
SAL005097,CL00418,2025-09-09,Lex Subscription,subscription,805.27,0.0,805.27,Won,81,Léa M.
SAL005304,CL00434,2025-09-09,Training & Onboarding,one_time,1936.43,0.0,1936.43,Won,25,Marie D.
SAL000834,CL00074,2025-09-10,Training & Onboarding,one_time,3477.78,521.67,2956.11,Won,37,Léa M.
SAL003580,CL00300,2025-09-10,Vector Subscription,subscription,516.15,51.62,464.53,Won,52,Léa M.
SAL001289,CL00108,2025-09-10,Ledger Subscription,subscription,1175.31,0.0,1175.31,Won,88,Sophie L.
SAL000054,CL00008,2025-09-10,Training & Onboarding,one_time,3666.98,550.05,3116.93,Won,102,Karim T.
SAL002600,CL00224,2025-09-10,Lex Subscription,subscription,1481.77,0.0,1481.77,Won,58,Karim T.
SAL000018,CL00002,2025-09-10,Custom Development,one_time,9817.45,1472.62,8344.83,Won,28,Marie D.
SAL002321,CL00202,2025-09-10,Premium Support,subscription,699.51,69.95,629.56,Won,22,Karim T.
SAL000704,CL00068,2025-09-10,Custom Development,one_time,26871.56,1343.58,25527.98,Won,39,Marie D.
SAL000587,CL00057,2025-09-10,Core Premium,subscription,4654.48,232.72,4421.76,Won,81,Marie D.
SAL005361,CL00441,2025-09-10,Ledger Subscription,subscription,979.91,195.98,783.93,Won,80,Sophie L.
SAL005766,CL00477,2025-09-10,Training & Onboarding,one_time,3643.59,182.18,3461.41,Won,36,Sophie L.
SAL003940,CL00333,2025-09-10,Ledger Subscription,subscription,1325.47,0.0,1325.47,Won,15,Sophie L.
SAL000596,CL00057,2025-09-10,Custom Development,one_time,8093.85,1214.08,6879.77,Won,47,Marie D.
SAL005364,CL00441,2025-09-11,Training & Onboarding,one_time,2109.14,316.37,1792.77,Won,19,Sophie L.
SAL005112,CL00420,2025-09-11,Custom Development,one_time,18980.02,0.0,18980.02,Won,74,Marie D.
SAL004446,CL00366,2025-09-11,Training & Onboarding,one_time,3520.65,352.07,3168.58,Won,41,Sophie L.
SAL003104,CL00262,2025-09-11,Custom Development,one_time,15620.76,0.0,15620.76,Won,52,Yanis F.
SAL003920,CL00332,2025-09-11,Lex Subscription,subscription,419.51,0.0,419.51,Won,56,Amine B.
SAL005859,CL00481,2025-09-11,Training & Onboarding,one_time,2745.74,0.0,2745.74,Won,70,Karim T.
SAL002813,CL00241,2025-09-11,Vector Subscription,subscription,1444.03,144.4,1299.63,Won,103,Amine B.
SAL004150,CL00347,2025-09-11,Premium Support,subscription,398.93,39.89,359.04,Won,92,Karim T.
SAL005666,CL00466,2025-09-11,Premium Support,subscription,552.45,27.62,524.83,Won,86,Yanis F.
SAL006025,CL00496,2025-09-11,Vector Subscription,subscription,1500.49,75.02,1425.47,Won,32,Amine B.
SAL005163,CL00423,2025-09-11,Lex Subscription,subscription,639.9,0.0,639.9,Won,87,Marie D.
SAL002344,CL00203,2025-09-11,Custom Development,one_time,18959.65,0.0,18959.65,Won,26,Karim T.
SAL001211,CL00104,2025-09-11,Training & Onboarding,one_time,1593.81,159.38,1434.43,Won,32,Sophie L.
SAL001795,CL00148,2025-09-12,Custom Development,one_time,27399.68,0.0,27399.68,Won,49,Marie D.
SAL002131,CL00183,2025-09-12,Premium Support,subscription,673.06,0.0,673.06,Won,20,Marie D.
SAL003354,CL00283,2025-09-12,Custom Development,one_time,16720.72,0.0,16720.72,Won,45,Yanis F.
SAL004542,CL00375,2025-09-12,Premium Support,subscription,409.82,0.0,409.82,Won,77,Sophie L.
SAL003231,CL00276,2025-09-12,Training & Onboarding,one_time,1128.53,56.43,1072.1,Won,31,Amine B.
SAL000278,CL00027,2025-09-12,Vector Subscription,subscription,1371.54,205.73,1165.81,Won,73,Amine B.
SAL000541,CL00054,2025-09-12,Core Premium,subscription,3174.37,0.0,3174.37,Won,102,Léa M.
SAL002818,CL00241,2025-09-12,Ledger Subscription,subscription,544.27,27.21,517.06,Won,21,Amine B.
SAL005202,CL00425,2025-09-12,Vector Subscription,subscription,1668.05,166.81,1501.24,Won,76,Léa M.
SAL004836,CL00399,2025-09-12,Lex Subscription,subscription,480.73,24.04,456.69,Won,102,Léa M.
SAL000332,CL00030,2025-09-12,Training & Onboarding,one_time,4658.86,0.0,4658.86,Won,23,Karim T.
SAL001091,CL00092,2025-09-12,Core Premium,subscription,2279.93,0.0,2279.93,Won,38,Marie D.
SAL002893,CL00247,2025-09-12,Core Premium,subscription,4015.8,0.0,4015.8,Won,7,Léa M.
SAL001430,CL00121,2025-09-12,Training & Onboarding,one_time,2770.27,277.03,2493.24,Won,78,Amine B.
SAL003629,CL00303,2025-09-12,Core Premium,subscription,3960.17,198.01,3762.16,Won,63,Karim T.
SAL003445,CL00293,2025-09-12,Vector Subscription,subscription,1226.15,61.31,1164.84,Won,68,Karim T.
SAL004436,CL00366,2025-09-12,Core Premium,subscription,1995.86,0.0,1995.86,Won,44,Sophie L.
SAL003828,CL00328,2025-09-13,Training & Onboarding,one_time,4053.82,0.0,4053.82,Won,44,Yanis F.
SAL003086,CL00260,2025-09-13,Training & Onboarding,one_time,1653.45,0.0,1653.45,Won,80,Yanis F.
SAL003099,CL00261,2025-09-13,Ledger Subscription,subscription,846.44,0.0,846.44,Won,12,Yanis F.
SAL005544,CL00455,2025-09-13,Custom Development,one_time,15241.49,0.0,15241.49,Won,99,Sophie L.
SAL005671,CL00466,2025-09-13,Core Premium,subscription,4589.62,0.0,4589.62,Won,45,Yanis F.
SAL001644,CL00133,2025-09-13,Lex Subscription,subscription,1439.67,215.95,1223.72,Won,10,Sophie L.
SAL004927,CL00404,2025-09-13,Vector Subscription,subscription,568.1,56.81,511.29,Won,72,Sophie L.
SAL003224,CL00275,2025-09-13,Ledger Subscription,subscription,328.43,0.0,328.43,Won,88,Amine B.
SAL002912,CL00250,2025-09-13,Ledger Subscription,subscription,509.7,50.97,458.73,Won,40,Léa M.
SAL004068,CL00341,2025-09-13,Lex Subscription,subscription,507.51,0.0,507.51,Won,51,Karim T.
SAL002853,CL00243,2025-09-14,Ledger Subscription,subscription,1286.25,0.0,1286.25,Won,68,Léa M.
SAL002490,CL00218,2025-09-14,Vector Subscription,subscription,2330.81,116.54,2214.27,Won,28,Karim T.
SAL004504,CL00371,2025-09-14,Lex Subscription,subscription,928.97,92.9,836.07,Won,28,Léa M.
SAL004891,CL00402,2025-09-14,Custom Development,one_time,26745.7,0.0,26745.7,Won,23,Léa M.
SAL005341,CL00438,2025-09-14,Custom Development,one_time,22083.21,0.0,22083.21,Won,81,Karim T.
SAL002686,CL00235,2025-09-14,Vector Subscription,subscription,1637.32,81.87,1555.45,Won,47,Yanis F.
SAL005437,CL00447,2025-09-14,Premium Support,subscription,212.44,0.0,212.44,Won,76,Sophie L.
SAL002542,CL00221,2025-09-14,Core Premium,subscription,3442.44,0.0,3442.44,Won,113,Sophie L.
SAL002311,CL00201,2025-09-14,Custom Development,one_time,11300.18,1130.02,10170.16,Won,65,Sophie L.
SAL002370,CL00205,2025-09-14,Ledger Subscription,subscription,1385.01,277.0,1108.01,Won,34,Amine B.
SAL000670,CL00065,2025-09-14,Core Premium,subscription,3126.52,0.0,3126.52,Won,34,Karim T.
SAL003804,CL00324,2025-09-15,Custom Development,one_time,28716.11,0.0,28716.11,Won,27,Marie D.
SAL003090,CL00260,2025-09-15,Premium Support,subscription,455.9,0.0,455.9,Won,7,Yanis F.
SAL004434,CL00366,2025-09-15,Custom Development,one_time,21028.37,1051.42,19976.95,Won,96,Sophie L.
SAL000431,CL00045,2025-09-15,Vector Subscription,subscription,1498.53,224.78,1273.75,Won,76,Sophie L.
SAL004435,CL00366,2025-09-15,Lex Subscription,subscription,552.03,110.41,441.62,Won,60,Sophie L.
SAL005591,CL00461,2025-09-15,Core Premium,subscription,3941.07,0.0,3941.07,Won,86,Marie D.
SAL003579,CL00300,2025-09-15,Vector Subscription,subscription,1776.38,88.82,1687.56,Won,70,Léa M.
SAL002310,CL00201,2025-09-15,Ledger Subscription,subscription,1204.4,0.0,1204.4,Won,79,Sophie L.
SAL003064,CL00257,2025-09-15,Core Premium,subscription,1625.22,0.0,1625.22,Won,27,Sophie L.
SAL001676,CL00134,2025-09-15,Vector Subscription,subscription,1289.59,0.0,1289.59,Won,21,Amine B.
SAL004824,CL00399,2025-09-15,Training & Onboarding,one_time,2746.59,0.0,2746.59,Won,86,Léa M.
SAL000147,CL00012,2025-09-15,Ledger Subscription,subscription,382.23,76.45,305.78,Won,120,Yanis F.
SAL001137,CL00100,2025-09-15,Lex Subscription,subscription,861.6,86.16,775.44,Won,62,Marie D.
SAL004970,CL00407,2025-09-15,Lex Subscription,subscription,1362.23,0.0,1362.23,Won,11,Karim T.
SAL003966,CL00334,2025-09-15,Custom Development,one_time,22757.97,1137.9,21620.07,Won,7,Karim T.
SAL004022,CL00335,2025-09-16,Training & Onboarding,one_time,1029.31,154.4,874.91,Won,29,Léa M.
SAL001064,CL00088,2025-09-16,Custom Development,one_time,29767.43,0.0,29767.43,Won,63,Amine B.
SAL004008,CL00335,2025-09-16,Training & Onboarding,one_time,2064.73,206.47,1858.26,Won,23,Léa M.
SAL005568,CL00458,2025-09-16,Lex Subscription,subscription,1448.82,144.88,1303.94,Won,66,Karim T.
SAL004382,CL00361,2025-09-16,Premium Support,subscription,554.2,55.42,498.78,Won,54,Yanis F.
SAL001616,CL00132,2025-09-16,Ledger Subscription,subscription,1112.84,166.93,945.91,Won,64,Karim T.
SAL005038,CL00415,2025-09-16,Premium Support,subscription,310.79,0.0,310.79,Won,54,Amine B.
SAL000890,CL00078,2025-09-16,Training & Onboarding,one_time,3389.53,0.0,3389.53,Won,112,Yanis F.
SAL005525,CL00455,2025-09-16,Premium Support,subscription,616.11,61.61,554.5,Won,98,Sophie L.
SAL002801,CL00241,2025-09-17,Lex Subscription,subscription,1091.88,0.0,1091.88,Won,102,Amine B.
SAL003369,CL00284,2025-09-17,Lex Subscription,subscription,1239.04,0.0,1239.04,Won,84,Léa M.
SAL004214,CL00348,2025-09-17,Ledger Subscription,subscription,1080.11,0.0,1080.11,Won,47,Léa M.
SAL005223,CL00425,2025-09-17,Custom Development,one_time,20143.89,0.0,20143.89,Won,108,Léa M.
SAL005067,CL00417,2025-09-17,Ledger Subscription,subscription,370.24,18.51,351.73,Won,71,Yanis F.
SAL005480,CL00452,2025-09-17,Training & Onboarding,one_time,4067.99,203.4,3864.59,Won,86,Karim T.
SAL001006,CL00085,2025-09-17,Premium Support,subscription,244.56,12.23,232.33,Won,10,Marie D.
SAL004469,CL00371,2025-09-18,Core Premium,subscription,2724.9,272.49,2452.41,Won,69,Léa M.
SAL003166,CL00267,2025-09-18,Vector Subscription,subscription,1971.63,0.0,1971.63,Won,86,Léa M.
SAL005684,CL00468,2025-09-18,Premium Support,subscription,491.26,0.0,491.26,Won,34,Yanis F.
SAL005274,CL00431,2025-09-18,Vector Subscription,subscription,2057.84,0.0,2057.84,Won,62,Amine B.
SAL005278,CL00431,2025-09-18,Custom Development,one_time,35775.85,0.0,35775.85,Won,63,Amine B.
SAL003704,CL00316,2025-09-18,Custom Development,one_time,29488.78,4423.32,25065.46,Won,74,Marie D.
SAL001355,CL00117,2025-09-18,Training & Onboarding,one_time,1091.29,0.0,1091.29,Won,32,Léa M.
SAL000109,CL00011,2025-09-18,Lex Subscription,subscription,1250.66,125.07,1125.59,Won,36,Karim T.
SAL003002,CL00255,2025-09-18,Premium Support,subscription,339.65,0.0,339.65,Won,78,Marie D.
SAL005339,CL00438,2025-09-18,Ledger Subscription,subscription,1135.78,0.0,1135.78,Won,41,Karim T.
SAL001579,CL00128,2025-09-18,Lex Subscription,subscription,830.2,41.51,788.69,Won,67,Léa M.
SAL004032,CL00337,2025-09-18,Training & Onboarding,one_time,2977.89,297.79,2680.1,Won,83,Marie D.
SAL006065,CL00498,2025-09-18,Core Premium,subscription,2046.21,0.0,2046.21,Won,63,Léa M.
SAL000124,CL00012,2025-09-19,Training & Onboarding,one_time,1090.35,0.0,1090.35,Won,100,Yanis F.
SAL005778,CL00479,2025-09-19,Training & Onboarding,one_time,1124.35,0.0,1124.35,Won,103,Yanis F.
SAL002643,CL00228,2025-09-19,Ledger Subscription,subscription,837.53,125.63,711.9,Won,85,Amine B.
SAL003927,CL00332,2025-09-19,Premium Support,subscription,784.76,39.24,745.52,Won,79,Amine B.
SAL001298,CL00109,2025-09-19,Core Premium,subscription,2620.13,524.03,2096.1,Won,13,Marie D.
SAL005627,CL00463,2025-09-19,Core Premium,subscription,2715.95,0.0,2715.95,Won,31,Karim T.
SAL002265,CL00195,2025-09-19,Training & Onboarding,one_time,2832.42,141.62,2690.8,Won,73,Yanis F.
SAL002362,CL00204,2025-09-19,Premium Support,subscription,645.3,64.53,580.77,Won,62,Yanis F.
SAL001046,CL00088,2025-09-20,Custom Development,one_time,23326.07,0.0,23326.07,Won,65,Amine B.
SAL005369,CL00441,2025-09-20,Premium Support,subscription,639.54,63.95,575.59,Won,63,Sophie L.
SAL001955,CL00168,2025-09-20,Premium Support,subscription,308.01,15.4,292.61,Won,17,Yanis F.
SAL005043,CL00415,2025-09-20,Custom Development,one_time,9781.54,0.0,9781.54,Won,63,Amine B.
SAL002155,CL00186,2025-09-20,Ledger Subscription,subscription,390.78,19.54,371.24,Won,65,Amine B.
SAL002974,CL00253,2025-09-20,Ledger Subscription,subscription,366.97,0.0,366.97,Won,43,Yanis F.
SAL003446,CL00293,2025-09-20,Lex Subscription,subscription,947.97,0.0,947.97,Won,73,Karim T.
SAL004767,CL00395,2025-09-20,Lex Subscription,subscription,756.12,0.0,756.12,Won,78,Karim T.
SAL003653,CL00307,2025-09-20,Vector Subscription,subscription,1521.03,304.21,1216.82,Won,65,Léa M.
SAL004409,CL00364,2025-09-20,Premium Support,subscription,692.63,0.0,692.63,Won,14,Yanis F.
SAL000681,CL00067,2025-09-20,Core Premium,subscription,1784.03,89.2,1694.83,Won,39,Karim T.
SAL001369,CL00117,2025-09-20,Ledger Subscription,subscription,531.2,26.56,504.64,Won,54,Léa M.
SAL000539,CL00054,2025-09-21,Training & Onboarding,one_time,3429.57,0.0,3429.57,Won,92,Léa M.
SAL000721,CL00069,2025-09-21,Lex Subscription,subscription,586.28,0.0,586.28,Won,23,Amine B.
SAL002786,CL00241,2025-09-21,Custom Development,one_time,17469.36,873.47,16595.89,Won,56,Amine B.
SAL005101,CL00419,2025-09-21,Training & Onboarding,one_time,1466.05,146.61,1319.44,Won,12,Sophie L.
SAL003568,CL00299,2025-09-21,Ledger Subscription,subscription,1193.38,0.0,1193.38,Won,13,Amine B.
SAL005789,CL00479,2025-09-21,Custom Development,one_time,7871.86,393.59,7478.27,Won,26,Yanis F.
SAL001081,CL00090,2025-09-21,Ledger Subscription,subscription,823.18,0.0,823.18,Won,28,Marie D.
SAL002558,CL00222,2025-09-21,Premium Support,subscription,668.68,0.0,668.68,Won,13,Léa M.
SAL000048,CL00005,2025-09-21,Ledger Subscription,subscription,805.78,0.0,805.78,Won,79,Léa M.
SAL000979,CL00083,2025-09-21,Ledger Subscription,subscription,843.96,126.59,717.37,Won,38,Yanis F.
SAL003355,CL00283,2025-09-21,Vector Subscription,subscription,1611.9,80.59,1531.31,Won,11,Yanis F.
SAL004202,CL00347,2025-09-21,Lex Subscription,subscription,1261.96,0.0,1261.96,Won,41,Karim T.
SAL004066,CL00340,2025-09-21,Lex Subscription,subscription,880.54,0.0,880.54,Won,24,Sophie L.
SAL000063,CL00008,2025-09-21,Premium Support,subscription,735.16,0.0,735.16,Won,81,Karim T.
SAL002486,CL00218,2025-09-22,Core Premium,subscription,4406.42,0.0,4406.42,Won,28,Karim T.
SAL002079,CL00178,2025-09-22,Core Premium,subscription,4196.26,0.0,4196.26,Won,54,Karim T.
SAL000476,CL00050,2025-09-22,Training & Onboarding,one_time,3158.63,0.0,3158.63,Won,74,Léa M.
SAL002678,CL00235,2025-09-22,Premium Support,subscription,400.37,0.0,400.37,Won,88,Yanis F.
SAL003933,CL00333,2025-09-22,Training & Onboarding,one_time,2037.93,101.9,1936.03,Won,72,Sophie L.
SAL005102,CL00419,2025-09-23,Core Premium,subscription,5300.17,795.03,4505.14,Won,46,Sophie L.
SAL000200,CL00018,2025-09-23,Lex Subscription,subscription,757.0,37.85,719.15,Won,72,Sophie L.
SAL005302,CL00434,2025-09-23,Vector Subscription,subscription,1887.81,0.0,1887.81,Won,35,Marie D.
SAL003887,CL00330,2025-09-23,Custom Development,one_time,8560.25,428.01,8132.24,Won,69,Léa M.
SAL005464,CL00450,2025-09-23,Ledger Subscription,subscription,965.85,0.0,965.85,Won,13,Sophie L.
SAL003366,CL00283,2025-09-23,Core Premium,subscription,3618.21,361.82,3256.39,Won,16,Yanis F.
SAL001906,CL00163,2025-09-23,Vector Subscription,subscription,1071.99,0.0,1071.99,Won,70,Amine B.
SAL003499,CL00294,2025-09-23,Premium Support,subscription,216.36,21.64,194.72,Won,39,Amine B.
SAL003264,CL00277,2025-09-23,Premium Support,subscription,420.83,21.04,399.79,Won,51,Léa M.
SAL004059,CL00340,2025-09-23,Custom Development,one_time,12709.57,0.0,12709.57,Won,66,Sophie L.
SAL000908,CL00078,2025-09-23,Custom Development,one_time,27290.97,2729.1,24561.87,Won,44,Yanis F.
SAL005276,CL00431,2025-09-23,Premium Support,subscription,863.98,129.6,734.38,Won,87,Amine B.
SAL001681,CL00136,2025-09-23,Core Premium,subscription,3822.48,0.0,3822.48,Won,12,Karim T.
SAL001512,CL00124,2025-09-23,Core Premium,subscription,3140.71,0.0,3140.71,Won,86,Sophie L.
SAL003606,CL00302,2025-09-24,Training & Onboarding,one_time,1628.98,0.0,1628.98,Won,38,Karim T.
SAL000453,CL00049,2025-09-24,Training & Onboarding,one_time,2673.99,0.0,2673.99,Won,106,Yanis F.
SAL005615,CL00462,2025-09-24,Training & Onboarding,one_time,2809.79,0.0,2809.79,Won,67,Marie D.
SAL003800,CL00323,2025-09-24,Training & Onboarding,one_time,2518.78,251.88,2266.9,Won,59,Karim T.
SAL005100,CL00418,2025-09-24,Lex Subscription,subscription,1066.64,106.66,959.98,Won,34,Léa M.
SAL001277,CL00108,2025-09-24,Ledger Subscription,subscription,1140.06,57.0,1083.06,Won,61,Sophie L.
SAL002023,CL00175,2025-09-24,Custom Development,one_time,17189.82,0.0,17189.82,Won,75,Amine B.
SAL003630,CL00303,2025-09-24,Lex Subscription,subscription,1076.77,0.0,1076.77,Won,36,Karim T.
SAL005303,CL00434,2025-09-24,Custom Development,one_time,8362.42,1254.36,7108.06,Won,59,Marie D.
SAL001773,CL00147,2025-09-24,Premium Support,subscription,735.75,0.0,735.75,Won,54,Amine B.
SAL000803,CL00073,2025-09-24,Lex Subscription,subscription,1344.15,201.62,1142.53,Won,74,Yanis F.
SAL005831,CL00480,2025-09-24,Vector Subscription,subscription,955.03,0.0,955.03,Won,103,Marie D.
SAL005082,CL00417,2025-09-24,Custom Development,one_time,24476.44,3671.47,20804.97,Won,37,Yanis F.
SAL004511,CL00372,2025-09-25,Lex Subscription,subscription,1452.77,72.64,1380.13,Won,80,Yanis F.
SAL002545,CL00221,2025-09-25,Ledger Subscription,subscription,919.54,45.98,873.56,Won,42,Sophie L.
SAL003134,CL00264,2025-09-25,Core Premium,subscription,2125.61,0.0,2125.61,Won,39,Yanis F.
SAL001420,CL00121,2025-09-25,Ledger Subscription,subscription,974.76,0.0,974.76,Won,115,Amine B.
SAL000348,CL00031,2025-09-25,Premium Support,subscription,584.8,0.0,584.8,Won,11,Marie D.
SAL003129,CL00264,2025-09-25,Ledger Subscription,subscription,534.64,0.0,534.64,Won,45,Yanis F.
SAL002153,CL00186,2025-09-25,Training & Onboarding,one_time,1798.78,0.0,1798.78,Won,9,Amine B.
SAL002611,CL00225,2025-09-25,Lex Subscription,subscription,860.94,0.0,860.94,Won,46,Karim T.
SAL005451,CL00449,2025-09-25,Lex Subscription,subscription,1271.2,0.0,1271.2,Won,89,Sophie L.
SAL003708,CL00316,2025-09-26,Custom Development,one_time,26463.31,5292.66,21170.65,Won,73,Marie D.
SAL004993,CL00408,2025-09-26,Training & Onboarding,one_time,2940.2,588.04,2352.16,Won,87,Karim T.
SAL001769,CL00146,2025-09-26,Vector Subscription,subscription,846.55,0.0,846.55,Won,75,Marie D.
SAL000925,CL00078,2025-09-26,Training & Onboarding,one_time,2239.33,335.9,1903.43,Won,118,Yanis F.
SAL003855,CL00330,2025-09-26,Core Premium,subscription,1786.57,0.0,1786.57,Won,72,Léa M.
SAL004742,CL00393,2025-09-26,Premium Support,subscription,741.19,0.0,741.19,Won,15,Sophie L.
SAL004740,CL00393,2025-09-26,Premium Support,subscription,410.04,0.0,410.04,Won,63,Sophie L.
SAL000064,CL00008,2025-09-27,Core Premium,subscription,3995.3,599.29,3396.01,Won,93,Karim T.
SAL003876,CL00330,2025-09-27,Premium Support,subscription,646.3,32.31,613.99,Won,61,Léa M.
SAL006075,CL00498,2025-09-27,Custom Development,one_time,18947.2,0.0,18947.2,Won,67,Léa M.
SAL003003,CL00255,2025-09-27,Training & Onboarding,one_time,1207.56,0.0,1207.56,Won,57,Marie D.
SAL002709,CL00236,2025-09-27,Custom Development,one_time,15804.12,0.0,15804.12,Won,89,Yanis F.
SAL000364,CL00034,2025-09-27,Core Premium,subscription,2146.46,0.0,2146.46,Won,8,Amine B.
SAL005417,CL00446,2025-09-27,Training & Onboarding,one_time,1840.23,368.05,1472.18,Won,75,Yanis F.
SAL005376,CL00441,2025-09-27,Core Premium,subscription,4437.05,0.0,4437.05,Won,76,Sophie L.
SAL002810,CL00241,2025-09-27,Ledger Subscription,subscription,580.26,0.0,580.26,Won,32,Amine B.
SAL000311,CL00029,2025-09-27,Core Premium,subscription,3865.75,0.0,3865.75,Won,30,Marie D.
SAL004634,CL00382,2025-09-27,Custom Development,one_time,15917.82,0.0,15917.82,Won,17,Marie D.
SAL001785,CL00148,2025-09-28,Ledger Subscription,subscription,316.55,0.0,316.55,Won,46,Marie D.
SAL004560,CL00377,2025-09-28,Ledger Subscription,subscription,1113.45,55.67,1057.78,Won,46,Léa M.
SAL005179,CL00424,2025-09-28,Vector Subscription,subscription,1735.48,173.55,1561.93,Won,60,Karim T.
SAL004659,CL00386,2025-09-28,Premium Support,subscription,272.53,0.0,272.53,Won,64,Yanis F.
SAL001224,CL00107,2025-09-28,Training & Onboarding,one_time,1806.68,271.0,1535.68,Won,10,Yanis F.
SAL004521,CL00373,2025-09-28,Lex Subscription,subscription,576.92,0.0,576.92,Won,42,Léa M.
SAL002416,CL00210,2025-09-29,Lex Subscription,subscription,462.99,23.15,439.84,Won,20,Amine B.
SAL005050,CL00415,2025-09-29,Lex Subscription,subscription,1054.6,158.19,896.41,Won,85,Amine B.
SAL004986,CL00408,2025-09-29,Premium Support,subscription,272.34,0.0,272.34,Won,43,Karim T.
SAL005825,CL00480,2025-09-29,Ledger Subscription,subscription,662.62,0.0,662.62,Won,46,Marie D.
SAL003060,CL00257,2025-09-29,Vector Subscription,subscription,1961.12,196.11,1765.01,Won,76,Sophie L.
SAL002341,CL00203,2025-09-29,Training & Onboarding,one_time,2768.23,276.82,2491.41,Won,68,Karim T.
SAL000548,CL00054,2025-09-29,Premium Support,subscription,706.4,0.0,706.4,Won,102,Léa M.
SAL000319,CL00030,2025-09-29,Premium Support,subscription,869.25,86.92,782.33,Won,76,Karim T.
SAL003494,CL00294,2025-09-29,Training & Onboarding,one_time,3942.36,0.0,3942.36,Won,49,Amine B.
SAL005215,CL00425,2025-09-29,Custom Development,one_time,17945.56,0.0,17945.56,Won,48,Léa M.
SAL001808,CL00149,2025-09-29,Training & Onboarding,one_time,1346.04,134.6,1211.44,Won,77,Karim T.
SAL004915,CL00404,2025-09-29,Custom Development,one_time,5214.08,260.7,4953.38,Won,77,Sophie L.
SAL005686,CL00468,2025-09-29,Vector Subscription,subscription,1382.49,207.37,1175.12,Won,30,Yanis F.
SAL005603,CL00461,2025-09-29,Core Premium,subscription,3661.73,183.09,3478.64,Won,28,Marie D.
SAL004544,CL00375,2025-09-30,Ledger Subscription,subscription,855.4,85.54,769.86,Won,12,Sophie L.
SAL004452,CL00366,2025-09-30,Ledger Subscription,subscription,1029.9,0.0,1029.9,Won,81,Sophie L.
SAL001395,CL00119,2025-09-30,Custom Development,one_time,25917.06,3887.56,22029.5,Won,44,Karim T.
SAL001673,CL00134,2025-09-30,Training & Onboarding,one_time,2506.58,0.0,2506.58,Won,87,Amine B.
SAL004514,CL00372,2025-09-30,Training & Onboarding,one_time,2577.1,128.85,2448.25,Won,71,Yanis F.
SAL000318,CL00030,2025-09-30,Core Premium,subscription,4867.18,730.08,4137.1,Won,96,Karim T.
SAL005279,CL00431,2025-09-30,Ledger Subscription,subscription,649.9,0.0,649.9,Won,86,Amine B.
SAL000524,CL00054,2025-09-30,Custom Development,one_time,29866.59,0.0,29866.59,Won,105,Léa M.
SAL003743,CL00318,2025-09-30,Ledger Subscription,subscription,332.43,0.0,332.43,Won,42,Yanis F.
SAL001716,CL00140,2025-09-30,Premium Support,subscription,544.01,81.6,462.41,Won,35,Marie D.
SAL000373,CL00034,2025-09-30,Vector Subscription,subscription,686.3,0.0,686.3,Won,33,Amine B.
SAL003383,CL00284,2025-09-30,Custom Development,one_time,5891.34,883.7,5007.64,Won,64,Léa M.
SAL005795,CL00479,2025-10-01,Core Premium,subscription,4289.67,0.0,4289.67,Won,103,Yanis F.
SAL002448,CL00213,2025-10-01,Ledger Subscription,subscription,1338.77,200.82,1137.95,Won,54,Sophie L.
SAL002322,CL00202,2025-10-01,Core Premium,subscription,2401.72,240.17,2161.55,Won,14,Karim T.
SAL002315,CL00201,2025-10-01,Core Premium,subscription,2983.93,0.0,2983.93,Won,69,Sophie L.
SAL005643,CL00464,2025-10-01,Ledger Subscription,subscription,661.54,33.08,628.46,Won,90,Léa M.
SAL005694,CL00469,2025-10-01,Training & Onboarding,one_time,3292.13,329.21,2962.92,Won,8,Yanis F.
SAL000353,CL00033,2025-10-01,Lex Subscription,subscription,1270.6,0.0,1270.6,Won,83,Karim T.
SAL003541,CL00296,2025-10-01,Vector Subscription,subscription,1308.86,0.0,1308.86,Won,49,Amine B.
SAL005232,CL00427,2025-10-01,Training & Onboarding,one_time,4261.74,852.35,3409.39,Won,78,Marie D.
SAL002045,CL00177,2025-10-01,Lex Subscription,subscription,1318.46,0.0,1318.46,Won,82,Marie D.
SAL000705,CL00068,2025-10-01,Premium Support,subscription,820.25,82.02,738.23,Won,88,Marie D.
SAL003840,CL00328,2025-10-01,Training & Onboarding,one_time,2362.55,0.0,2362.55,Won,28,Yanis F.
SAL003137,CL00265,2025-10-02,Ledger Subscription,subscription,805.02,0.0,805.02,Won,45,Marie D.
SAL001904,CL00163,2025-10-02,Ledger Subscription,subscription,922.79,0.0,922.79,Won,48,Amine B.
SAL002453,CL00214,2025-10-02,Custom Development,one_time,38181.99,0.0,38181.99,Won,9,Amine B.
SAL002568,CL00222,2025-10-02,Training & Onboarding,one_time,1618.38,0.0,1618.38,Won,78,Léa M.
SAL003996,CL00335,2025-10-02,Lex Subscription,subscription,1581.32,0.0,1581.32,Won,28,Léa M.
SAL002392,CL00205,2025-10-03,Custom Development,one_time,17266.22,1726.62,15539.6,Won,85,Amine B.
SAL005171,CL00423,2025-10-03,Training & Onboarding,one_time,4160.02,208.0,3952.02,Won,88,Marie D.
SAL000305,CL00029,2025-10-03,Premium Support,subscription,416.79,0.0,416.79,Won,30,Marie D.
SAL000965,CL00081,2025-10-03,Custom Development,one_time,24201.79,1210.09,22991.7,Won,61,Léa M.
SAL004946,CL00405,2025-10-03,Ledger Subscription,subscription,1230.04,0.0,1230.04,Won,20,Karim T.
SAL005645,CL00464,2025-10-03,Ledger Subscription,subscription,1409.24,0.0,1409.24,Won,21,Léa M.
SAL003796,CL00323,2025-10-03,Premium Support,subscription,655.35,0.0,655.35,Won,20,Karim T.
SAL005452,CL00449,2025-10-03,Premium Support,subscription,1010.36,202.07,808.29,Won,82,Sophie L.
SAL003387,CL00284,2025-10-03,Premium Support,subscription,732.17,0.0,732.17,Won,70,Léa M.
SAL000726,CL00069,2025-10-04,Custom Development,one_time,33301.82,1665.09,31636.73,Won,41,Amine B.
SAL001186,CL00103,2025-10-04,Training & Onboarding,one_time,3806.39,0.0,3806.39,Won,30,Sophie L.
SAL001187,CL00103,2025-10-04,Vector Subscription,subscription,1378.7,0.0,1378.7,Won,53,Sophie L.
SAL005948,CL00487,2025-10-04,Custom Development,one_time,15970.85,0.0,15970.85,Won,66,Yanis F.
SAL000088,CL00010,2025-10-04,Premium Support,subscription,950.93,95.09,855.84,Won,11,Amine B.
SAL001569,CL00126,2025-10-04,Ledger Subscription,subscription,1424.72,71.24,1353.48,Won,18,Léa M.
SAL000313,CL00030,2025-10-04,Custom Development,one_time,38355.55,5753.33,32602.22,Won,73,Karim T.
SAL004668,CL00386,2025-10-04,Training & Onboarding,one_time,3384.02,0.0,3384.02,Won,71,Yanis F.
SAL001352,CL00116,2025-10-04,Ledger Subscription,subscription,728.28,0.0,728.28,Won,8,Yanis F.
SAL002555,CL00221,2025-10-04,Lex Subscription,subscription,1768.89,0.0,1768.89,Won,113,Sophie L.
SAL000482,CL00050,2025-10-04,Lex Subscription,subscription,912.06,0.0,912.06,Won,39,Léa M.
SAL005150,CL00423,2025-10-04,Lex Subscription,subscription,781.7,0.0,781.7,Won,66,Marie D.
SAL005634,CL00463,2025-10-04,Vector Subscription,subscription,1485.05,148.51,1336.54,Won,78,Karim T.
SAL003347,CL00283,2025-10-04,Custom Development,one_time,11825.78,0.0,11825.78,Won,35,Yanis F.
SAL005866,CL00481,2025-10-05,Ledger Subscription,subscription,1991.45,0.0,1991.45,Won,37,Karim T.
SAL002840,CL00242,2025-10-05,Ledger Subscription,subscription,1144.94,0.0,1144.94,Won,25,Marie D.
SAL005185,CL00424,2025-10-05,Ledger Subscription,subscription,1268.04,0.0,1268.04,Won,7,Karim T.
SAL002249,CL00193,2025-10-05,Core Premium,subscription,2747.56,549.51,2198.05,Won,97,Karim T.
SAL002447,CL00213,2025-10-06,Vector Subscription,subscription,1217.68,0.0,1217.68,Won,9,Sophie L.
SAL004349,CL00358,2025-10-06,Lex Subscription,subscription,1146.73,172.01,974.72,Won,60,Amine B.
SAL003916,CL00332,2025-10-06,Ledger Subscription,subscription,522.17,26.11,496.06,Won,90,Amine B.
SAL005114,CL00420,2025-10-06,Ledger Subscription,subscription,1088.18,0.0,1088.18,Won,9,Marie D.
SAL000639,CL00060,2025-10-06,Vector Subscription,subscription,1669.75,0.0,1669.75,Won,38,Léa M.
SAL002498,CL00219,2025-10-06,Vector Subscription,subscription,2161.25,108.06,2053.19,Won,13,Karim T.
SAL005213,CL00425,2025-10-06,Lex Subscription,subscription,786.31,117.95,668.36,Won,63,Léa M.
SAL003751,CL00320,2025-10-06,Training & Onboarding,one_time,1877.55,0.0,1877.55,Won,74,Yanis F.
SAL005668,CL00466,2025-10-06,Ledger Subscription,subscription,1467.82,73.39,1394.43,Won,47,Yanis F.
SAL000132,CL00012,2025-10-06,Training & Onboarding,one_time,3351.56,0.0,3351.56,Won,92,Yanis F.
SAL005966,CL00489,2025-10-06,Vector Subscription,subscription,2630.41,263.04,2367.37,Won,88,Marie D.
SAL003620,CL00303,2025-10-06,Premium Support,subscription,388.85,58.33,330.52,Won,56,Karim T.
SAL004732,CL00390,2025-10-06,Core Premium,subscription,4219.06,210.95,4008.11,Won,22,Amine B.
SAL000223,CL00020,2025-10-06,Custom Development,one_time,39838.84,0.0,39838.84,Won,67,Sophie L.
SAL002046,CL00177,2025-10-06,Core Premium,subscription,2275.44,341.32,1934.12,Won,47,Marie D.
SAL001997,CL00171,2025-10-07,Custom Development,one_time,10094.91,504.75,9590.16,Won,74,Karim T.
SAL001721,CL00140,2025-10-07,Vector Subscription,subscription,2102.69,0.0,2102.69,Won,22,Marie D.
SAL005346,CL00439,2025-10-07,Ledger Subscription,subscription,860.29,86.03,774.26,Won,81,Sophie L.
SAL001748,CL00144,2025-10-07,Lex Subscription,subscription,910.55,0.0,910.55,Won,35,Léa M.
SAL002127,CL00183,2025-10-07,Custom Development,one_time,21045.51,0.0,21045.51,Won,45,Marie D.
SAL000671,CL00066,2025-10-07,Custom Development,one_time,14283.22,0.0,14283.22,Won,88,Marie D.
SAL001771,CL00147,2025-10-07,Training & Onboarding,one_time,4099.96,819.99,3279.97,Won,48,Amine B.
SAL004587,CL00379,2025-10-07,Premium Support,subscription,637.85,31.89,605.96,Won,43,Yanis F.
SAL001034,CL00087,2025-10-07,Ledger Subscription,subscription,1260.32,0.0,1260.32,Won,36,Amine B.
SAL005195,CL00425,2025-10-07,Core Premium,subscription,4550.69,682.6,3868.09,Won,22,Léa M.
SAL004360,CL00360,2025-10-07,Premium Support,subscription,1010.81,0.0,1010.81,Won,82,Karim T.
SAL001843,CL00152,2025-10-07,Core Premium,subscription,2277.85,113.89,2163.96,Won,74,Karim T.
SAL004592,CL00380,2025-10-08,Training & Onboarding,one_time,4478.13,895.63,3582.5,Won,29,Léa M.
SAL004785,CL00397,2025-10-08,Lex Subscription,subscription,849.16,0.0,849.16,Won,23,Yanis F.
SAL003936,CL00333,2025-10-08,Vector Subscription,subscription,946.65,94.66,851.99,Won,80,Sophie L.
SAL005631,CL00463,2025-10-08,Premium Support,subscription,512.5,51.25,461.25,Won,7,Karim T.
SAL002499,CL00219,2025-10-08,Custom Development,one_time,16520.93,0.0,16520.93,Won,62,Karim T.
SAL001163,CL00102,2025-10-08,Training & Onboarding,one_time,2701.94,135.1,2566.84,Won,81,Amine B.
SAL004483,CL00371,2025-10-08,Core Premium,subscription,6683.32,0.0,6683.32,Won,80,Léa M.
SAL001217,CL00106,2025-10-08,Custom Development,one_time,34716.92,1735.85,32981.07,Won,27,Karim T.
SAL001706,CL00139,2025-10-08,Custom Development,one_time,18719.62,0.0,18719.62,Won,88,Amine B.
SAL002271,CL00195,2025-10-08,Custom Development,one_time,37356.65,1867.83,35488.82,Won,70,Yanis F.
SAL000045,CL00005,2025-10-08,Core Premium,subscription,2126.47,212.65,1913.82,Won,53,Léa M.
SAL000985,CL00083,2025-10-08,Lex Subscription,subscription,1704.47,85.22,1619.25,Won,68,Yanis F.
SAL003472,CL00294,2025-10-08,Training & Onboarding,one_time,3700.57,370.06,3330.51,Won,58,Amine B.
SAL001236,CL00107,2025-10-09,Core Premium,subscription,2187.25,109.36,2077.89,Won,75,Yanis F.
SAL001283,CL00108,2025-10-09,Premium Support,subscription,1005.6,0.0,1005.6,Won,46,Sophie L.
SAL000848,CL00075,2025-10-09,Core Premium,subscription,3870.53,0.0,3870.53,Won,60,Yanis F.
SAL000873,CL00075,2025-10-09,Core Premium,subscription,5392.13,0.0,5392.13,Won,37,Yanis F.
SAL004139,CL00345,2025-10-09,Core Premium,subscription,4903.55,245.18,4658.37,Won,75,Yanis F.
SAL002903,CL00250,2025-10-09,Ledger Subscription,subscription,771.22,0.0,771.22,Won,64,Léa M.
SAL001346,CL00115,2025-10-09,Custom Development,one_time,29029.13,0.0,29029.13,Won,88,Sophie L.
SAL003461,CL00293,2025-10-09,Training & Onboarding,one_time,2654.62,132.73,2521.89,Won,43,Karim T.
SAL005998,CL00493,2025-10-09,Vector Subscription,subscription,2527.2,0.0,2527.2,Won,76,Sophie L.
SAL000601,CL00057,2025-10-09,Lex Subscription,subscription,1848.89,277.33,1571.56,Won,39,Marie D.
SAL001966,CL00169,2025-10-09,Core Premium,subscription,5577.94,0.0,5577.94,Won,88,Amine B.
SAL003638,CL00304,2025-10-09,Custom Development,one_time,37214.81,5582.22,31632.59,Won,33,Amine B.
SAL004884,CL00402,2025-10-09,Lex Subscription,subscription,1007.04,50.35,956.69,Won,41,Léa M.
SAL001140,CL00100,2025-10-10,Vector Subscription,subscription,738.62,0.0,738.62,Won,60,Marie D.
SAL001980,CL00170,2025-10-10,Ledger Subscription,subscription,1383.02,138.3,1244.72,Won,66,Léa M.
SAL002852,CL00243,2025-10-10,Custom Development,one_time,50042.89,0.0,50042.89,Won,27,Léa M.
SAL000997,CL00085,2025-10-10,Training & Onboarding,one_time,2525.04,126.25,2398.79,Won,34,Marie D.
SAL000057,CL00008,2025-10-10,Custom Development,one_time,21011.49,3151.72,17859.77,Won,97,Karim T.
SAL001299,CL00109,2025-10-10,Training & Onboarding,one_time,2561.74,256.17,2305.57,Won,51,Marie D.
SAL003463,CL00293,2025-10-10,Premium Support,subscription,966.3,0.0,966.3,Won,88,Karim T.
SAL003939,CL00333,2025-10-10,Lex Subscription,subscription,2208.46,220.85,1987.61,Won,34,Sophie L.
SAL000281,CL00027,2025-10-11,Custom Development,one_time,40442.63,0.0,40442.63,Won,104,Amine B.
SAL000645,CL00061,2025-10-11,Training & Onboarding,one_time,4112.06,411.21,3700.85,Won,24,Sophie L.
SAL001587,CL00130,2025-10-11,Training & Onboarding,one_time,1963.01,0.0,1963.01,Won,97,Marie D.
SAL001038,CL00087,2025-10-11,Core Premium,subscription,5728.65,0.0,5728.65,Won,71,Amine B.
SAL003055,CL00257,2025-10-11,Premium Support,subscription,324.7,0.0,324.7,Won,73,Sophie L.
SAL002592,CL00223,2025-10-11,Lex Subscription,subscription,1373.52,0.0,1373.52,Won,58,Karim T.
SAL003944,CL00334,2025-10-11,Training & Onboarding,one_time,3819.28,0.0,3819.28,Won,20,Karim T.
SAL001866,CL00154,2025-10-11,Ledger Subscription,subscription,1550.59,232.59,1318.0,Won,22,Marie D.
SAL002248,CL00193,2025-10-12,Lex Subscription,subscription,1923.54,192.35,1731.19,Won,36,Karim T.
SAL000777,CL00072,2025-10-12,Core Premium,subscription,2347.64,352.15,1995.49,Won,67,Yanis F.
SAL004706,CL00388,2025-10-12,Vector Subscription,subscription,902.66,135.4,767.26,Won,73,Léa M.
SAL003633,CL00304,2025-10-12,Ledger Subscription,subscription,1325.08,0.0,1325.08,Won,67,Amine B.
SAL000886,CL00075,2025-10-12,Premium Support,subscription,957.85,95.78,862.07,Won,84,Yanis F.
SAL001018,CL00086,2025-10-12,Vector Subscription,subscription,2468.73,123.44,2345.29,Won,53,Marie D.
SAL000378,CL00034,2025-10-12,Vector Subscription,subscription,2301.57,0.0,2301.57,Won,14,Amine B.
SAL002677,CL00235,2025-10-12,Custom Development,one_time,37063.7,0.0,37063.7,Won,45,Yanis F.
SAL003269,CL00277,2025-10-12,Custom Development,one_time,32180.91,6436.18,25744.73,Won,33,Léa M.
SAL002469,CL00214,2025-10-12,Vector Subscription,subscription,2659.63,265.96,2393.67,Won,51,Amine B.
SAL000336,CL00031,2025-10-12,Premium Support,subscription,1042.67,0.0,1042.67,Won,62,Marie D.
SAL002359,CL00204,2025-10-13,Lex Subscription,subscription,714.35,0.0,714.35,Won,28,Yanis F.
SAL001982,CL00171,2025-10-13,Ledger Subscription,subscription,1155.51,0.0,1155.51,Won,108,Karim T.
SAL001168,CL00103,2025-10-13,Custom Development,one_time,29952.9,2995.29,26957.61,Won,107,Sophie L.
SAL006080,CL00498,2025-10-13,Custom Development,one_time,31928.89,4789.33,27139.56,Won,31,Léa M.
SAL000037,CL00005,2025-10-13,Core Premium,subscription,6614.62,992.19,5622.43,Won,114,Léa M.
SAL002710,CL00236,2025-10-13,Premium Support,subscription,821.14,0.0,821.14,Won,88,Yanis F.
SAL002261,CL00193,2025-10-13,Premium Support,subscription,454.45,45.45,409.0,Won,102,Karim T.
SAL003700,CL00316,2025-10-13,Ledger Subscription,subscription,1335.12,0.0,1335.12,Won,79,Marie D.
SAL003544,CL00297,2025-10-13,Premium Support,subscription,512.52,0.0,512.52,Won,7,Sophie L.
SAL001128,CL00098,2025-10-13,Custom Development,one_time,16345.81,0.0,16345.81,Won,23,Yanis F.
SAL003265,CL00277,2025-10-13,Custom Development,one_time,23082.09,0.0,23082.09,Won,38,Léa M.
SAL005773,CL00477,2025-10-13,Core Premium,subscription,5507.95,275.4,5232.55,Won,66,Sophie L.
SAL003153,CL00266,2025-10-13,Premium Support,subscription,646.93,0.0,646.93,Won,90,Marie D.
SAL004056,CL00340,2025-10-13,Premium Support,subscription,684.17,0.0,684.17,Won,54,Sophie L.
SAL000654,CL00061,2025-10-13,Vector Subscription,subscription,936.2,46.81,889.39,Won,45,Sophie L.
SAL002987,CL00255,2025-10-14,Custom Development,one_time,11352.78,1135.28,10217.5,Won,104,Marie D.
SAL001341,CL00115,2025-10-14,Premium Support,subscription,1040.57,0.0,1040.57,Won,80,Sophie L.
SAL002608,CL00224,2025-10-14,Core Premium,subscription,4805.12,0.0,4805.12,Won,13,Karim T.
SAL001424,CL00121,2025-10-14,Ledger Subscription,subscription,1315.23,0.0,1315.23,Won,46,Amine B.
SAL001428,CL00121,2025-10-14,Premium Support,subscription,643.77,32.19,611.58,Won,105,Amine B.
SAL004072,CL00341,2025-10-14,Core Premium,subscription,2217.48,0.0,2217.48,Won,91,Karim T.
SAL005229,CL00427,2025-10-14,Training & Onboarding,one_time,3198.04,319.8,2878.24,Won,105,Marie D.
SAL003185,CL00271,2025-10-14,Core Premium,subscription,3136.66,156.83,2979.83,Won,45,Yanis F.
SAL004909,CL00404,2025-10-14,Ledger Subscription,subscription,537.18,80.58,456.6,Won,44,Sophie L.
SAL004366,CL00360,2025-10-14,Premium Support,subscription,1022.34,153.35,868.99,Won,46,Karim T.
SAL002324,CL00202,2025-10-14,Ledger Subscription,subscription,1506.18,0.0,1506.18,Won,37,Karim T.
SAL001848,CL00152,2025-10-14,Vector Subscription,subscription,2021.33,101.07,1920.26,Won,53,Karim T.
SAL003032,CL00256,2025-10-14,Premium Support,subscription,558.31,27.92,530.39,Won,110,Sophie L.
SAL004933,CL00404,2025-10-14,Core Premium,subscription,5815.11,581.51,5233.6,Won,28,Sophie L.
SAL003148,CL00266,2025-10-14,Premium Support,subscription,956.27,95.63,860.64,Won,39,Marie D.
SAL004537,CL00374,2025-10-14,Vector Subscription,subscription,2010.01,0.0,2010.01,Won,57,Léa M.
SAL004578,CL00379,2025-10-14,Premium Support,subscription,625.44,31.27,594.17,Won,28,Yanis F.
SAL000510,CL00053,2025-10-15,Premium Support,subscription,747.63,74.76,672.87,Won,84,Amine B.
SAL001509,CL00123,2025-10-15,Ledger Subscription,subscription,976.89,48.84,928.05,Won,116,Yanis F.
SAL003222,CL00275,2025-10-15,Ledger Subscription,subscription,1074.91,107.49,967.42,Won,48,Amine B.
SAL005254,CL00428,2025-10-15,Training & Onboarding,one_time,2468.16,370.22,2097.94,Won,78,Yanis F.
SAL004581,CL00379,2025-10-15,Premium Support,subscription,975.22,0.0,975.22,Won,86,Yanis F.
SAL005869,CL00482,2025-10-15,Vector Subscription,subscription,2521.35,0.0,2521.35,Won,82,Yanis F.
SAL003965,CL00334,2025-10-15,Premium Support,subscription,516.26,25.81,490.45,Won,69,Karim T.
SAL002400,CL00205,2025-10-15,Premium Support,subscription,347.33,69.47,277.86,Won,77,Amine B.
SAL003765,CL00321,2025-10-15,Lex Subscription,subscription,1313.87,131.39,1182.48,Won,34,Karim T.
SAL001421,CL00121,2025-10-15,Training & Onboarding,one_time,2846.85,0.0,2846.85,Won,119,Amine B.
SAL003128,CL00264,2025-10-15,Training & Onboarding,one_time,4619.03,230.95,4388.08,Won,68,Yanis F.
SAL003118,CL00263,2025-10-15,Premium Support,subscription,940.87,94.09,846.78,Won,35,Léa M.
SAL001124,CL00098,2025-10-16,Training & Onboarding,one_time,1682.7,0.0,1682.7,Won,25,Yanis F.
SAL004716,CL00389,2025-10-16,Training & Onboarding,one_time,4325.67,216.28,4109.39,Won,69,Amine B.
SAL002703,CL00236,2025-10-16,Custom Development,one_time,26340.23,0.0,26340.23,Won,16,Yanis F.
SAL000758,CL00071,2025-10-16,Premium Support,subscription,639.7,31.98,607.72,Won,42,Léa M.
SAL001714,CL00140,2025-10-16,Custom Development,one_time,31720.15,0.0,31720.15,Won,60,Marie D.
SAL002220,CL00192,2025-10-16,Training & Onboarding,one_time,3003.77,600.75,2403.02,Won,24,Karim T.
SAL002256,CL00193,2025-10-16,Training & Onboarding,one_time,4955.7,0.0,4955.7,Won,71,Karim T.
SAL002844,CL00242,2025-10-16,Premium Support,subscription,763.27,114.49,648.78,Won,17,Marie D.
SAL005749,CL00476,2025-10-16,Core Premium,subscription,6465.35,0.0,6465.35,Won,70,Amine B.
SAL001087,CL00092,2025-10-16,Vector Subscription,subscription,2397.2,119.86,2277.34,Won,55,Marie D.
SAL001385,CL00117,2025-10-16,Custom Development,one_time,27848.81,0.0,27848.81,Won,94,Léa M.
SAL002519,CL00220,2025-10-17,Lex Subscription,subscription,1226.81,61.34,1165.47,Won,15,Amine B.
SAL003379,CL00284,2025-10-17,Vector Subscription,subscription,1772.74,0.0,1772.74,Won,82,Léa M.
SAL000102,CL00011,2025-10-17,Lex Subscription,subscription,1037.49,0.0,1037.49,Won,50,Karim T.
SAL003694,CL00313,2025-10-17,Lex Subscription,subscription,1916.57,0.0,1916.57,Won,88,Yanis F.
SAL004699,CL00387,2025-10-17,Training & Onboarding,one_time,5587.85,0.0,5587.85,Won,53,Amine B.
SAL002966,CL00253,2025-10-17,Training & Onboarding,one_time,4750.03,0.0,4750.03,Won,82,Yanis F.
SAL001743,CL00143,2025-10-17,Lex Subscription,subscription,1673.44,0.0,1673.44,Won,16,Yanis F.
SAL002972,CL00253,2025-10-17,Core Premium,subscription,6723.5,0.0,6723.5,Won,107,Yanis F.
SAL001922,CL00165,2025-10-18,Core Premium,subscription,4617.76,230.89,4386.87,Won,84,Amine B.
SAL002874,CL00244,2025-10-18,Premium Support,subscription,608.23,0.0,608.23,Won,65,Amine B.
SAL000324,CL00030,2025-10-18,Lex Subscription,subscription,1832.66,0.0,1832.66,Won,106,Karim T.
SAL005258,CL00430,2025-10-18,Training & Onboarding,one_time,3203.15,0.0,3203.15,Won,36,Marie D.
SAL005759,CL00477,2025-10-18,Core Premium,subscription,4336.31,0.0,4336.31,Won,67,Sophie L.
SAL005529,CL00455,2025-10-18,Training & Onboarding,one_time,2119.39,0.0,2119.39,Won,82,Sophie L.
SAL005282,CL00431,2025-10-18,Lex Subscription,subscription,1409.84,0.0,1409.84,Won,76,Amine B.
SAL003486,CL00294,2025-10-18,Ledger Subscription,subscription,558.76,0.0,558.76,Won,108,Amine B.
SAL003071,CL00257,2025-10-18,Custom Development,one_time,22411.29,0.0,22411.29,Won,88,Sophie L.
SAL005176,CL00424,2025-10-18,Vector Subscription,subscription,1813.87,0.0,1813.87,Won,84,Karim T.
SAL001271,CL00108,2025-10-18,Ledger Subscription,subscription,1493.97,149.4,1344.57,Won,119,Sophie L.
SAL006041,CL00496,2025-10-18,Custom Development,one_time,30794.61,1539.73,29254.88,Won,83,Amine B.
SAL000397,CL00040,2025-10-18,Vector Subscription,subscription,2466.67,246.67,2220.0,Won,10,Amine B.
SAL000712,CL00069,2025-10-19,Premium Support,subscription,730.86,36.54,694.32,Won,22,Amine B.
SAL003663,CL00308,2025-10-19,Premium Support,subscription,1003.87,0.0,1003.87,Won,18,Amine B.
SAL001838,CL00151,2025-10-19,Ledger Subscription,subscription,679.21,33.96,645.25,Won,34,Marie D.
SAL004808,CL00399,2025-10-19,Premium Support,subscription,972.34,145.85,826.49,Won,24,Léa M.
SAL002459,CL00214,2025-10-19,Ledger Subscription,subscription,1609.8,160.98,1448.82,Won,62,Amine B.
SAL005251,CL00428,2025-10-19,Lex Subscription,subscription,1779.49,88.97,1690.52,Won,49,Yanis F.
SAL002675,CL00234,2025-10-19,Core Premium,subscription,4174.69,0.0,4174.69,Won,40,Léa M.
SAL000940,CL00080,2025-10-19,Premium Support,subscription,390.37,58.56,331.81,Won,31,Amine B.
SAL005499,CL00452,2025-10-20,Ledger Subscription,subscription,1720.53,0.0,1720.53,Won,37,Karim T.
SAL001324,CL00112,2025-10-20,Core Premium,subscription,5116.31,0.0,5116.31,Won,25,Karim T.
SAL001130,CL00098,2025-10-20,Vector Subscription,subscription,1480.69,0.0,1480.69,Won,40,Yanis F.
SAL001747,CL00144,2025-10-20,Training & Onboarding,one_time,1738.14,0.0,1738.14,Won,71,Léa M.
SAL004788,CL00397,2025-10-20,Premium Support,subscription,1044.46,0.0,1044.46,Won,17,Yanis F.
SAL001946,CL00168,2025-10-21,Custom Development,one_time,7509.23,0.0,7509.23,Won,50,Yanis F.
SAL006013,CL00494,2025-10-21,Vector Subscription,subscription,1858.55,185.86,1672.69,Won,85,Amine B.
SAL002632,CL00226,2025-10-21,Custom Development,one_time,16378.95,0.0,16378.95,Won,57,Yanis F.
SAL001474,CL00122,2025-10-21,Custom Development,one_time,35494.11,0.0,35494.11,Won,76,Marie D.
SAL002845,CL00242,2025-10-21,Vector Subscription,subscription,1384.04,276.81,1107.23,Won,78,Marie D.
SAL003304,CL00280,2025-10-21,Training & Onboarding,one_time,2242.05,224.21,2017.84,Won,66,Léa M.
SAL005035,CL00415,2025-10-21,Custom Development,one_time,27580.35,0.0,27580.35,Won,50,Amine B.
SAL004765,CL00395,2025-10-21,Vector Subscription,subscription,2256.22,0.0,2256.22,Won,54,Karim T.
SAL001472,CL00122,2025-10-21,Training & Onboarding,one_time,4920.91,492.09,4428.82,Won,58,Marie D.
SAL003132,CL00264,2025-10-21,Premium Support,subscription,402.34,40.23,362.11,Won,89,Yanis F.
SAL002708,CL00236,2025-10-22,Custom Development,one_time,13451.97,672.6,12779.37,Won,16,Yanis F.
SAL000375,CL00034,2025-10-22,Core Premium,subscription,3825.69,0.0,3825.69,Won,83,Amine B.
SAL000022,CL00002,2025-10-22,Ledger Subscription,subscription,789.38,118.41,670.97,Won,34,Marie D.
SAL005853,CL00481,2025-10-22,Custom Development,one_time,33287.39,0.0,33287.39,Won,41,Karim T.
SAL000679,CL00067,2025-10-22,Lex Subscription,subscription,1522.59,152.26,1370.33,Won,11,Karim T.
SAL005462,CL00450,2025-10-22,Core Premium,subscription,4643.23,464.32,4178.91,Won,56,Sophie L.
SAL001030,CL00087,2025-10-22,Ledger Subscription,subscription,562.03,28.1,533.93,Won,10,Amine B.
SAL004374,CL00360,2025-10-22,Vector Subscription,subscription,1661.53,166.15,1495.38,Won,31,Karim T.
SAL000070,CL00008,2025-10-22,Vector Subscription,subscription,2634.87,526.97,2107.9,Won,50,Karim T.
SAL005881,CL00482,2025-10-22,Training & Onboarding,one_time,1539.76,0.0,1539.76,Won,12,Yanis F.
SAL001425,CL00121,2025-10-22,Core Premium,subscription,5385.33,269.27,5116.06,Won,39,Amine B.
SAL004249,CL00349,2025-10-22,Core Premium,subscription,4287.17,0.0,4287.17,Won,68,Yanis F.
SAL002473,CL00215,2025-10-22,Vector Subscription,subscription,1981.08,0.0,1981.08,Won,62,Sophie L.
SAL000778,CL00072,2025-10-22,Vector Subscription,subscription,1396.1,0.0,1396.1,Won,79,Yanis F.
SAL003324,CL00281,2025-10-23,Custom Development,one_time,22319.83,0.0,22319.83,Won,59,Amine B.
SAL003517,CL00295,2025-10-23,Lex Subscription,subscription,1547.61,0.0,1547.61,Won,77,Amine B.
SAL002084,CL00178,2025-10-23,Core Premium,subscription,5418.83,0.0,5418.83,Won,67,Karim T.
SAL003803,CL00324,2025-10-23,Custom Development,one_time,33429.14,0.0,33429.14,Won,50,Marie D.
SAL004609,CL00380,2025-10-23,Custom Development,one_time,20237.06,0.0,20237.06,Won,64,Léa M.
SAL004489,CL00371,2025-10-23,Custom Development,one_time,24666.29,2466.63,22199.66,Won,53,Léa M.
SAL000363,CL00034,2025-10-23,Training & Onboarding,one_time,4097.49,614.62,3482.87,Won,40,Amine B.
SAL005445,CL00448,2025-10-23,Premium Support,subscription,755.54,0.0,755.54,Won,35,Léa M.
SAL001112,CL00094,2025-10-23,Core Premium,subscription,5676.87,567.69,5109.18,Won,82,Amine B.
SAL004444,CL00366,2025-10-23,Custom Development,one_time,11584.31,0.0,11584.31,Won,63,Sophie L.
SAL000400,CL00040,2025-10-23,Ledger Subscription,subscription,826.2,0.0,826.2,Won,33,Amine B.
SAL006043,CL00497,2025-10-23,Core Premium,subscription,6445.27,644.53,5800.74,Won,80,Karim T.
SAL004887,CL00402,2025-10-24,Training & Onboarding,one_time,1824.75,0.0,1824.75,Won,15,Léa M.
SAL002099,CL00181,2025-10-24,Custom Development,one_time,33642.07,0.0,33642.07,Won,66,Sophie L.
SAL001989,CL00171,2025-10-24,Core Premium,subscription,6186.46,0.0,6186.46,Won,94,Karim T.
SAL004386,CL00362,2025-10-24,Core Premium,subscription,2756.23,413.43,2342.8,Won,30,Léa M.
SAL003232,CL00276,2025-10-24,Lex Subscription,subscription,1416.02,0.0,1416.02,Won,72,Amine B.
SAL001097,CL00093,2025-10-24,Core Premium,subscription,5143.87,257.19,4886.68,Won,75,Karim T.
SAL004598,CL00380,2025-10-24,Vector Subscription,subscription,1639.56,0.0,1639.56,Won,73,Léa M.
SAL002509,CL00220,2025-10-24,Lex Subscription,subscription,783.64,0.0,783.64,Won,28,Amine B.
SAL000768,CL00071,2025-10-24,Custom Development,one_time,18782.12,1878.21,16903.91,Won,111,Léa M.
SAL000443,CL00047,2025-10-24,Custom Development,one_time,21797.92,0.0,21797.92,Won,39,Amine B.
SAL000478,CL00050,2025-10-24,Ledger Subscription,subscription,1381.35,0.0,1381.35,Won,34,Léa M.
SAL005972,CL00489,2025-10-24,Premium Support,subscription,311.58,0.0,311.58,Won,57,Marie D.
SAL001577,CL00128,2025-10-25,Training & Onboarding,one_time,3573.83,714.77,2859.06,Won,68,Léa M.
SAL003520,CL00295,2025-10-25,Lex Subscription,subscription,801.28,40.06,761.22,Won,112,Amine B.
SAL002820,CL00241,2025-10-25,Lex Subscription,subscription,1380.77,0.0,1380.77,Won,53,Amine B.
SAL003392,CL00286,2025-10-25,Vector Subscription,subscription,2021.21,0.0,2021.21,Won,71,Yanis F.
SAL004640,CL00382,2025-10-25,Training & Onboarding,one_time,1463.57,0.0,1463.57,Won,41,Marie D.
SAL001377,CL00117,2025-10-25,Custom Development,one_time,10368.73,0.0,10368.73,Won,82,Léa M.
SAL004639,CL00382,2025-10-25,Ledger Subscription,subscription,1253.14,62.66,1190.48,Won,41,Marie D.
SAL003422,CL00291,2025-10-25,Custom Development,one_time,35147.32,0.0,35147.32,Won,72,Marie D.
SAL005954,CL00487,2025-10-25,Training & Onboarding,one_time,1837.57,183.76,1653.81,Won,15,Yanis F.
SAL003839,CL00328,2025-10-25,Premium Support,subscription,1358.49,0.0,1358.49,Won,36,Yanis F.
SAL005713,CL00471,2025-10-25,Ledger Subscription,subscription,1068.17,53.41,1014.76,Won,35,Yanis F.
SAL004839,CL00399,2025-10-25,Vector Subscription,subscription,2694.33,269.43,2424.9,Won,43,Léa M.
SAL004949,CL00405,2025-10-25,Lex Subscription,subscription,955.6,0.0,955.6,Won,80,Karim T.
SAL001663,CL00134,2025-10-26,Custom Development,one_time,7942.73,1588.55,6354.18,Won,54,Amine B.
SAL001536,CL00125,2025-10-26,Premium Support,subscription,742.56,111.38,631.18,Won,57,Amine B.
SAL000552,CL00054,2025-10-26,Vector Subscription,subscription,2410.52,0.0,2410.52,Won,40,Léa M.
SAL002730,CL00237,2025-10-26,Core Premium,subscription,5386.09,0.0,5386.09,Won,90,Amine B.
SAL002277,CL00196,2025-10-26,Ledger Subscription,subscription,1776.89,177.69,1599.2,Won,82,Yanis F.
SAL002676,CL00234,2025-10-26,Vector Subscription,subscription,829.16,41.46,787.7,Won,72,Léa M.
SAL001567,CL00126,2025-10-26,Vector Subscription,subscription,2279.9,0.0,2279.9,Won,16,Léa M.
SAL005182,CL00424,2025-10-26,Vector Subscription,subscription,2250.55,0.0,2250.55,Won,68,Karim T.
SAL003311,CL00280,2025-10-26,Custom Development,one_time,33199.39,0.0,33199.39,Won,63,Léa M.
SAL004518,CL00373,2025-10-27,Core Premium,subscription,4557.57,227.88,4329.69,Won,9,Léa M.
SAL005700,CL00470,2025-10-27,Training & Onboarding,one_time,3412.29,0.0,3412.29,Won,49,Marie D.
SAL004541,CL00375,2025-10-27,Ledger Subscription,subscription,1047.38,0.0,1047.38,Won,8,Sophie L.
SAL004553,CL00377,2025-10-27,Training & Onboarding,one_time,3490.28,0.0,3490.28,Won,23,Léa M.
SAL001244,CL00107,2025-10-27,Ledger Subscription,subscription,897.84,134.68,763.16,Won,69,Yanis F.
SAL001015,CL00086,2025-10-27,Vector Subscription,subscription,2389.67,119.48,2270.19,Won,37,Marie D.
SAL001523,CL00124,2025-10-27,Custom Development,one_time,32800.21,0.0,32800.21,Won,71,Sophie L.
SAL000169,CL00014,2025-10-27,Premium Support,subscription,1051.22,52.56,998.66,Won,51,Yanis F.
SAL002720,CL00236,2025-10-27,Vector Subscription,subscription,976.82,48.84,927.98,Won,39,Yanis F.
SAL000128,CL00012,2025-10-27,Training & Onboarding,one_time,1442.57,0.0,1442.57,Won,85,Yanis F.
SAL005261,CL00430,2025-10-27,Ledger Subscription,subscription,1407.96,0.0,1407.96,Won,9,Marie D.
SAL000690,CL00067,2025-10-27,Training & Onboarding,one_time,1898.47,379.69,1518.78,Won,20,Karim T.
SAL004396,CL00362,2025-10-27,Lex Subscription,subscription,1161.58,232.32,929.26,Won,84,Léa M.
SAL003730,CL00317,2025-10-27,Vector Subscription,subscription,1686.75,168.67,1518.08,Won,20,Amine B.
SAL002829,CL00241,2025-10-27,Training & Onboarding,one_time,1999.02,199.9,1799.12,Won,39,Amine B.
SAL001079,CL00090,2025-10-27,Core Premium,subscription,4849.23,484.92,4364.31,Won,11,Marie D.
SAL005621,CL00462,2025-10-27,Custom Development,one_time,25894.36,2589.44,23304.92,Won,71,Marie D.
SAL003692,CL00313,2025-10-28,Lex Subscription,subscription,642.61,0.0,642.61,Won,22,Yanis F.
SAL004513,CL00372,2025-10-28,Lex Subscription,subscription,668.0,0.0,668.0,Won,51,Yanis F.
SAL003870,CL00330,2025-10-28,Lex Subscription,subscription,1151.07,0.0,1151.07,Won,18,Léa M.
SAL003438,CL00292,2025-10-28,Vector Subscription,subscription,2040.42,0.0,2040.42,Won,19,Amine B.
SAL002920,CL00251,2025-10-28,Vector Subscription,subscription,2623.64,0.0,2623.64,Won,87,Sophie L.
SAL004405,CL00363,2025-10-28,Training & Onboarding,one_time,2080.3,0.0,2080.3,Won,68,Karim T.
SAL005540,CL00455,2025-10-28,Premium Support,subscription,965.67,144.85,820.82,Won,27,Sophie L.
SAL004691,CL00387,2025-10-28,Lex Subscription,subscription,1292.02,64.6,1227.42,Won,71,Amine B.
SAL005196,CL00425,2025-10-28,Training & Onboarding,one_time,2814.58,0.0,2814.58,Won,33,Léa M.
SAL002424,CL00212,2025-10-28,Lex Subscription,subscription,1665.24,0.0,1665.24,Won,57,Amine B.
SAL000066,CL00008,2025-10-28,Training & Onboarding,one_time,3263.03,326.3,2936.73,Won,86,Karim T.
SAL003560,CL00298,2025-10-29,Core Premium,subscription,4908.01,0.0,4908.01,Won,60,Sophie L.
SAL001204,CL00104,2025-10-29,Premium Support,subscription,758.35,75.83,682.52,Won,33,Sophie L.
SAL003712,CL00316,2025-10-29,Core Premium,subscription,3613.56,0.0,3613.56,Won,20,Marie D.
SAL002066,CL00178,2025-10-29,Vector Subscription,subscription,1272.0,190.8,1081.2,Won,76,Karim T.
SAL004929,CL00404,2025-10-29,Core Premium,subscription,6451.25,322.56,6128.69,Won,29,Sophie L.
SAL005113,CL00420,2025-10-29,Custom Development,one_time,49199.05,4919.91,44279.14,Won,59,Marie D.
SAL001872,CL00155,2025-10-29,Core Premium,subscription,3257.77,0.0,3257.77,Won,72,Marie D.
SAL004397,CL00362,2025-10-29,Custom Development,one_time,31325.48,4698.82,26626.66,Won,63,Léa M.
SAL001928,CL00166,2025-10-29,Ledger Subscription,subscription,721.26,108.19,613.07,Won,88,Léa M.
SAL001652,CL00133,2025-10-29,Ledger Subscription,subscription,413.68,0.0,413.68,Won,47,Sophie L.
SAL004283,CL00355,2025-10-29,Core Premium,subscription,4094.62,0.0,4094.62,Won,22,Marie D.
SAL001967,CL00169,2025-10-29,Core Premium,subscription,4000.34,0.0,4000.34,Won,80,Amine B.
SAL003019,CL00256,2025-10-29,Core Premium,subscription,6577.47,0.0,6577.47,Won,109,Sophie L.
SAL005570,CL00458,2025-10-30,Custom Development,one_time,17130.82,1713.08,15417.74,Won,25,Karim T.
SAL003651,CL00307,2025-10-30,Lex Subscription,subscription,815.09,0.0,815.09,Won,32,Léa M.
SAL000468,CL00050,2025-10-30,Core Premium,subscription,6272.98,0.0,6272.98,Won,43,Léa M.
SAL004320,CL00355,2025-10-30,Custom Development,one_time,33092.65,0.0,33092.65,Won,103,Marie D.
SAL001157,CL00101,2025-10-30,Premium Support,subscription,657.17,0.0,657.17,Won,28,Karim T.
SAL000943,CL00080,2025-10-30,Lex Subscription,subscription,1367.13,0.0,1367.13,Won,62,Amine B.
SAL005205,CL00425,2025-10-30,Core Premium,subscription,6672.17,0.0,6672.17,Won,82,Léa M.
SAL002591,CL00223,2025-10-30,Vector Subscription,subscription,1295.49,0.0,1295.49,Won,53,Karim T.
SAL005181,CL00424,2025-10-31,Ledger Subscription,subscription,631.13,0.0,631.13,Won,54,Karim T.
SAL004075,CL00341,2025-10-31,Training & Onboarding,one_time,4609.26,0.0,4609.26,Won,33,Karim T.
SAL004471,CL00371,2025-10-31,Lex Subscription,subscription,889.47,88.95,800.52,Won,27,Léa M.
SAL000001,CL00001,2025-10-31,Lex Subscription,subscription,944.56,94.46,850.1,Won,82,Karim T.
SAL001223,CL00107,2025-10-31,Premium Support,subscription,878.21,0.0,878.21,Won,79,Yanis F.
SAL002729,CL00237,2025-10-31,Core Premium,subscription,6442.39,0.0,6442.39,Won,57,Amine B.
SAL002458,CL00214,2025-10-31,Training & Onboarding,one_time,1938.74,96.94,1841.8,Won,72,Amine B.
SAL003521,CL00295,2025-10-31,Training & Onboarding,one_time,3321.48,166.07,3155.41,Won,27,Amine B.
SAL002141,CL00185,2025-10-31,Core Premium,subscription,5491.69,274.58,5217.11,Won,61,Yanis F.
SAL001273,CL00108,2025-10-31,Custom Development,one_time,22313.32,0.0,22313.32,Won,44,Sophie L.
SAL002698,CL00235,2025-11-01,Training & Onboarding,one_time,2197.13,0.0,2197.13,Won,86,Yanis F.
SAL004245,CL00349,2025-11-01,Lex Subscription,subscription,1759.38,0.0,1759.38,Won,45,Yanis F.
SAL004250,CL00349,2025-11-01,Lex Subscription,subscription,1113.81,55.69,1058.12,Won,31,Yanis F.
SAL003906,CL00331,2025-11-01,Vector Subscription,subscription,2537.01,0.0,2537.01,Won,24,Léa M.
SAL002889,CL00246,2025-11-01,Vector Subscription,subscription,2218.52,110.93,2107.59,Won,35,Léa M.
SAL005580,CL00459,2025-11-01,Lex Subscription,subscription,624.67,0.0,624.67,Won,42,Yanis F.
SAL003530,CL00296,2025-11-01,Ledger Subscription,subscription,1573.78,236.07,1337.71,Won,57,Amine B.
SAL005746,CL00476,2025-11-01,Vector Subscription,subscription,2285.52,228.55,2056.97,Won,28,Amine B.
SAL000159,CL00013,2025-11-01,Premium Support,subscription,815.18,0.0,815.18,Won,84,Marie D.
SAL002437,CL00212,2025-11-01,Premium Support,subscription,860.67,0.0,860.67,Won,33,Amine B.
SAL005416,CL00446,2025-11-02,Premium Support,subscription,485.92,24.3,461.62,Won,82,Yanis F.
SAL005812,CL00479,2025-11-02,Premium Support,subscription,619.26,0.0,619.26,Won,108,Yanis F.
SAL001261,CL00108,2025-11-02,Ledger Subscription,subscription,532.13,0.0,532.13,Won,60,Sophie L.
SAL001593,CL00130,2025-11-02,Vector Subscription,subscription,2544.69,0.0,2544.69,Won,65,Marie D.
SAL000090,CL00010,2025-11-02,Training & Onboarding,one_time,4150.84,0.0,4150.84,Won,45,Amine B.
SAL004392,CL00362,2025-11-02,Custom Development,one_time,13273.81,1327.38,11946.43,Won,36,Léa M.
SAL005755,CL00477,2025-11-02,Lex Subscription,subscription,1433.01,71.65,1361.36,Won,62,Sophie L.
SAL003299,CL00280,2025-11-02,Premium Support,subscription,480.96,24.05,456.91,Won,39,Léa M.
SAL003373,CL00284,2025-11-02,Premium Support,subscription,1010.13,0.0,1010.13,Won,73,Léa M.
SAL001269,CL00108,2025-11-03,Training & Onboarding,one_time,3163.02,0.0,3163.02,Won,69,Sophie L.
SAL004819,CL00399,2025-11-03,Premium Support,subscription,360.55,0.0,360.55,Won,21,Léa M.
SAL005837,CL00480,2025-11-03,Vector Subscription,subscription,1984.03,0.0,1984.03,Won,48,Marie D.
SAL001230,CL00107,2025-11-03,Custom Development,one_time,35465.02,1773.25,33691.77,Won,83,Yanis F.
SAL000685,CL00067,2025-11-03,Lex Subscription,subscription,621.93,93.29,528.64,Won,52,Karim T.
SAL004137,CL00345,2025-11-03,Vector Subscription,subscription,1510.8,75.54,1435.26,Won,89,Yanis F.
SAL001010,CL00085,2025-11-03,Vector Subscription,subscription,2161.02,108.05,2052.97,Won,36,Marie D.
SAL005654,CL00465,2025-11-03,Premium Support,subscription,896.4,0.0,896.4,Won,32,Marie D.
SAL000038,CL00005,2025-11-03,Core Premium,subscription,4418.48,0.0,4418.48,Won,83,Léa M.
SAL003229,CL00276,2025-11-03,Training & Onboarding,one_time,5335.09,0.0,5335.09,Won,71,Amine B.
SAL003053,CL00257,2025-11-03,Custom Development,one_time,30099.64,1504.98,28594.66,Won,24,Sophie L.
SAL005614,CL00462,2025-11-03,Custom Development,one_time,13829.76,0.0,13829.76,Won,55,Marie D.
SAL002252,CL00193,2025-11-04,Training & Onboarding,one_time,2681.69,268.17,2413.52,Won,44,Karim T.
SAL005031,CL00414,2025-11-04,Custom Development,one_time,23154.23,3473.13,19681.1,Won,40,Amine B.
SAL004015,CL00335,2025-11-04,Core Premium,subscription,4384.99,657.75,3727.24,Won,101,Léa M.
SAL005716,CL00471,2025-11-04,Lex Subscription,subscription,689.2,103.38,585.82,Won,53,Yanis F.
SAL001096,CL00093,2025-11-04,Custom Development,one_time,14499.74,0.0,14499.74,Won,70,Karim T.
SAL002098,CL00181,2025-11-04,Vector Subscription,subscription,1452.22,72.61,1379.61,Won,38,Sophie L.
SAL005138,CL00421,2025-11-04,Core Premium,subscription,3871.23,0.0,3871.23,Won,38,Marie D.
SAL005104,CL00419,2025-11-04,Vector Subscription,subscription,2127.26,0.0,2127.26,Won,65,Sophie L.
SAL001855,CL00154,2025-11-04,Custom Development,one_time,9025.46,0.0,9025.46,Won,26,Marie D.
SAL004287,CL00355,2025-11-04,Training & Onboarding,one_time,1700.2,0.0,1700.2,Won,107,Marie D.
SAL001451,CL00121,2025-11-04,Custom Development,one_time,19738.67,0.0,19738.67,Won,37,Amine B.
SAL002355,CL00204,2025-11-04,Ledger Subscription,subscription,984.9,49.25,935.65,Won,19,Yanis F.
SAL004822,CL00399,2025-11-04,Ledger Subscription,subscription,891.41,0.0,891.41,Won,111,Léa M.
SAL004804,CL00399,2025-11-04,Core Premium,subscription,3711.34,0.0,3711.34,Won,60,Léa M.
SAL005756,CL00477,2025-11-04,Training & Onboarding,one_time,3842.07,384.21,3457.86,Won,16,Sophie L.
SAL003227,CL00276,2025-11-04,Lex Subscription,subscription,1301.94,130.19,1171.75,Won,16,Amine B.
SAL005968,CL00489,2025-11-04,Ledger Subscription,subscription,827.38,41.37,786.01,Won,28,Marie D.
SAL003787,CL00322,2025-11-04,Premium Support,subscription,381.06,57.16,323.9,Won,54,Sophie L.
SAL002733,CL00237,2025-11-05,Premium Support,subscription,588.7,0.0,588.7,Won,50,Amine B.
SAL002766,CL00240,2025-11-05,Ledger Subscription,subscription,914.31,91.43,822.88,Won,46,Léa M.
SAL003274,CL00277,2025-11-05,Training & Onboarding,one_time,1889.21,0.0,1889.21,Won,23,Léa M.
SAL000465,CL00050,2025-11-05,Custom Development,one_time,18481.55,2772.23,15709.32,Won,63,Léa M.
SAL004809,CL00399,2025-11-05,Ledger Subscription,subscription,1230.03,0.0,1230.03,Won,91,Léa M.
SAL002015,CL00174,2025-11-05,Lex Subscription,subscription,1555.42,0.0,1555.42,Won,65,Karim T.
SAL000097,CL00011,2025-11-05,Vector Subscription,subscription,1051.45,210.29,841.16,Won,57,Karim T.
SAL003048,CL00256,2025-11-05,Training & Onboarding,one_time,5181.71,0.0,5181.71,Won,47,Sophie L.
SAL006033,CL00496,2025-11-05,Custom Development,one_time,11262.39,1126.24,10136.15,Won,47,Amine B.
SAL002165,CL00188,2025-11-05,Lex Subscription,subscription,1490.91,74.55,1416.36,Won,78,Léa M.
SAL004906,CL00403,2025-11-05,Premium Support,subscription,752.09,0.0,752.09,Won,24,Léa M.
SAL004781,CL00397,2025-11-05,Core Premium,subscription,2736.31,0.0,2736.31,Won,64,Yanis F.
SAL005492,CL00452,2025-11-05,Ledger Subscription,subscription,984.91,0.0,984.91,Won,37,Karim T.
SAL005402,CL00444,2025-11-05,Core Premium,subscription,5110.16,255.51,4854.65,Won,48,Léa M.
SAL004135,CL00345,2025-11-05,Core Premium,subscription,3491.97,0.0,3491.97,Won,89,Yanis F.
SAL005001,CL00409,2025-11-05,Training & Onboarding,one_time,5590.64,0.0,5590.64,Won,30,Marie D.
SAL000702,CL00068,2025-11-06,Lex Subscription,subscription,1706.96,0.0,1706.96,Won,38,Marie D.
SAL000860,CL00075,2025-11-06,Core Premium,subscription,6232.19,0.0,6232.19,Won,75,Yanis F.
SAL003938,CL00333,2025-11-06,Training & Onboarding,one_time,4066.83,0.0,4066.83,Won,39,Sophie L.
SAL004724,CL00390,2025-11-06,Custom Development,one_time,7663.93,1149.59,6514.34,Won,22,Amine B.
SAL001084,CL00091,2025-11-06,Premium Support,subscription,773.0,0.0,773.0,Won,72,Amine B.
SAL002967,CL00253,2025-11-06,Lex Subscription,subscription,1177.54,58.88,1118.66,Won,61,Yanis F.
SAL005107,CL00419,2025-11-06,Core Premium,subscription,4874.01,0.0,4874.01,Won,69,Sophie L.
SAL000626,CL00059,2025-11-06,Training & Onboarding,one_time,1580.96,0.0,1580.96,Won,67,Karim T.
SAL001403,CL00119,2025-11-07,Premium Support,subscription,826.61,0.0,826.61,Won,67,Karim T.
SAL001545,CL00125,2025-11-07,Core Premium,subscription,3676.72,183.84,3492.88,Won,58,Amine B.
SAL002297,CL00199,2025-11-07,Lex Subscription,subscription,714.16,71.42,642.74,Won,88,Yanis F.
SAL004399,CL00362,2025-11-07,Training & Onboarding,one_time,4386.76,219.34,4167.42,Won,57,Léa M.
SAL002938,CL00252,2025-11-07,Custom Development,one_time,19258.92,962.95,18295.97,Won,74,Marie D.
SAL003985,CL00335,2025-11-07,Core Premium,subscription,4491.47,449.15,4042.32,Won,64,Léa M.
SAL003202,CL00273,2025-11-08,Vector Subscription,subscription,2302.8,230.28,2072.52,Won,22,Marie D.
SAL002230,CL00193,2025-11-08,Custom Development,one_time,25984.75,0.0,25984.75,Won,53,Karim T.
SAL001994,CL00171,2025-11-08,Training & Onboarding,one_time,4876.21,0.0,4876.21,Won,52,Karim T.
SAL003608,CL00302,2025-11-08,Vector Subscription,subscription,1075.76,161.36,914.4,Won,26,Karim T.
SAL003932,CL00332,2025-11-08,Core Premium,subscription,5571.67,1114.33,4457.34,Won,36,Amine B.
SAL005238,CL00427,2025-11-08,Lex Subscription,subscription,881.76,132.26,749.5,Won,32,Marie D.
SAL000035,CL00005,2025-11-08,Vector Subscription,subscription,1296.5,194.48,1102.02,Won,68,Léa M.
SAL004013,CL00335,2025-11-08,Core Premium,subscription,3795.49,0.0,3795.49,Won,61,Léa M.
SAL001645,CL00133,2025-11-08,Vector Subscription,subscription,2556.39,127.82,2428.57,Won,30,Sophie L.
SAL004737,CL00393,2025-11-09,Core Premium,subscription,5725.57,572.56,5153.01,Won,9,Sophie L.
SAL001943,CL00168,2025-11-09,Training & Onboarding,one_time,1670.44,334.09,1336.35,Won,21,Yanis F.
SAL001722,CL00141,2025-11-09,Ledger Subscription,subscription,409.13,0.0,409.13,Won,22,Amine B.
SAL003428,CL00291,2025-11-09,Ledger Subscription,subscription,511.41,0.0,511.41,Won,90,Marie D.
SAL005726,CL00472,2025-11-09,Core Premium,subscription,3088.59,308.86,2779.73,Won,24,Léa M.
SAL004330,CL00356,2025-11-09,Vector Subscription,subscription,1135.04,56.75,1078.29,Won,108,Léa M.
SAL002273,CL00196,2025-11-09,Core Premium,subscription,4510.78,0.0,4510.78,Won,51,Yanis F.
SAL003368,CL00284,2025-11-09,Lex Subscription,subscription,1722.83,86.14,1636.69,Won,58,Léa M.
SAL004718,CL00390,2025-11-09,Core Premium,subscription,4761.29,714.19,4047.1,Won,102,Amine B.
SAL000571,CL00055,2025-11-09,Vector Subscription,subscription,2134.5,0.0,2134.5,Won,13,Karim T.
SAL003686,CL00313,2025-11-09,Custom Development,one_time,7150.53,715.05,6435.48,Won,49,Yanis F.
SAL001919,CL00165,2025-11-10,Vector Subscription,subscription,1353.96,203.09,1150.87,Won,56,Amine B.
SAL003548,CL00297,2025-11-10,Training & Onboarding,one_time,3838.9,0.0,3838.9,Won,29,Sophie L.
SAL002108,CL00181,2025-11-10,Custom Development,one_time,17735.72,0.0,17735.72,Won,27,Sophie L.
SAL005108,CL00419,2025-11-10,Training & Onboarding,one_time,1882.59,188.26,1694.33,Won,88,Sophie L.
SAL003941,CL00333,2025-11-10,Training & Onboarding,one_time,4008.07,400.81,3607.26,Won,80,Sophie L.
SAL003164,CL00266,2025-11-10,Core Premium,subscription,2459.71,0.0,2459.71,Won,65,Marie D.
SAL001570,CL00126,2025-11-10,Training & Onboarding,one_time,2823.98,423.6,2400.38,Won,32,Léa M.
SAL000105,CL00011,2025-11-10,Custom Development,one_time,26782.47,0.0,26782.47,Won,52,Karim T.
SAL001125,CL00098,2025-11-10,Training & Onboarding,one_time,2645.51,396.83,2248.68,Won,35,Yanis F.
SAL001817,CL00150,2025-11-10,Premium Support,subscription,343.52,0.0,343.52,Won,18,Amine B.
SAL000837,CL00074,2025-11-10,Ledger Subscription,subscription,1586.27,158.63,1427.64,Won,62,Léa M.
SAL001646,CL00133,2025-11-10,Lex Subscription,subscription,1141.07,0.0,1141.07,Won,73,Sophie L.
SAL000957,CL00081,2025-11-10,Ledger Subscription,subscription,1245.49,0.0,1245.49,Won,37,Léa M.
SAL001250,CL00107,2025-11-11,Vector Subscription,subscription,2203.98,110.2,2093.78,Won,71,Yanis F.
SAL002713,CL00236,2025-11-11,Vector Subscription,subscription,2489.31,373.4,2115.91,Won,64,Yanis F.
SAL005513,CL00455,2025-11-11,Custom Development,one_time,10585.93,529.3,10056.63,Won,120,Sophie L.
SAL002072,CL00178,2025-11-11,Vector Subscription,subscription,2495.72,374.36,2121.36,Won,52,Karim T.
SAL000764,CL00071,2025-11-11,Vector Subscription,subscription,1238.28,185.74,1052.54,Won,104,Léa M.
SAL000427,CL00044,2025-11-11,Premium Support,subscription,1136.13,0.0,1136.13,Won,17,Sophie L.
SAL001291,CL00108,2025-11-11,Vector Subscription,subscription,2107.07,210.71,1896.36,Won,33,Sophie L.
SAL001528,CL00124,2025-11-11,Training & Onboarding,one_time,3963.9,198.19,3765.71,Won,44,Sophie L.
SAL002233,CL00193,2025-11-11,Vector Subscription,subscription,678.57,33.93,644.64,Won,92,Karim T.
SAL004501,CL00371,2025-11-12,Core Premium,subscription,3268.11,0.0,3268.11,Won,41,Léa M.
SAL001977,CL00170,2025-11-12,Training & Onboarding,one_time,3116.09,311.61,2804.48,Won,82,Léa M.
SAL001542,CL00125,2025-11-12,Training & Onboarding,one_time,4174.01,208.7,3965.31,Won,104,Amine B.
SAL005594,CL00461,2025-11-12,Custom Development,one_time,34074.61,3407.46,30667.15,Won,37,Marie D.
SAL000421,CL00044,2025-11-12,Ledger Subscription,subscription,1576.7,78.84,1497.86,Won,27,Sophie L.
SAL005521,CL00455,2025-11-12,Ledger Subscription,subscription,1572.4,314.48,1257.92,Won,77,Sophie L.
SAL000796,CL00073,2025-11-12,Ledger Subscription,subscription,1558.63,0.0,1558.63,Won,93,Yanis F.
SAL005805,CL00479,2025-11-12,Premium Support,subscription,518.04,0.0,518.04,Won,96,Yanis F.
SAL000282,CL00027,2025-11-12,Core Premium,subscription,5144.13,0.0,5144.13,Won,89,Amine B.
SAL000041,CL00005,2025-11-12,Custom Development,one_time,35478.91,0.0,35478.91,Won,102,Léa M.
SAL005230,CL00427,2025-11-12,Core Premium,subscription,6428.86,0.0,6428.86,Won,74,Marie D.
SAL005905,CL00484,2025-11-12,Lex Subscription,subscription,1916.67,95.83,1820.84,Won,68,Marie D.
SAL004508,CL00372,2025-11-12,Vector Subscription,subscription,747.37,112.11,635.26,Won,83,Yanis F.
SAL003223,CL00275,2025-11-12,Vector Subscription,subscription,2058.39,102.92,1955.47,Won,33,Amine B.
SAL001287,CL00108,2025-11-12,Core Premium,subscription,4277.05,0.0,4277.05,Won,32,Sophie L.
SAL001184,CL00103,2025-11-12,Custom Development,one_time,21972.92,2197.29,19775.63,Won,91,Sophie L.
SAL002281,CL00199,2025-11-12,Core Premium,subscription,6472.42,0.0,6472.42,Won,52,Yanis F.
SAL004923,CL00404,2025-11-12,Ledger Subscription,subscription,1325.29,66.26,1259.03,Won,83,Sophie L.
SAL000948,CL00080,2025-11-12,Core Premium,subscription,3807.68,0.0,3807.68,Won,78,Amine B.
SAL002002,CL00172,2025-11-12,Training & Onboarding,one_time,2886.31,144.32,2741.99,Won,52,Sophie L.
SAL004304,CL00355,2025-11-12,Vector Subscription,subscription,1779.2,266.88,1512.32,Won,88,Marie D.
SAL004297,CL00355,2025-11-13,Training & Onboarding,one_time,4841.33,242.07,4599.26,Won,90,Marie D.
SAL005003,CL00410,2025-11-13,Lex Subscription,subscription,1244.99,186.75,1058.24,Won,90,Léa M.
SAL000412,CL00043,2025-11-13,Vector Subscription,subscription,1435.6,0.0,1435.6,Won,119,Marie D.
SAL006021,CL00494,2025-11-13,Premium Support,subscription,1079.3,0.0,1079.3,Won,24,Amine B.
SAL005935,CL00486,2025-11-13,Ledger Subscription,subscription,975.84,97.58,878.26,Won,27,Léa M.
SAL003136,CL00264,2025-11-14,Custom Development,one_time,32264.53,6452.91,25811.62,Won,38,Yanis F.
SAL002056,CL00178,2025-11-14,Premium Support,subscription,358.8,35.88,322.92,Won,63,Karim T.
SAL001566,CL00126,2025-11-14,Vector Subscription,subscription,799.87,0.0,799.87,Won,56,Léa M.
SAL003891,CL00330,2025-11-14,Ledger Subscription,subscription,485.54,0.0,485.54,Won,55,Léa M.
SAL001423,CL00121,2025-11-14,Lex Subscription,subscription,1407.7,70.39,1337.31,Won,42,Amine B.
SAL003063,CL00257,2025-11-14,Lex Subscription,subscription,1866.3,93.32,1772.98,Won,111,Sophie L.
SAL003170,CL00267,2025-11-14,Vector Subscription,subscription,1803.68,180.37,1623.31,Won,49,Léa M.
SAL000192,CL00017,2025-11-14,Ledger Subscription,subscription,873.21,87.32,785.89,Won,39,Karim T.
SAL001531,CL00124,2025-11-14,Training & Onboarding,one_time,5074.01,761.1,4312.91,Won,80,Sophie L.
SAL002242,CL00193,2025-11-14,Vector Subscription,subscription,1965.28,196.53,1768.75,Won,70,Karim T.
SAL003215,CL00275,2025-11-14,Premium Support,subscription,1066.27,53.31,1012.96,Won,84,Amine B.
SAL003740,CL00318,2025-11-15,Core Premium,subscription,2599.29,0.0,2599.29,Won,20,Yanis F.
SAL001500,CL00123,2025-11-15,Training & Onboarding,one_time,3532.43,0.0,3532.43,Won,80,Yanis F.
SAL000003,CL00002,2025-11-15,Ledger Subscription,subscription,475.51,47.55,427.96,Won,65,Marie D.
SAL005415,CL00446,2025-11-15,Custom Development,one_time,30725.68,0.0,30725.68,Won,69,Yanis F.
SAL001103,CL00093,2025-11-15,Premium Support,subscription,716.75,0.0,716.75,Won,87,Karim T.
SAL005783,CL00479,2025-11-15,Premium Support,subscription,934.14,0.0,934.14,Won,83,Yanis F.
SAL005109,CL00420,2025-11-15,Ledger Subscription,subscription,683.94,0.0,683.94,Won,59,Marie D.
SAL006061,CL00498,2025-11-15,Vector Subscription,subscription,1905.36,0.0,1905.36,Won,70,Léa M.
SAL002250,CL00193,2025-11-15,Ledger Subscription,subscription,1302.53,0.0,1302.53,Won,99,Karim T.
SAL003726,CL00317,2025-11-15,Vector Subscription,subscription,762.35,152.47,609.88,Won,97,Amine B.
SAL004345,CL00358,2025-11-15,Vector Subscription,subscription,964.62,144.69,819.93,Won,84,Amine B.
SAL005306,CL00434,2025-11-15,Training & Onboarding,one_time,4125.02,618.75,3506.27,Won,78,Marie D.
SAL004296,CL00355,2025-11-16,Premium Support,subscription,759.19,0.0,759.19,Won,86,Marie D.
SAL000520,CL00053,2025-11-16,Premium Support,subscription,781.58,0.0,781.58,Won,15,Amine B.
SAL005574,CL00459,2025-11-16,Custom Development,one_time,11093.24,1109.32,9983.92,Won,115,Yanis F.
SAL000644,CL00061,2025-11-16,Premium Support,subscription,456.35,68.45,387.9,Won,46,Sophie L.
SAL002069,CL00178,2025-11-16,Core Premium,subscription,3967.52,0.0,3967.52,Won,60,Karim T.
SAL004607,CL00380,2025-11-16,Vector Subscription,subscription,1381.61,0.0,1381.61,Won,31,Léa M.
SAL000444,CL00047,2025-11-16,Custom Development,one_time,14081.4,1408.14,12673.26,Won,85,Amine B.
SAL002327,CL00202,2025-11-16,Core Premium,subscription,5838.78,583.88,5254.9,Won,10,Karim T.
SAL002673,CL00234,2025-11-16,Ledger Subscription,subscription,746.95,74.7,672.25,Won,23,Léa M.
SAL003050,CL00257,2025-11-16,Training & Onboarding,one_time,2933.73,0.0,2933.73,Won,74,Sophie L.
SAL002433,CL00212,2025-11-16,Ledger Subscription,subscription,682.86,136.57,546.29,Won,53,Amine B.
SAL003382,CL00284,2025-11-16,Training & Onboarding,one_time,4647.56,0.0,4647.56,Won,7,Léa M.
SAL000225,CL00020,2025-11-16,Vector Subscription,subscription,947.87,94.79,853.08,Won,56,Sophie L.
SAL005018,CL00411,2025-11-17,Lex Subscription,subscription,1010.63,0.0,1010.63,Won,71,Yanis F.
SAL002491,CL00218,2025-11-17,Vector Subscription,subscription,885.47,44.27,841.2,Won,87,Karim T.
SAL000783,CL00073,2025-11-17,Training & Onboarding,one_time,5045.42,0.0,5045.42,Won,109,Yanis F.
SAL002648,CL00229,2025-11-17,Premium Support,subscription,702.65,0.0,702.65,Won,32,Karim T.
SAL004065,CL00340,2025-11-17,Lex Subscription,subscription,789.98,0.0,789.98,Won,87,Sophie L.
SAL005128,CL00421,2025-11-17,Training & Onboarding,one_time,3444.72,344.47,3100.25,Won,30,Marie D.
SAL003624,CL00303,2025-11-17,Premium Support,subscription,564.11,0.0,564.11,Won,57,Karim T.
SAL001300,CL00109,2025-11-17,Training & Onboarding,one_time,2326.23,0.0,2326.23,Won,76,Marie D.
SAL005159,CL00423,2025-11-17,Training & Onboarding,one_time,2250.74,0.0,2250.74,Won,70,Marie D.
SAL003209,CL00274,2025-11-17,Core Premium,subscription,3522.8,176.14,3346.66,Won,23,Marie D.
SAL000692,CL00067,2025-11-17,Vector Subscription,subscription,2549.27,0.0,2549.27,Won,86,Karim T.
SAL000334,CL00030,2025-11-17,Premium Support,subscription,898.18,44.91,853.27,Won,46,Karim T.
SAL001538,CL00125,2025-11-17,Training & Onboarding,one_time,1972.49,295.87,1676.62,Won,22,Amine B.
SAL000628,CL00059,2025-11-17,Custom Development,one_time,37760.41,5664.06,32096.35,Won,79,Karim T.
SAL005273,CL00431,2025-11-17,Ledger Subscription,subscription,1292.11,0.0,1292.11,Won,45,Amine B.
SAL005903,CL00484,2025-11-18,Training & Onboarding,one_time,1713.66,0.0,1713.66,Won,12,Marie D.
SAL002884,CL00246,2025-11-18,Ledger Subscription,subscription,924.61,46.23,878.38,Won,51,Léa M.
SAL000449,CL00047,2025-11-18,Core Premium,subscription,5179.75,517.97,4661.78,Won,15,Amine B.
SAL005010,CL00410,2025-11-18,Core Premium,subscription,2594.87,0.0,2594.87,Won,84,Léa M.
SAL004726,CL00390,2025-11-18,Training & Onboarding,one_time,3801.5,380.15,3421.35,Won,89,Amine B.
SAL004183,CL00347,2025-11-18,Lex Subscription,subscription,1874.49,281.17,1593.32,Won,62,Karim T.
SAL000423,CL00044,2025-11-18,Core Premium,subscription,7957.59,795.76,7161.83,Won,85,Sophie L.
SAL000677,CL00066,2025-11-18,Training & Onboarding,one_time,4571.2,0.0,4571.2,Won,69,Marie D.
SAL001208,CL00104,2025-11-18,Ledger Subscription,subscription,417.36,0.0,417.36,Won,69,Sophie L.
SAL003880,CL00330,2025-11-18,Vector Subscription,subscription,1451.33,72.57,1378.76,Won,65,Léa M.
SAL005763,CL00477,2025-11-19,Custom Development,one_time,9674.64,967.46,8707.18,Won,88,Sophie L.
SAL002953,CL00253,2025-11-19,Vector Subscription,subscription,2386.39,477.28,1909.11,Won,26,Yanis F.
SAL004688,CL00387,2025-11-19,Vector Subscription,subscription,1831.54,91.58,1739.96,Won,14,Amine B.
SAL002133,CL00183,2025-11-19,Custom Development,one_time,32425.55,0.0,32425.55,Won,59,Marie D.
SAL001330,CL00112,2025-11-19,Core Premium,subscription,4230.78,634.62,3596.16,Won,34,Karim T.
SAL005240,CL00427,2025-11-19,Lex Subscription,subscription,1798.85,0.0,1798.85,Won,102,Marie D.
SAL005708,CL00470,2025-11-19,Core Premium,subscription,5058.54,0.0,5058.54,Won,78,Marie D.
SAL001913,CL00163,2025-11-19,Training & Onboarding,one_time,2205.39,0.0,2205.39,Won,75,Amine B.
SAL001754,CL00144,2025-11-19,Lex Subscription,subscription,1742.46,0.0,1742.46,Won,90,Léa M.
SAL001037,CL00087,2025-11-19,Training & Onboarding,one_time,4143.37,207.17,3936.2,Won,74,Amine B.
SAL002356,CL00204,2025-11-19,Ledger Subscription,subscription,1462.17,0.0,1462.17,Won,86,Yanis F.
SAL001730,CL00143,2025-11-19,Core Premium,subscription,2763.77,0.0,2763.77,Won,57,Yanis F.
SAL000686,CL00067,2025-11-19,Ledger Subscription,subscription,1278.57,127.86,1150.71,Won,47,Karim T.
SAL000876,CL00075,2025-11-19,Custom Development,one_time,18744.79,2811.72,15933.07,Won,75,Yanis F.
SAL003302,CL00280,2025-11-20,Premium Support,subscription,1078.6,0.0,1078.6,Won,22,Léa M.
SAL004899,CL00403,2025-11-20,Training & Onboarding,one_time,1882.96,282.44,1600.52,Won,68,Léa M.
SAL004727,CL00390,2025-11-20,Training & Onboarding,one_time,2521.68,0.0,2521.68,Won,111,Amine B.
SAL005472,CL00450,2025-11-20,Custom Development,one_time,40184.0,0.0,40184.0,Won,89,Sophie L.
SAL005092,CL00417,2025-11-20,Premium Support,subscription,598.89,0.0,598.89,Won,86,Yanis F.
SAL002757,CL00239,2025-11-20,Training & Onboarding,one_time,3437.87,0.0,3437.87,Won,17,Yanis F.
SAL002086,CL00178,2025-11-20,Core Premium,subscription,2741.66,137.08,2604.58,Won,89,Karim T.
SAL001857,CL00154,2025-11-21,Lex Subscription,subscription,967.71,0.0,967.71,Won,88,Marie D.
SAL004404,CL00363,2025-11-21,Vector Subscription,subscription,2291.59,0.0,2291.59,Won,57,Karim T.
SAL004193,CL00347,2025-11-21,Custom Development,one_time,19677.74,0.0,19677.74,Won,62,Karim T.
SAL002646,CL00229,2025-11-21,Core Premium,subscription,3945.17,0.0,3945.17,Won,74,Karim T.
SAL002902,CL00250,2025-11-21,Vector Subscription,subscription,2262.82,0.0,2262.82,Won,86,Léa M.
SAL004895,CL00402,2025-11-21,Core Premium,subscription,4469.71,446.97,4022.74,Won,64,Léa M.
SAL000337,CL00031,2025-11-21,Lex Subscription,subscription,864.34,129.65,734.69,Won,24,Marie D.
SAL001572,CL00126,2025-11-21,Core Premium,subscription,3749.11,0.0,3749.11,Won,87,Léa M.
SAL000193,CL00017,2025-11-21,Core Premium,subscription,3912.29,0.0,3912.29,Won,30,Karim T.
SAL000727,CL00069,2025-11-21,Core Premium,subscription,7382.66,0.0,7382.66,Won,42,Amine B.
SAL000039,CL00005,2025-11-21,Premium Support,subscription,292.12,0.0,292.12,Won,100,Léa M.
SAL000446,CL00047,2025-11-22,Training & Onboarding,one_time,1933.9,96.69,1837.21,Won,8,Amine B.
SAL006004,CL00493,2025-11-22,Core Premium,subscription,3245.35,486.8,2758.55,Won,28,Sophie L.
SAL003995,CL00335,2025-11-22,Core Premium,subscription,5835.89,291.79,5544.1,Won,76,Léa M.
SAL002838,CL00241,2025-11-22,Lex Subscription,subscription,994.93,0.0,994.93,Won,45,Amine B.
SAL004645,CL00383,2025-11-22,Ledger Subscription,subscription,1187.29,59.36,1127.93,Won,88,Léa M.
SAL005236,CL00427,2025-11-22,Core Premium,subscription,3920.26,0.0,3920.26,Won,77,Marie D.
SAL005134,CL00421,2025-11-22,Ledger Subscription,subscription,1326.87,265.37,1061.5,Won,31,Marie D.
SAL000388,CL00038,2025-11-22,Training & Onboarding,one_time,2676.04,133.8,2542.24,Won,20,Yanis F.
SAL001558,CL00125,2025-11-22,Ledger Subscription,subscription,1051.4,105.14,946.26,Won,82,Amine B.
SAL006034,CL00496,2025-11-23,Premium Support,subscription,929.38,0.0,929.38,Won,44,Amine B.
SAL002107,CL00181,2025-11-23,Lex Subscription,subscription,1259.8,0.0,1259.8,Won,27,Sophie L.
SAL003563,CL00298,2025-11-23,Lex Subscription,subscription,928.66,46.43,882.23,Won,65,Sophie L.
SAL002114,CL00182,2025-11-23,Vector Subscription,subscription,2451.41,122.57,2328.84,Won,18,Marie D.
SAL002890,CL00246,2025-11-23,Training & Onboarding,one_time,4013.49,602.02,3411.47,Won,98,Léa M.
SAL000532,CL00054,2025-11-23,Custom Development,one_time,12646.4,0.0,12646.4,Won,65,Léa M.
SAL004925,CL00404,2025-11-23,Lex Subscription,subscription,728.45,36.42,692.03,Won,45,Sophie L.
SAL004418,CL00364,2025-11-23,Custom Development,one_time,40985.28,4098.53,36886.75,Won,72,Yanis F.
SAL004520,CL00373,2025-11-23,Training & Onboarding,one_time,2558.26,0.0,2558.26,Won,46,Léa M.
SAL001914,CL00163,2025-11-23,Vector Subscription,subscription,2489.72,0.0,2489.72,Won,54,Amine B.
SAL000638,CL00060,2025-11-23,Premium Support,subscription,557.94,27.9,530.04,Won,113,Léa M.
SAL005241,CL00427,2025-11-23,Lex Subscription,subscription,1659.01,82.95,1576.06,Won,98,Marie D.
SAL000511,CL00053,2025-11-23,Lex Subscription,subscription,907.31,45.37,861.94,Won,69,Amine B.
SAL001481,CL00123,2025-11-23,Core Premium,subscription,2129.14,0.0,2129.14,Won,29,Yanis F.
SAL001090,CL00092,2025-11-23,Ledger Subscription,subscription,1423.35,0.0,1423.35,Won,57,Marie D.
SAL002647,CL00229,2025-11-23,Core Premium,subscription,6287.12,628.71,5658.41,Won,78,Karim T.
SAL003785,CL00322,2025-11-23,Core Premium,subscription,2979.42,148.97,2830.45,Won,88,Sophie L.
SAL005640,CL00464,2025-11-23,Vector Subscription,subscription,790.77,79.08,711.69,Won,18,Léa M.
SAL000435,CL00045,2025-11-23,Training & Onboarding,one_time,4921.98,738.3,4183.68,Won,24,Sophie L.
SAL003406,CL00288,2025-11-24,Training & Onboarding,one_time,3308.22,661.64,2646.58,Won,15,Sophie L.
SAL003575,CL00300,2025-11-24,Ledger Subscription,subscription,1058.79,0.0,1058.79,Won,66,Léa M.
SAL003447,CL00293,2025-11-24,Premium Support,subscription,573.64,0.0,573.64,Won,42,Karim T.
SAL002892,CL00247,2025-11-25,Lex Subscription,subscription,968.88,48.44,920.44,Won,85,Léa M.
SAL000673,CL00066,2025-11-25,Vector Subscription,subscription,1863.53,0.0,1863.53,Won,71,Marie D.
SAL004213,CL00348,2025-11-25,Core Premium,subscription,4798.19,0.0,4798.19,Won,62,Léa M.
SAL003699,CL00316,2025-11-25,Lex Subscription,subscription,1174.33,0.0,1174.33,Won,88,Marie D.
SAL006050,CL00497,2025-11-25,Lex Subscription,subscription,1008.35,50.42,957.93,Won,13,Karim T.
SAL000501,CL00053,2025-11-25,Ledger Subscription,subscription,688.44,103.27,585.17,Won,11,Amine B.
SAL002005,CL00172,2025-11-25,Vector Subscription,subscription,1773.36,88.67,1684.69,Won,83,Sophie L.
SAL001715,CL00140,2025-11-25,Ledger Subscription,subscription,1290.01,0.0,1290.01,Won,18,Marie D.
SAL001466,CL00122,2025-11-25,Lex Subscription,subscription,764.49,0.0,764.49,Won,40,Marie D.
SAL004800,CL00398,2025-11-25,Lex Subscription,subscription,741.15,74.12,667.03,Won,74,Marie D.
SAL000460,CL00049,2025-11-26,Training & Onboarding,one_time,2384.57,119.23,2265.34,Won,73,Yanis F.
SAL000499,CL00053,2025-11-26,Training & Onboarding,one_time,2575.75,0.0,2575.75,Won,13,Amine B.
SAL002368,CL00205,2025-11-26,Custom Development,one_time,27677.61,0.0,27677.61,Won,31,Amine B.
SAL004223,CL00348,2025-11-26,Vector Subscription,subscription,1061.46,159.22,902.24,Won,15,Léa M.
SAL000259,CL00027,2025-11-26,Core Premium,subscription,2631.66,131.58,2500.08,Won,81,Amine B.
SAL002563,CL00222,2025-11-26,Lex Subscription,subscription,963.18,0.0,963.18,Won,71,Léa M.
SAL001281,CL00108,2025-11-26,Premium Support,subscription,297.03,0.0,297.03,Won,87,Sophie L.
SAL002378,CL00205,2025-11-27,Vector Subscription,subscription,1476.67,0.0,1476.67,Won,82,Amine B.
SAL004496,CL00371,2025-11-27,Training & Onboarding,one_time,4359.88,0.0,4359.88,Won,45,Léa M.
SAL005186,CL00424,2025-11-27,Training & Onboarding,one_time,2351.49,0.0,2351.49,Won,20,Karim T.
SAL002841,CL00242,2025-11-27,Training & Onboarding,one_time,2280.29,0.0,2280.29,Won,53,Marie D.
SAL002756,CL00239,2025-11-27,Premium Support,subscription,929.09,185.82,743.27,Won,8,Yanis F.
SAL002278,CL00196,2025-11-27,Core Premium,subscription,6582.23,0.0,6582.23,Won,80,Yanis F.
SAL000175,CL00014,2025-11-27,Vector Subscription,subscription,1297.77,0.0,1297.77,Won,68,Yanis F.
SAL005747,CL00476,2025-11-27,Core Premium,subscription,5502.51,550.25,4952.26,Won,16,Amine B.
SAL001691,CL00136,2025-11-27,Premium Support,subscription,510.4,25.52,484.88,Won,30,Karim T.
SAL002737,CL00238,2025-11-27,Training & Onboarding,one_time,1774.17,0.0,1774.17,Won,14,Sophie L.
SAL003080,CL00257,2025-11-27,Ledger Subscription,subscription,833.02,124.95,708.07,Won,88,Sophie L.
SAL002583,CL00222,2025-11-27,Training & Onboarding,one_time,1363.64,0.0,1363.64,Won,59,Léa M.
SAL005389,CL00443,2025-11-27,Lex Subscription,subscription,556.5,0.0,556.5,Won,86,Sophie L.
SAL001227,CL00107,2025-11-27,Ledger Subscription,subscription,961.49,96.15,865.34,Won,59,Yanis F.
SAL005460,CL00449,2025-11-27,Vector Subscription,subscription,1634.62,0.0,1634.62,Won,33,Sophie L.
SAL001806,CL00149,2025-11-27,Training & Onboarding,one_time,4462.16,0.0,4462.16,Won,22,Karim T.
SAL003943,CL00334,2025-11-28,Core Premium,subscription,4886.19,732.93,4153.26,Won,44,Karim T.
SAL000043,CL00005,2025-11-28,Custom Development,one_time,30053.21,1502.66,28550.55,Won,115,Léa M.
SAL004445,CL00366,2025-11-28,Training & Onboarding,one_time,4123.25,0.0,4123.25,Won,69,Sophie L.
SAL005297,CL00434,2025-11-28,Ledger Subscription,subscription,1130.42,0.0,1130.42,Won,83,Marie D.
SAL005409,CL00445,2025-11-28,Custom Development,one_time,19940.51,2991.08,16949.43,Won,24,Karim T.
SAL002672,CL00234,2025-11-28,Premium Support,subscription,383.85,0.0,383.85,Won,61,Léa M.
SAL005699,CL00470,2025-11-28,Lex Subscription,subscription,614.37,0.0,614.37,Won,54,Marie D.
SAL001669,CL00134,2025-11-28,Premium Support,subscription,910.51,0.0,910.51,Won,7,Amine B.
SAL000987,CL00084,2025-11-28,Vector Subscription,subscription,1617.02,80.85,1536.17,Won,77,Karim T.
SAL002666,CL00233,2025-11-29,Lex Subscription,subscription,569.59,28.48,541.11,Won,39,Marie D.
SAL004057,CL00340,2025-11-29,Core Premium,subscription,3583.44,179.17,3404.27,Won,80,Sophie L.
SAL004709,CL00388,2025-11-29,Custom Development,one_time,18083.33,0.0,18083.33,Won,36,Léa M.
SAL005844,CL00480,2025-11-29,Core Premium,subscription,4058.89,202.94,3855.95,Won,41,Marie D.
SAL002857,CL00243,2025-11-29,Vector Subscription,subscription,3010.78,150.54,2860.24,Won,9,Léa M.
SAL002515,CL00220,2025-11-29,Core Premium,subscription,3842.47,192.12,3650.35,Won,17,Amine B.
SAL001850,CL00153,2025-11-29,Ledger Subscription,subscription,1599.94,159.99,1439.95,Won,34,Yanis F.
SAL001632,CL00132,2025-11-29,Premium Support,subscription,599.2,0.0,599.2,Won,54,Karim T.
SAL004736,CL00393,2025-11-29,Custom Development,one_time,35763.52,0.0,35763.52,Won,40,Sophie L.
SAL004547,CL00375,2025-11-30,Lex Subscription,subscription,1929.64,192.96,1736.68,Won,63,Sophie L.
SAL005915,CL00485,2025-11-30,Ledger Subscription,subscription,767.47,0.0,767.47,Won,71,Karim T.
SAL000438,CL00046,2025-11-30,Premium Support,subscription,604.55,0.0,604.55,Won,10,Sophie L.
SAL005569,CL00458,2025-11-30,Ledger Subscription,subscription,576.42,0.0,576.42,Won,24,Karim T.
SAL000776,CL00072,2025-12-01,Custom Development,one_time,15596.69,0.0,15596.69,Won,50,Yanis F.
SAL004989,CL00408,2025-12-01,Core Premium,subscription,2190.69,0.0,2190.69,Won,80,Karim T.
SAL003214,CL00275,2025-12-01,Custom Development,one_time,10530.02,0.0,10530.02,Won,45,Amine B.
SAL005354,CL00440,2025-12-01,Premium Support,subscription,375.28,0.0,375.28,Won,83,Karim T.
SAL003154,CL00266,2025-12-01,Core Premium,subscription,3050.76,152.54,2898.22,Won,72,Marie D.
SAL002700,CL00235,2025-12-01,Ledger Subscription,subscription,674.04,101.11,572.93,Won,55,Yanis F.
SAL000578,CL00055,2025-12-01,Ledger Subscription,subscription,390.84,0.0,390.84,Won,32,Karim T.
SAL005911,CL00485,2025-12-01,Custom Development,one_time,4935.32,0.0,4935.32,Won,10,Karim T.
SAL002228,CL00193,2025-12-01,Vector Subscription,subscription,802.88,40.14,762.74,Won,22,Karim T.
SAL003894,CL00330,2025-12-01,Ledger Subscription,subscription,526.6,0.0,526.6,Won,36,Léa M.
SAL001845,CL00152,2025-12-01,Ledger Subscription,subscription,629.89,0.0,629.89,Won,70,Karim T.
SAL002687,CL00235,2025-12-01,Core Premium,subscription,2875.29,0.0,2875.29,Won,14,Yanis F.
SAL001026,CL00086,2025-12-01,Custom Development,one_time,15925.32,2388.8,13536.52,Won,76,Marie D.
SAL000389,CL00038,2025-12-01,Vector Subscription,subscription,938.65,0.0,938.65,Won,31,Yanis F.
SAL000327,CL00030,2025-12-02,Vector Subscription,subscription,1529.19,0.0,1529.19,Won,67,Karim T.
SAL000962,CL00081,2025-12-02,Training & Onboarding,one_time,2359.17,117.96,2241.21,Won,67,Léa M.
SAL001488,CL00123,2025-12-02,Premium Support,subscription,325.25,0.0,325.25,Won,100,Yanis F.
SAL003411,CL00288,2025-12-02,Training & Onboarding,one_time,2758.57,137.93,2620.64,Won,15,Sophie L.
SAL003233,CL00276,2025-12-02,Custom Development,one_time,14165.47,0.0,14165.47,Won,76,Amine B.
SAL003480,CL00294,2025-12-02,Vector Subscription,subscription,1031.18,0.0,1031.18,Won,41,Amine B.
SAL001351,CL00116,2025-12-02,Ledger Subscription,subscription,315.06,0.0,315.06,Won,74,Yanis F.
SAL001842,CL00152,2025-12-02,Custom Development,one_time,11308.24,1130.82,10177.42,Won,48,Karim T.
SAL001640,CL00133,2025-12-03,Premium Support,subscription,332.93,0.0,332.93,Won,10,Sophie L.
SAL000302,CL00029,2025-12-03,Core Premium,subscription,1644.91,82.25,1562.66,Won,10,Marie D.
SAL003983,CL00335,2025-12-03,Custom Development,one_time,17384.41,0.0,17384.41,Won,112,Léa M.
SAL006005,CL00494,2025-12-03,Core Premium,subscription,3525.61,0.0,3525.61,Won,49,Amine B.
SAL001840,CL00152,2025-12-03,Training & Onboarding,one_time,2631.16,0.0,2631.16,Won,20,Karim T.
SAL001396,CL00119,2025-12-03,Vector Subscription,subscription,460.43,0.0,460.43,Won,84,Karim T.
SAL004028,CL00337,2025-12-03,Premium Support,subscription,180.25,9.01,171.24,Won,80,Marie D.
SAL005170,CL00423,2025-12-03,Ledger Subscription,subscription,863.65,129.55,734.1,Won,41,Marie D.
SAL003165,CL00266,2025-12-03,Lex Subscription,subscription,552.51,27.63,524.88,Won,44,Marie D.
SAL002885,CL00246,2025-12-03,Core Premium,subscription,3387.77,0.0,3387.77,Won,53,Léa M.
SAL004316,CL00355,2025-12-04,Lex Subscription,subscription,918.36,183.67,734.69,Won,86,Marie D.
SAL000688,CL00067,2025-12-04,Training & Onboarding,one_time,1612.47,0.0,1612.47,Won,71,Karim T.
SAL004510,CL00372,2025-12-04,Core Premium,subscription,2613.14,0.0,2613.14,Won,34,Yanis F.
SAL001564,CL00126,2025-12-04,Lex Subscription,subscription,747.43,74.74,672.69,Won,81,Léa M.
SAL000442,CL00047,2025-12-05,Premium Support,subscription,274.62,13.73,260.89,Won,28,Amine B.
SAL002234,CL00193,2025-12-05,Vector Subscription,subscription,750.59,75.06,675.53,Won,115,Karim T.
SAL002595,CL00223,2025-12-05,Training & Onboarding,one_time,2291.31,229.13,2062.18,Won,7,Karim T.
SAL002631,CL00226,2025-12-05,Ledger Subscription,subscription,295.19,14.76,280.43,Won,94,Yanis F.
SAL005739,CL00475,2025-12-05,Lex Subscription,subscription,414.41,0.0,414.41,Won,29,Sophie L.
SAL000935,CL00079,2025-12-05,Premium Support,subscription,455.19,0.0,455.19,Won,23,Yanis F.
SAL005566,CL00458,2025-12-05,Lex Subscription,subscription,328.46,65.69,262.77,Won,71,Karim T.
SAL003492,CL00294,2025-12-05,Core Premium,subscription,1742.62,87.13,1655.49,Won,66,Amine B.
SAL000141,CL00012,2025-12-05,Core Premium,subscription,1596.32,159.63,1436.69,Won,41,Yanis F.
SAL005006,CL00410,2025-12-05,Premium Support,subscription,219.47,0.0,219.47,Won,63,Léa M.
SAL003189,CL00271,2025-12-05,Training & Onboarding,one_time,778.58,77.86,700.72,Won,9,Yanis F.
SAL004031,CL00337,2025-12-05,Custom Development,one_time,9488.66,1423.3,8065.36,Won,68,Marie D.
SAL003628,CL00303,2025-12-05,Custom Development,one_time,8887.43,0.0,8887.43,Won,32,Karim T.
SAL005523,CL00455,2025-12-05,Core Premium,subscription,1591.72,238.76,1352.96,Won,23,Sophie L.
SAL001202,CL00104,2025-12-06,Lex Subscription,subscription,1015.44,203.09,812.35,Won,15,Sophie L.
SAL003459,CL00293,2025-12-06,Custom Development,one_time,8896.91,0.0,8896.91,Won,104,Karim T.
SAL003738,CL00318,2025-12-06,Training & Onboarding,one_time,1047.91,0.0,1047.91,Won,55,Yanis F.
SAL002313,CL00201,2025-12-06,Lex Subscription,subscription,821.78,0.0,821.78,Won,71,Sophie L.
SAL004070,CL00341,2025-12-06,Training & Onboarding,one_time,1290.82,0.0,1290.82,Won,73,Karim T.
SAL000790,CL00073,2025-12-06,Ledger Subscription,subscription,290.51,0.0,290.51,Won,23,Yanis F.
SAL004377,CL00360,2025-12-06,Premium Support,subscription,497.98,49.8,448.18,Won,42,Karim T.
SAL000189,CL00017,2025-12-06,Lex Subscription,subscription,1049.68,0.0,1049.68,Won,40,Karim T.
SAL005358,CL00441,2025-12-07,Core Premium,subscription,2947.59,442.14,2505.45,Won,50,Sophie L.
SAL002738,CL00238,2025-12-07,Premium Support,subscription,312.79,0.0,312.79,Won,61,Sophie L.
SAL000239,CL00022,2025-12-07,Vector Subscription,subscription,469.96,0.0,469.96,Won,94,Sophie L.
SAL002606,CL00224,2025-12-07,Lex Subscription,subscription,618.99,0.0,618.99,Won,37,Karim T.
SAL003211,CL00274,2025-12-07,Lex Subscription,subscription,910.65,0.0,910.65,Won,79,Marie D.
SAL003089,CL00260,2025-12-07,Training & Onboarding,one_time,889.39,0.0,889.39,Won,27,Yanis F.
SAL003688,CL00313,2025-12-07,Ledger Subscription,subscription,603.1,0.0,603.1,Won,25,Yanis F.
SAL005628,CL00463,2025-12-07,Premium Support,subscription,445.77,44.58,401.19,Won,60,Karim T.
SAL002289,CL00199,2025-12-07,Vector Subscription,subscription,1137.51,0.0,1137.51,Won,41,Yanis F.
SAL003103,CL00262,2025-12-08,Vector Subscription,subscription,1027.41,102.74,924.67,Won,74,Yanis F.
SAL001623,CL00132,2025-12-08,Custom Development,one_time,5064.9,253.25,4811.65,Won,79,Karim T.
SAL003169,CL00267,2025-12-08,Ledger Subscription,subscription,783.52,39.18,744.34,Won,30,Léa M.
SAL003281,CL00278,2025-12-08,Ledger Subscription,subscription,539.42,0.0,539.42,Won,52,Yanis F.
SAL000416,CL00043,2025-12-08,Ledger Subscription,subscription,791.25,0.0,791.25,Won,43,Marie D.
SAL004712,CL00389,2025-12-08,Custom Development,one_time,17206.68,2581.0,14625.68,Won,20,Amine B.
SAL000437,CL00046,2025-12-08,Premium Support,subscription,318.86,0.0,318.86,Won,42,Sophie L.
SAL004959,CL00406,2025-12-09,Vector Subscription,subscription,1234.9,246.98,987.92,Won,80,Yanis F.
SAL001513,CL00124,2025-12-09,Training & Onboarding,one_time,1198.85,179.83,1019.02,Won,43,Sophie L.
SAL003207,CL00273,2025-12-09,Vector Subscription,subscription,1004.02,100.4,903.62,Won,86,Marie D.
SAL002949,CL00252,2025-12-09,Premium Support,subscription,467.45,46.74,420.71,Won,27,Marie D.
SAL002154,CL00186,2025-12-09,Premium Support,subscription,176.43,0.0,176.43,Won,24,Amine B.
SAL001565,CL00126,2025-12-09,Training & Onboarding,one_time,2027.14,0.0,2027.14,Won,58,Léa M.
SAL001065,CL00088,2025-12-09,Ledger Subscription,subscription,354.94,53.24,301.7,Won,86,Amine B.
SAL003144,CL00265,2025-12-09,Training & Onboarding,one_time,1036.97,155.55,881.42,Won,64,Marie D.
SAL004807,CL00399,2025-12-09,Ledger Subscription,subscription,659.06,0.0,659.06,Won,94,Léa M.
SAL002996,CL00255,2025-12-09,Premium Support,subscription,573.79,0.0,573.79,Won,64,Marie D.
SAL000309,CL00029,2025-12-09,Training & Onboarding,one_time,1678.89,0.0,1678.89,Won,69,Marie D.
SAL000411,CL00043,2025-12-10,Custom Development,one_time,20342.33,2034.23,18308.1,Won,77,Marie D.
SAL003877,CL00330,2025-12-10,Premium Support,subscription,490.25,0.0,490.25,Won,38,Léa M.
SAL004873,CL00401,2025-12-10,Core Premium,subscription,3349.62,334.96,3014.66,Won,95,Amine B.
SAL005677,CL00468,2025-12-10,Custom Development,one_time,19711.42,0.0,19711.42,Won,87,Yanis F.
SAL003621,CL00303,2025-12-10,Premium Support,subscription,504.45,100.89,403.56,Won,77,Karim T.
SAL001889,CL00161,2025-12-10,Lex Subscription,subscription,1040.29,0.0,1040.29,Won,77,Sophie L.
SAL004262,CL00351,2025-12-10,Ledger Subscription,subscription,614.53,30.73,583.8,Won,31,Léa M.
SAL002739,CL00238,2025-12-10,Custom Development,one_time,14936.3,0.0,14936.3,Won,53,Sophie L.
SAL002711,CL00236,2025-12-10,Vector Subscription,subscription,1259.18,125.92,1133.26,Won,50,Yanis F.
SAL003041,CL00256,2025-12-10,Premium Support,subscription,526.93,0.0,526.93,Won,65,Sophie L.
SAL004407,CL00364,2025-12-10,Vector Subscription,subscription,1779.64,355.93,1423.71,Won,31,Yanis F.
SAL000181,CL00014,2025-12-11,Ledger Subscription,subscription,306.49,0.0,306.49,Won,22,Yanis F.
SAL000207,CL00019,2025-12-11,Premium Support,subscription,237.81,0.0,237.81,Won,73,Sophie L.
SAL003228,CL00276,2025-12-11,Premium Support,subscription,476.28,0.0,476.28,Won,10,Amine B.
SAL005537,CL00455,2025-12-11,Core Premium,subscription,2392.2,0.0,2392.2,Won,39,Sophie L.
SAL002866,CL00244,2025-12-11,Training & Onboarding,one_time,800.29,0.0,800.29,Won,51,Amine B.
SAL005103,CL00419,2025-12-11,Custom Development,one_time,9700.97,1940.19,7760.78,Won,55,Sophie L.
SAL001860,CL00154,2025-12-11,Custom Development,one_time,4066.74,813.35,3253.39,Won,90,Marie D.
SAL005949,CL00487,2025-12-11,Core Premium,subscription,2826.93,141.35,2685.58,Won,82,Yanis F.
SAL006011,CL00494,2025-12-11,Ledger Subscription,subscription,672.1,134.42,537.68,Won,77,Amine B.
SAL004456,CL00367,2025-12-11,Ledger Subscription,subscription,826.45,41.32,785.13,Won,73,Karim T.
SAL004455,CL00367,2025-12-11,Ledger Subscription,subscription,349.51,52.43,297.08,Won,17,Karim T.
SAL002682,CL00235,2025-12-11,Custom Development,one_time,8707.06,870.71,7836.35,Won,49,Yanis F.
SAL000901,CL00078,2025-12-11,Training & Onboarding,one_time,2109.03,0.0,2109.03,Won,63,Yanis F.
SAL002185,CL00189,2025-12-11,Premium Support,subscription,256.23,0.0,256.23,Won,27,Sophie L.
SAL003709,CL00316,2025-12-11,Custom Development,one_time,8307.71,0.0,8307.71,Won,84,Marie D.
SAL002909,CL00250,2025-12-11,Ledger Subscription,subscription,745.35,74.53,670.82,Won,88,Léa M.
SAL003818,CL00326,2025-12-11,Ledger Subscription,subscription,295.01,0.0,295.01,Won,33,Karim T.
SAL002633,CL00226,2025-12-11,Training & Onboarding,one_time,835.12,0.0,835.12,Won,54,Yanis F.
SAL002088,CL00178,2025-12-11,Training & Onboarding,one_time,1829.01,0.0,1829.01,Won,27,Karim T.
SAL001912,CL00163,2025-12-12,Core Premium,subscription,1101.22,165.18,936.04,Won,69,Amine B.
SAL003826,CL00328,2025-12-12,Premium Support,subscription,253.26,0.0,253.26,Won,26,Yanis F.
SAL001024,CL00086,2025-12-12,Lex Subscription,subscription,996.23,99.62,896.61,Won,39,Marie D.
SAL001522,CL00124,2025-12-12,Premium Support,subscription,432.21,0.0,432.21,Won,87,Sophie L.
SAL000216,CL00020,2025-12-12,Premium Support,subscription,294.5,14.73,279.77,Won,69,Sophie L.
SAL004403,CL00363,2025-12-12,Lex Subscription,subscription,554.76,27.74,527.02,Won,33,Karim T.
SAL004920,CL00404,2025-12-12,Lex Subscription,subscription,468.29,0.0,468.29,Won,35,Sophie L.
SAL001409,CL00121,2025-12-12,Core Premium,subscription,3481.28,174.06,3307.22,Won,69,Amine B.
SAL004295,CL00355,2025-12-12,Custom Development,one_time,6670.95,1000.64,5670.31,Won,32,Marie D.
SAL004394,CL00362,2025-12-12,Ledger Subscription,subscription,822.22,0.0,822.22,Won,76,Léa M.
SAL003361,CL00283,2025-12-13,Premium Support,subscription,216.74,32.51,184.23,Won,30,Yanis F.
SAL003930,CL00332,2025-12-13,Custom Development,one_time,11675.59,0.0,11675.59,Won,26,Amine B.
SAL003317,CL00281,2025-12-13,Training & Onboarding,one_time,1071.18,160.68,910.5,Won,20,Amine B.
SAL003696,CL00314,2025-12-13,Training & Onboarding,one_time,2321.27,0.0,2321.27,Won,88,Léa M.
SAL001751,CL00144,2025-12-13,Ledger Subscription,subscription,530.08,0.0,530.08,Won,60,Léa M.
SAL000767,CL00071,2025-12-13,Lex Subscription,subscription,317.99,31.8,286.19,Won,106,Léa M.
SAL000303,CL00029,2025-12-13,Custom Development,one_time,20494.91,0.0,20494.91,Won,36,Marie D.
SAL003599,CL00302,2025-12-13,Lex Subscription,subscription,1046.46,0.0,1046.46,Won,86,Karim T.
SAL001656,CL00133,2025-12-13,Vector Subscription,subscription,737.14,73.71,663.43,Won,12,Sophie L.
SAL000669,CL00065,2025-12-14,Core Premium,subscription,2933.59,440.04,2493.55,Won,15,Karim T.
SAL001654,CL00133,2025-12-14,Ledger Subscription,subscription,616.84,0.0,616.84,Won,62,Sophie L.
SAL001890,CL00161,2025-12-14,Core Premium,subscription,2716.75,135.84,2580.91,Won,86,Sophie L.
SAL001582,CL00128,2025-12-14,Training & Onboarding,one_time,1012.48,50.62,961.86,Won,15,Léa M.
SAL006022,CL00494,2025-12-14,Training & Onboarding,one_time,1170.7,58.53,1112.17,Won,78,Amine B.
SAL000832,CL00074,2025-12-14,Training & Onboarding,one_time,1997.11,199.71,1797.4,Won,69,Léa M.
SAL001312,CL00111,2025-12-14,Custom Development,one_time,21435.79,0.0,21435.79,Won,22,Sophie L.
SAL001713,CL00140,2025-12-14,Ledger Subscription,subscription,336.11,0.0,336.11,Won,51,Marie D.
SAL001004,CL00085,2025-12-14,Ledger Subscription,subscription,351.25,52.69,298.56,Won,43,Marie D.
SAL001077,CL00090,2025-12-14,Lex Subscription,subscription,881.96,132.29,749.67,Won,84,Marie D.
SAL005833,CL00480,2025-12-14,Training & Onboarding,one_time,2240.35,0.0,2240.35,Won,67,Marie D.
SAL006090,CL00498,2025-12-14,Custom Development,one_time,6761.77,338.09,6423.68,Won,59,Léa M.
SAL004854,CL00399,2025-12-14,Custom Development,one_time,18716.78,2807.52,15909.26,Won,60,Léa M.
SAL002775,CL00240,2025-12-14,Vector Subscription,subscription,1093.2,109.32,983.88,Won,16,Léa M.
SAL004695,CL00387,2025-12-15,Training & Onboarding,one_time,3193.75,159.69,3034.06,Won,50,Amine B.
SAL000304,CL00029,2025-12-15,Lex Subscription,subscription,1062.42,53.12,1009.3,Won,57,Marie D.
SAL002016,CL00174,2025-12-15,Premium Support,subscription,176.24,0.0,176.24,Won,12,Karim T.
SAL004443,CL00366,2025-12-15,Custom Development,one_time,11853.57,592.68,11260.89,Won,25,Sophie L.
SAL002610,CL00225,2025-12-15,Custom Development,one_time,13607.54,0.0,13607.54,Won,44,Karim T.
SAL004902,CL00403,2025-12-15,Core Premium,subscription,3453.85,0.0,3453.85,Won,45,Léa M.
SAL003980,CL00335,2025-12-15,Training & Onboarding,one_time,1860.86,186.09,1674.77,Won,34,Léa M.
SAL003557,CL00298,2025-12-15,Training & Onboarding,one_time,1414.86,0.0,1414.86,Won,93,Sophie L.
SAL003567,CL00299,2025-12-16,Lex Subscription,subscription,544.95,0.0,544.95,Won,54,Amine B.
SAL001398,CL00119,2025-12-16,Lex Subscription,subscription,820.19,41.01,779.18,Won,66,Karim T.
SAL003566,CL00299,2025-12-16,Core Premium,subscription,1887.76,94.39,1793.37,Won,66,Amine B.
SAL000990,CL00084,2025-12-16,Training & Onboarding,one_time,2273.03,0.0,2273.03,Won,76,Karim T.
SAL001100,CL00093,2025-12-16,Training & Onboarding,one_time,2172.93,0.0,2172.93,Won,7,Karim T.
SAL003618,CL00303,2025-12-16,Custom Development,one_time,20347.16,0.0,20347.16,Won,105,Karim T.
SAL002947,CL00252,2025-12-16,Premium Support,subscription,408.36,81.67,326.69,Won,11,Marie D.
SAL005782,CL00479,2025-12-16,Core Premium,subscription,1804.29,180.43,1623.86,Won,91,Yanis F.
SAL003259,CL00277,2025-12-16,Custom Development,one_time,17339.36,2600.9,14738.46,Won,40,Léa M.
SAL002742,CL00238,2025-12-17,Ledger Subscription,subscription,713.8,107.07,606.73,Won,17,Sophie L.
SAL000831,CL00074,2025-12-17,Lex Subscription,subscription,978.53,0.0,978.53,Won,13,Léa M.
SAL005637,CL00463,2025-12-17,Vector Subscription,subscription,535.7,107.14,428.56,Won,46,Karim T.
SAL000757,CL00071,2025-12-17,Ledger Subscription,subscription,816.34,0.0,816.34,Won,111,Léa M.
SAL005657,CL00465,2025-12-17,Premium Support,subscription,314.96,31.5,283.46,Won,15,Marie D.
SAL003626,CL00303,2025-12-17,Training & Onboarding,one_time,2441.98,0.0,2441.98,Won,22,Karim T.
SAL002771,CL00240,2025-12-17,Premium Support,subscription,469.47,23.47,446.0,Won,80,Léa M.
SAL000635,CL00060,2025-12-17,Vector Subscription,subscription,739.1,0.0,739.1,Won,46,Léa M.
SAL002471,CL00215,2025-12-17,Lex Subscription,subscription,758.05,0.0,758.05,Won,87,Sophie L.
SAL002001,CL00172,2025-12-17,Premium Support,subscription,264.4,0.0,264.4,Won,77,Sophie L.
SAL004731,CL00390,2025-12-17,Training & Onboarding,one_time,2321.58,348.24,1973.34,Won,105,Amine B.
SAL001758,CL00144,2025-12-17,Core Premium,subscription,1422.59,71.13,1351.46,Won,28,Léa M.
SAL004597,CL00380,2025-12-17,Training & Onboarding,one_time,2037.86,203.79,1834.07,Won,27,Léa M.
SAL003081,CL00258,2025-12-17,Ledger Subscription,subscription,576.58,0.0,576.58,Won,88,Sophie L.
SAL004019,CL00335,2025-12-17,Training & Onboarding,one_time,849.35,84.93,764.42,Won,98,Léa M.
SAL002985,CL00255,2025-12-17,Core Premium,subscription,2667.87,0.0,2667.87,Won,32,Marie D.
SAL002933,CL00251,2025-12-17,Lex Subscription,subscription,324.0,0.0,324.0,Won,16,Sophie L.
SAL003282,CL00278,2025-12-17,Lex Subscription,subscription,324.02,0.0,324.02,Won,68,Yanis F.
SAL004874,CL00401,2025-12-17,Core Premium,subscription,3420.61,171.03,3249.58,Won,28,Amine B.
SAL000368,CL00034,2025-12-17,Custom Development,one_time,18515.33,2777.3,15738.03,Won,41,Amine B.
SAL000812,CL00073,2025-12-18,Ledger Subscription,subscription,653.91,32.7,621.21,Won,53,Yanis F.
SAL003720,CL00317,2025-12-18,Custom Development,one_time,10576.89,1057.69,9519.2,Won,39,Amine B.
SAL000760,CL00071,2025-12-18,Training & Onboarding,one_time,2450.2,0.0,2450.2,Won,87,Léa M.
SAL006020,CL00494,2025-12-18,Training & Onboarding,one_time,986.56,147.98,838.58,Won,29,Amine B.
SAL001158,CL00101,2025-12-18,Lex Subscription,subscription,469.28,46.93,422.35,Won,53,Karim T.
SAL004710,CL00388,2025-12-18,Core Premium,subscription,2146.08,107.3,2038.78,Won,42,Léa M.
SAL001478,CL00123,2025-12-18,Vector Subscription,subscription,726.23,145.25,580.98,Won,63,Yanis F.
SAL005357,CL00440,2025-12-19,Vector Subscription,subscription,550.26,110.05,440.21,Won,85,Karim T.
SAL000782,CL00073,2025-12-19,Custom Development,one_time,9717.94,1457.69,8260.25,Won,107,Yanis F.
SAL001188,CL00103,2025-12-19,Premium Support,subscription,571.35,0.0,571.35,Won,92,Sophie L.
SAL001945,CL00168,2025-12-19,Ledger Subscription,subscription,254.8,12.74,242.06,Won,54,Yanis F.
SAL002522,CL00220,2025-12-19,Training & Onboarding,one_time,1932.92,0.0,1932.92,Won,15,Amine B.
SAL001507,CL00123,2025-12-19,Custom Development,one_time,16847.21,0.0,16847.21,Won,75,Yanis F.
SAL004033,CL00337,2025-12-19,Vector Subscription,subscription,374.06,0.0,374.06,Won,33,Marie D.
SAL002021,CL00174,2025-12-20,Lex Subscription,subscription,869.17,130.38,738.79,Won,74,Karim T.
SAL000634,CL00060,2025-12-20,Lex Subscription,subscription,935.17,93.52,841.65,Won,115,Léa M.
SAL005379,CL00442,2025-12-20,Training & Onboarding,one_time,1774.66,177.47,1597.19,Won,40,Yanis F.
SAL002582,CL00222,2025-12-20,Custom Development,one_time,13597.04,2039.56,11557.48,Won,57,Léa M.
SAL004794,CL00398,2025-12-20,Vector Subscription,subscription,898.56,89.86,808.7,Won,38,Marie D.
SAL005352,CL00439,2025-12-20,Vector Subscription,subscription,1153.22,0.0,1153.22,Won,72,Sophie L.
SAL000772,CL00071,2025-12-20,Lex Subscription,subscription,854.64,42.73,811.91,Won,97,Léa M.
SAL004545,CL00375,2025-12-21,Ledger Subscription,subscription,762.14,0.0,762.14,Won,78,Sophie L.
SAL002058,CL00178,2025-12-21,Core Premium,subscription,3164.89,0.0,3164.89,Won,67,Karim T.
SAL000458,CL00049,2025-12-21,Custom Development,one_time,15786.02,0.0,15786.02,Won,63,Yanis F.
SAL004159,CL00347,2025-12-21,Premium Support,subscription,152.75,0.0,152.75,Won,111,Karim T.
SAL001242,CL00107,2025-12-21,Custom Development,one_time,7628.2,1144.23,6483.97,Won,53,Yanis F.
SAL001548,CL00125,2025-12-21,Custom Development,one_time,20601.84,0.0,20601.84,Won,107,Amine B.
SAL003093,CL00260,2025-12-21,Training & Onboarding,one_time,1065.74,0.0,1065.74,Won,54,Yanis F.
SAL000209,CL00019,2025-12-21,Ledger Subscription,subscription,381.31,38.13,343.18,Won,59,Sophie L.
SAL005419,CL00446,2025-12-21,Premium Support,subscription,518.64,0.0,518.64,Won,11,Yanis F.
SAL002209,CL00190,2025-12-21,Vector Subscription,subscription,590.47,88.57,501.9,Won,7,Marie D.
SAL005227,CL00427,2025-12-21,Training & Onboarding,one_time,1584.12,0.0,1584.12,Won,43,Marie D.
SAL003449,CL00293,2025-12-21,Core Premium,subscription,2646.92,0.0,2646.92,Won,74,Karim T.
SAL004062,CL00340,2025-12-21,Core Premium,subscription,3116.23,0.0,3116.23,Won,22,Sophie L.
SAL001020,CL00086,2025-12-21,Training & Onboarding,one_time,2260.64,0.0,2260.64,Won,67,Marie D.
SAL005847,CL00480,2025-12-21,Ledger Subscription,subscription,516.17,51.62,464.55,Won,47,Marie D.
SAL004457,CL00367,2025-12-21,Custom Development,one_time,6631.23,0.0,6631.23,Won,68,Karim T.
SAL004548,CL00375,2025-12-21,Lex Subscription,subscription,516.54,0.0,516.54,Won,87,Sophie L.
SAL003242,CL00276,2025-12-21,Training & Onboarding,one_time,1554.38,0.0,1554.38,Won,11,Amine B.
SAL005070,CL00417,2025-12-22,Ledger Subscription,subscription,422.09,0.0,422.09,Won,68,Yanis F.
SAL002773,CL00240,2025-12-22,Training & Onboarding,one_time,2125.76,106.29,2019.47,Won,10,Léa M.
SAL004980,CL00407,2025-12-22,Lex Subscription,subscription,543.76,81.56,462.2,Won,36,Karim T.
SAL002446,CL00213,2025-12-22,Vector Subscription,subscription,459.92,0.0,459.92,Won,73,Sophie L.
SAL002387,CL00205,2025-12-22,Premium Support,subscription,326.09,0.0,326.09,Won,23,Amine B.
SAL001884,CL00159,2025-12-22,Training & Onboarding,one_time,992.38,0.0,992.38,Won,28,Sophie L.
SAL004789,CL00397,2025-12-22,Custom Development,one_time,14763.71,738.19,14025.52,Won,27,Yanis F.
SAL001444,CL00121,2025-12-22,Vector Subscription,subscription,616.56,0.0,616.56,Won,80,Amine B.
SAL001334,CL00112,2025-12-22,Core Premium,subscription,1865.22,0.0,1865.22,Won,43,Karim T.
SAL005243,CL00427,2025-12-22,Training & Onboarding,one_time,1290.08,129.01,1161.07,Won,87,Marie D.
SAL001595,CL00130,2025-12-22,Training & Onboarding,one_time,1390.68,208.6,1182.08,Won,116,Marie D.
SAL005099,CL00418,2025-12-22,Core Premium,subscription,2958.18,443.73,2514.45,Won,55,Léa M.
SAL001387,CL00117,2025-12-22,Ledger Subscription,subscription,529.08,0.0,529.08,Won,108,Léa M.
SAL001142,CL00100,2025-12-22,Core Premium,subscription,1685.22,0.0,1685.22,Won,65,Marie D.
SAL004649,CL00384,2025-12-22,Ledger Subscription,subscription,283.41,0.0,283.41,Won,24,Yanis F.
SAL005203,CL00425,2025-12-22,Training & Onboarding,one_time,2629.86,131.49,2498.37,Won,55,Léa M.
SAL000630,CL00060,2025-12-22,Core Premium,subscription,2351.51,235.15,2116.36,Won,36,Léa M.
SAL003191,CL00271,2025-12-23,Lex Subscription,subscription,887.03,0.0,887.03,Won,29,Yanis F.
SAL001254,CL00107,2025-12-23,Vector Subscription,subscription,1101.33,55.07,1046.26,Won,73,Yanis F.
SAL000439,CL00046,2025-12-23,Training & Onboarding,one_time,1927.02,192.7,1734.32,Won,28,Sophie L.
SAL004203,CL00347,2025-12-23,Ledger Subscription,subscription,509.05,0.0,509.05,Won,108,Karim T.
SAL000034,CL00005,2025-12-23,Training & Onboarding,one_time,1182.62,0.0,1182.62,Won,29,Léa M.
SAL001505,CL00123,2025-12-23,Custom Development,one_time,8752.74,0.0,8752.74,Won,105,Yanis F.
SAL005446,CL00448,2025-12-23,Premium Support,subscription,518.6,77.79,440.81,Won,27,Léa M.
SAL000059,CL00008,2025-12-23,Vector Subscription,subscription,495.49,49.55,445.94,Won,101,Karim T.
SAL003235,CL00276,2025-12-23,Custom Development,one_time,4411.54,0.0,4411.54,Won,34,Amine B.
SAL003806,CL00325,2025-12-23,Premium Support,subscription,268.3,0.0,268.3,Won,23,Marie D.
SAL004141,CL00345,2025-12-23,Lex Subscription,subscription,546.22,27.31,518.91,Won,42,Yanis F.
SAL002916,CL00251,2025-12-23,Core Premium,subscription,1760.38,0.0,1760.38,Won,20,Sophie L.
SAL000528,CL00054,2025-12-23,Core Premium,subscription,1850.89,0.0,1850.89,Won,77,Léa M.
SAL000538,CL00054,2025-12-23,Custom Development,one_time,7202.64,360.13,6842.51,Won,74,Léa M.
SAL000047,CL00005,2025-12-23,Training & Onboarding,one_time,2455.62,245.56,2210.06,Won,50,Léa M.
SAL002842,CL00242,2025-12-24,Custom Development,one_time,9871.88,987.19,8884.69,Won,26,Marie D.
SAL005193,CL00424,2025-12-24,Training & Onboarding,one_time,2132.73,213.27,1919.46,Won,57,Karim T.
SAL001764,CL00146,2025-12-24,Custom Development,one_time,3922.03,196.1,3725.93,Won,84,Marie D.
SAL001347,CL00115,2025-12-24,Premium Support,subscription,454.63,68.19,386.44,Won,24,Sophie L.
SAL005679,CL00468,2025-12-24,Custom Development,one_time,11948.88,597.44,11351.44,Won,53,Yanis F.
SAL000557,CL00054,2025-12-24,Ledger Subscription,subscription,388.38,0.0,388.38,Won,22,Léa M.
SAL001475,CL00122,2025-12-24,Custom Development,one_time,19307.22,0.0,19307.22,Won,90,Marie D.
SAL001149,CL00101,2025-12-24,Vector Subscription,subscription,696.23,34.81,661.42,Won,47,Karim T.
SAL000264,CL00027,2025-12-24,Ledger Subscription,subscription,362.95,36.3,326.65,Won,120,Amine B.
SAL001738,CL00143,2025-12-24,Custom Development,one_time,15947.92,3189.58,12758.34,Won,44,Yanis F.
SAL002253,CL00193,2025-12-24,Custom Development,one_time,11423.85,1142.38,10281.47,Won,92,Karim T.
SAL002896,CL00249,2025-12-24,Custom Development,one_time,12955.82,647.79,12308.03,Won,63,Marie D.
SAL004368,CL00360,2025-12-24,Lex Subscription,subscription,917.97,91.8,826.17,Won,30,Karim T.
SAL004733,CL00390,2025-12-24,Vector Subscription,subscription,861.37,0.0,861.37,Won,111,Amine B.
SAL004990,CL00408,2025-12-24,Ledger Subscription,subscription,479.99,0.0,479.99,Won,45,Karim T.
SAL003216,CL00275,2025-12-24,Lex Subscription,subscription,334.59,50.19,284.4,Won,59,Amine B.
SAL000246,CL00024,2025-12-25,Vector Subscription,subscription,1228.34,61.42,1166.92,Won,26,Karim T.
SAL005408,CL00445,2025-12-25,Lex Subscription,subscription,1143.47,114.35,1029.12,Won,68,Karim T.
SAL003571,CL00300,2025-12-25,Vector Subscription,subscription,1425.91,71.3,1354.61,Won,18,Léa M.
SAL004503,CL00371,2025-12-25,Lex Subscription,subscription,1047.4,0.0,1047.4,Won,76,Léa M.
SAL000632,CL00060,2025-12-25,Custom Development,one_time,17660.56,0.0,17660.56,Won,114,Léa M.
SAL000633,CL00060,2025-12-25,Training & Onboarding,one_time,1090.04,163.51,926.53,Won,62,Léa M.
SAL000218,CL00020,2025-12-25,Training & Onboarding,one_time,754.72,37.74,716.98,Won,65,Sophie L.
SAL004588,CL00379,2025-12-25,Core Premium,subscription,2309.74,0.0,2309.74,Won,63,Yanis F.
SAL000408,CL00040,2025-12-25,Premium Support,subscription,286.96,0.0,286.96,Won,43,Amine B.
SAL001462,CL00122,2025-12-25,Ledger Subscription,subscription,559.41,0.0,559.41,Won,15,Marie D.
SAL001901,CL00163,2025-12-25,Lex Subscription,subscription,697.84,0.0,697.84,Won,24,Amine B.
SAL001337,CL00112,2025-12-25,Premium Support,subscription,574.8,0.0,574.8,Won,19,Karim T.
SAL001502,CL00123,2025-12-25,Training & Onboarding,one_time,2091.13,0.0,2091.13,Won,115,Yanis F.
SAL000620,CL00059,2025-12-25,Core Premium,subscription,2464.19,0.0,2464.19,Won,9,Karim T.
SAL004331,CL00356,2025-12-25,Custom Development,one_time,9026.23,0.0,9026.23,Won,82,Léa M.
SAL001349,CL00115,2025-12-25,Custom Development,one_time,13398.25,0.0,13398.25,Won,67,Sophie L.
SAL000723,CL00069,2025-12-26,Core Premium,subscription,3491.9,523.78,2968.12,Won,53,Amine B.
SAL005565,CL00458,2025-12-26,Custom Development,one_time,3932.57,589.89,3342.68,Won,70,Karim T.
SAL000026,CL00003,2025-12-26,Custom Development,one_time,18741.38,0.0,18741.38,Won,37,Karim T.
SAL003569,CL00299,2025-12-26,Core Premium,subscription,2011.57,0.0,2011.57,Won,66,Amine B.
SAL001311,CL00111,2025-12-26,Core Premium,subscription,2975.29,148.76,2826.53,Won,59,Sophie L.
SAL000797,CL00073,2025-12-26,Ledger Subscription,subscription,433.25,0.0,433.25,Won,42,Yanis F.
SAL001537,CL00125,2025-12-26,Custom Development,one_time,19401.46,970.07,18431.39,Won,30,Amine B.
SAL004138,CL00345,2025-12-26,Lex Subscription,subscription,420.47,21.02,399.45,Won,33,Yanis F.
SAL004655,CL00385,2025-12-26,Lex Subscription,subscription,500.32,50.03,450.29,Won,75,Marie D.
SAL003078,CL00257,2025-12-26,Vector Subscription,subscription,1123.87,56.19,1067.68,Won,89,Sophie L.
SAL004555,CL00377,2025-12-26,Core Premium,subscription,2563.7,0.0,2563.7,Won,30,Léa M.
SAL004401,CL00363,2025-12-26,Lex Subscription,subscription,637.66,31.88,605.78,Won,23,Karim T.
SAL001209,CL00104,2025-12-26,Training & Onboarding,one_time,1093.75,54.69,1039.06,Won,42,Sophie L.
SAL000651,CL00061,2025-12-26,Custom Development,one_time,19595.16,979.76,18615.4,Won,10,Sophie L.
SAL005141,CL00422,2025-12-27,Lex Subscription,subscription,676.9,0.0,676.9,Won,115,Sophie L.
SAL000306,CL00029,2025-12-27,Lex Subscription,subscription,822.3,0.0,822.3,Won,72,Marie D.
SAL000146,CL00012,2025-12-27,Training & Onboarding,one_time,2212.24,110.61,2101.63,Won,65,Yanis F.
SAL001556,CL00125,2025-12-27,Core Premium,subscription,2341.14,234.11,2107.03,Won,47,Amine B.
SAL005963,CL00489,2025-12-27,Ledger Subscription,subscription,231.74,0.0,231.74,Won,32,Marie D.
SAL000360,CL00034,2025-12-27,Training & Onboarding,one_time,2114.25,0.0,2114.25,Won,41,Amine B.
SAL002145,CL00185,2025-12-27,Custom Development,one_time,13356.13,0.0,13356.13,Won,70,Yanis F.
SAL004334,CL00356,2025-12-27,Premium Support,subscription,531.63,26.58,505.05,Won,26,Léa M.
SAL005701,CL00470,2025-12-27,Lex Subscription,subscription,408.0,0.0,408.0,Won,13,Marie D.
SAL001568,CL00126,2025-12-27,Vector Subscription,subscription,840.96,0.0,840.96,Won,89,Léa M.
SAL002190,CL00189,2025-12-28,Core Premium,subscription,3331.47,666.29,2665.18,Won,14,Sophie L.
SAL002891,CL00246,2025-12-28,Custom Development,one_time,11045.58,0.0,11045.58,Won,33,Léa M.
SAL002152,CL00186,2025-12-28,Vector Subscription,subscription,696.5,104.48,592.02,Won,54,Amine B.
SAL004186,CL00347,2025-12-28,Custom Development,one_time,10241.58,512.08,9729.5,Won,47,Karim T.
SAL003656,CL00307,2025-12-28,Lex Subscription,subscription,530.18,0.0,530.18,Won,37,Léa M.
SAL003240,CL00276,2025-12-28,Ledger Subscription,subscription,664.0,0.0,664.0,Won,42,Amine B.
SAL002318,CL00201,2025-12-28,Vector Subscription,subscription,551.54,0.0,551.54,Won,64,Sophie L.
SAL000350,CL00033,2025-12-28,Core Premium,subscription,1232.37,0.0,1232.37,Won,76,Karim T.
SAL001583,CL00128,2025-12-28,Lex Subscription,subscription,842.7,42.14,800.56,Won,15,Léa M.
SAL004393,CL00362,2025-12-28,Core Premium,subscription,3389.77,0.0,3389.77,Won,67,Léa M.
SAL003244,CL00276,2025-12-28,Premium Support,subscription,561.09,0.0,561.09,Won,31,Amine B.
SAL000058,CL00008,2025-12-29,Core Premium,subscription,3227.65,0.0,3227.65,Won,21,Karim T.
SAL003421,CL00290,2025-12-29,Lex Subscription,subscription,826.34,0.0,826.34,Won,89,Yanis F.
SAL002657,CL00231,2025-12-29,Custom Development,one_time,6532.19,0.0,6532.19,Won,38,Marie D.
SAL004525,CL00374,2025-12-29,Premium Support,subscription,388.07,0.0,388.07,Won,67,Léa M.
SAL003471,CL00294,2025-12-29,Training & Onboarding,one_time,1717.31,0.0,1717.31,Won,61,Amine B.
SAL001653,CL00133,2025-12-29,Training & Onboarding,one_time,1909.34,0.0,1909.34,Won,32,Sophie L.
SAL005772,CL00477,2025-12-29,Training & Onboarding,one_time,1711.22,0.0,1711.22,Won,27,Sophie L.
SAL003695,CL00313,2025-12-29,Training & Onboarding,one_time,1406.77,140.68,1266.09,Won,39,Yanis F.
SAL005670,CL00466,2025-12-29,Ledger Subscription,subscription,751.77,75.18,676.59,Won,78,Yanis F.
SAL002366,CL00205,2025-12-29,Lex Subscription,subscription,990.18,0.0,990.18,Won,67,Amine B.
SAL002968,CL00253,2025-12-29,Custom Development,one_time,12072.49,0.0,12072.49,Won,45,Yanis F.
SAL002908,CL00250,2025-12-30,Custom Development,one_time,22176.41,3326.46,18849.95,Won,61,Léa M.
SAL000674,CL00066,2025-12-30,Custom Development,one_time,18152.78,0.0,18152.78,Won,65,Marie D.
SAL004034,CL00337,2025-12-30,Vector Subscription,subscription,1062.85,0.0,1062.85,Won,24,Marie D.
SAL001737,CL00143,2025-12-30,Custom Development,one_time,21051.57,1052.58,19998.99,Won,65,Yanis F.
SAL000434,CL00045,2025-12-30,Premium Support,subscription,470.56,47.06,423.5,Won,62,Sophie L.
SAL002989,CL00255,2025-12-30,Vector Subscription,subscription,1219.66,121.97,1097.69,Won,116,Marie D.
SAL000326,CL00030,2025-12-30,Ledger Subscription,subscription,1004.34,0.0,1004.34,Won,55,Karim T.
SAL001013,CL00085,2025-12-31,Vector Subscription,subscription,450.95,67.64,383.31,Won,63,Marie D.
SAL004907,CL00403,2025-12-31,Ledger Subscription,subscription,217.25,32.59,184.66,Won,64,Léa M.
SAL002214,CL00191,2025-12-31,Lex Subscription,subscription,690.61,69.06,621.55,Won,44,Yanis F.
SAL001836,CL00151,2025-12-31,Lex Subscription,subscription,468.55,0.0,468.55,Won,41,Marie D.
SAL005324,CL00438,2025-12-31,Custom Development,one_time,16272.0,0.0,16272.0,Won,59,Karim T.
SAL001893,CL00161,2025-12-31,Custom Development,one_time,13400.36,1340.04,12060.32,Won,38,Sophie L.
SAL004385,CL00361,2025-12-31,Vector Subscription,subscription,1380.72,0.0,1380.72,Won,64,Yanis F.
SAL005255,CL00428,2025-12-31,Vector Subscription,subscription,400.0,0.0,400.0,Won,81,Yanis F.
SAL002000,CL00171,2025-12-31,Training & Onboarding,one_time,1367.25,0.0,1367.25,Won,93,Karim T.
SAL002785,CL00241,2025-12-31,Lex Subscription,subscription,610.67,0.0,610.67,Won,27,Amine B.
SAL002018,CL00174,2025-12-31,Lex Subscription,subscription,508.11,50.81,457.3,Won,88,Karim T.
SAL003018,CL00256,2025-12-31,Custom Development,one_time,7070.55,0.0,7070.55,Won,33,Sophie L.
SAL004725,CL00390,2025-12-31,Training & Onboarding,one_time,958.16,47.91,910.25,Won,99,Amine B.
SAL002566,CL00222,2025-12-31,Lex Subscription,subscription,919.83,0.0,919.83,Won,59,Léa M.
SAL003816,CL00326,2025-12-31,Ledger Subscription,subscription,318.46,0.0,318.46,Won,69,Karim T.
SAL001584,CL00130,2025-12-31,Core Premium,subscription,2977.28,0.0,2977.28,Won,63,Marie D.
SAL004185,CL00347,2026-01-01,Custom Development,one_time,16550.4,3310.08,13240.32,Won,75,Karim T.
SAL003082,CL00258,2026-01-01,Ledger Subscription,subscription,551.62,55.16,496.46,Won,35,Sophie L.
SAL000158,CL00013,2026-01-01,Vector Subscription,subscription,797.17,0.0,797.17,Won,80,Marie D.
SAL004515,CL00373,2026-01-01,Ledger Subscription,subscription,786.32,0.0,786.32,Won,34,Léa M.
SAL001195,CL00103,2026-01-01,Core Premium,subscription,3655.22,365.52,3289.7,Won,58,Sophie L.
SAL002080,CL00178,2026-01-01,Training & Onboarding,one_time,3998.25,0.0,3998.25,Won,89,Karim T.
SAL004082,CL00341,2026-01-01,Core Premium,subscription,2496.35,374.45,2121.9,Won,74,Karim T.
SAL001816,CL00150,2026-01-01,Vector Subscription,subscription,866.89,0.0,866.89,Won,22,Amine B.
SAL001189,CL00103,2026-01-01,Lex Subscription,subscription,724.42,108.66,615.76,Won,81,Sophie L.
SAL002483,CL00217,2026-01-01,Custom Development,one_time,17140.33,857.02,16283.31,Won,52,Amine B.
SAL001059,CL00088,2026-01-01,Vector Subscription,subscription,1592.43,79.62,1512.81,Won,45,Amine B.
SAL001687,CL00136,2026-01-02,Vector Subscription,subscription,2068.52,0.0,2068.52,Won,90,Karim T.
SAL005889,CL00482,2026-01-02,Custom Development,one_time,26018.62,0.0,26018.62,Won,41,Yanis F.
SAL004493,CL00371,2026-01-02,Lex Subscription,subscription,593.24,0.0,593.24,Won,14,Léa M.
SAL003088,CL00260,2026-01-02,Premium Support,subscription,445.65,44.56,401.09,Won,44,Yanis F.
SAL002702,CL00236,2026-01-02,Core Premium,subscription,3753.51,0.0,3753.51,Won,36,Yanis F.
SAL004569,CL00377,2026-01-02,Custom Development,one_time,17872.77,893.64,16979.13,Won,96,Léa M.
SAL002931,CL00251,2026-01-02,Lex Subscription,subscription,843.9,42.19,801.71,Won,26,Sophie L.
SAL005725,CL00472,2026-01-02,Vector Subscription,subscription,945.89,47.29,898.6,Won,82,Léa M.
SAL002345,CL00203,2026-01-02,Custom Development,one_time,13853.1,2077.97,11775.13,Won,60,Karim T.
SAL004791,CL00398,2026-01-03,Vector Subscription,subscription,1933.42,386.68,1546.74,Won,81,Marie D.
SAL002187,CL00189,2026-01-03,Lex Subscription,subscription,1185.54,118.55,1066.99,Won,75,Sophie L.
SAL002260,CL00193,2026-01-03,Training & Onboarding,one_time,1838.81,367.76,1471.05,Won,102,Karim T.
SAL001214,CL00104,2026-01-03,Vector Subscription,subscription,1891.93,189.19,1702.74,Won,38,Sophie L.
SAL004354,CL00360,2026-01-03,Training & Onboarding,one_time,3126.57,468.99,2657.58,Won,76,Karim T.
SAL004967,CL00407,2026-01-03,Ledger Subscription,subscription,875.32,43.77,831.55,Won,76,Karim T.
SAL006002,CL00493,2026-01-03,Training & Onboarding,one_time,2408.75,0.0,2408.75,Won,77,Sophie L.
SAL003717,CL00316,2026-01-03,Core Premium,subscription,1943.78,97.19,1846.59,Won,9,Marie D.
SAL005740,CL00475,2026-01-03,Ledger Subscription,subscription,582.25,87.34,494.91,Won,10,Sophie L.
SAL002727,CL00237,2026-01-03,Training & Onboarding,one_time,1182.3,0.0,1182.3,Won,21,Amine B.
SAL004011,CL00335,2026-01-03,Ledger Subscription,subscription,1013.19,151.98,861.21,Won,54,Léa M.
SAL003719,CL00317,2026-01-03,Premium Support,subscription,860.14,0.0,860.14,Won,47,Amine B.
SAL003723,CL00317,2026-01-04,Vector Subscription,subscription,1422.89,0.0,1422.89,Won,95,Amine B.
SAL002979,CL00253,2026-01-04,Premium Support,subscription,374.63,37.46,337.17,Won,85,Yanis F.
SAL003141,CL00265,2026-01-04,Premium Support,subscription,687.23,137.45,549.78,Won,15,Marie D.
SAL005315,CL00436,2026-01-04,Premium Support,subscription,245.59,12.28,233.31,Won,83,Léa M.
SAL004539,CL00374,2026-01-04,Core Premium,subscription,5254.72,262.74,4991.98,Won,28,Léa M.
SAL000092,CL00010,2026-01-04,Vector Subscription,subscription,1956.5,195.65,1760.85,Won,41,Amine B.
SAL004163,CL00347,2026-01-04,Training & Onboarding,one_time,1539.09,153.91,1385.18,Won,34,Karim T.
SAL002533,CL00221,2026-01-04,Training & Onboarding,one_time,1528.54,0.0,1528.54,Won,111,Sophie L.
SAL002167,CL00188,2026-01-04,Training & Onboarding,one_time,4142.49,0.0,4142.49,Won,20,Léa M.
SAL003907,CL00331,2026-01-04,Vector Subscription,subscription,898.42,44.92,853.5,Won,62,Léa M.
SAL002011,CL00173,2026-01-04,Lex Subscription,subscription,1312.42,0.0,1312.42,Won,43,Yanis F.
SAL000749,CL00071,2026-01-04,Vector Subscription,subscription,1496.28,299.26,1197.02,Won,38,Léa M.
SAL002287,CL00199,2026-01-04,Ledger Subscription,subscription,740.11,148.02,592.09,Won,16,Yanis F.
SAL005342,CL00438,2026-01-05,Custom Development,one_time,12064.44,0.0,12064.44,Won,37,Karim T.
SAL002008,CL00173,2026-01-05,Training & Onboarding,one_time,4338.54,867.71,3470.83,Won,84,Yanis F.
SAL002664,CL00233,2026-01-05,Training & Onboarding,one_time,4251.0,212.55,4038.45,Won,32,Marie D.
SAL004328,CL00356,2026-01-05,Ledger Subscription,subscription,550.18,0.0,550.18,Won,69,Léa M.
SAL001871,CL00155,2026-01-05,Vector Subscription,subscription,1555.18,0.0,1555.18,Won,63,Marie D.
SAL000195,CL00017,2026-01-05,Vector Subscription,subscription,2191.22,109.56,2081.66,Won,54,Karim T.
SAL005753,CL00476,2026-01-05,Custom Development,one_time,26576.89,1328.84,25248.05,Won,47,Amine B.
SAL000240,CL00022,2026-01-05,Core Premium,subscription,3226.82,0.0,3226.82,Won,109,Sophie L.
SAL005636,CL00463,2026-01-05,Lex Subscription,subscription,836.59,125.49,711.1,Won,53,Karim T.
SAL004951,CL00405,2026-01-05,Ledger Subscription,subscription,752.43,112.86,639.57,Won,38,Karim T.
SAL001524,CL00124,2026-01-05,Ledger Subscription,subscription,772.6,0.0,772.6,Won,56,Sophie L.
SAL002266,CL00195,2026-01-05,Premium Support,subscription,793.1,0.0,793.1,Won,7,Yanis F.
SAL000310,CL00029,2026-01-05,Vector Subscription,subscription,740.79,0.0,740.79,Won,86,Marie D.
SAL004454,CL00367,2026-01-06,Ledger Subscription,subscription,926.49,46.32,880.17,Won,76,Karim T.
SAL004728,CL00390,2026-01-06,Vector Subscription,subscription,1416.63,212.49,1204.14,Won,69,Amine B.
SAL002622,CL00226,2026-01-06,Vector Subscription,subscription,1019.95,0.0,1019.95,Won,78,Yanis F.
SAL002731,CL00237,2026-01-06,Lex Subscription,subscription,1113.03,55.65,1057.38,Won,70,Amine B.
SAL005061,CL00416,2026-01-06,Lex Subscription,subscription,1558.39,0.0,1558.39,Won,39,Marie D.
SAL004417,CL00364,2026-01-06,Lex Subscription,subscription,1536.82,76.84,1459.98,Won,68,Yanis F.
SAL000567,CL00055,2026-01-06,Training & Onboarding,one_time,1659.74,82.99,1576.75,Won,79,Karim T.
SAL002193,CL00190,2026-01-06,Custom Development,one_time,9925.62,0.0,9925.62,Won,36,Marie D.
SAL000691,CL00067,2026-01-06,Vector Subscription,subscription,1771.44,0.0,1771.44,Won,24,Karim T.
SAL001205,CL00104,2026-01-06,Core Premium,subscription,3132.01,0.0,3132.01,Won,90,Sophie L.
SAL000732,CL00069,2026-01-06,Lex Subscription,subscription,864.99,43.25,821.74,Won,82,Amine B.
SAL002882,CL00246,2026-01-06,Custom Development,one_time,23828.76,0.0,23828.76,Won,59,Léa M.
SAL001288,CL00108,2026-01-07,Ledger Subscription,subscription,643.19,0.0,643.19,Won,65,Sophie L.
SAL005468,CL00450,2026-01-07,Core Premium,subscription,4566.84,456.68,4110.16,Won,82,Sophie L.
SAL001413,CL00121,2026-01-07,Lex Subscription,subscription,1457.63,72.88,1384.75,Won,41,Amine B.
SAL000939,CL00080,2026-01-07,Lex Subscription,subscription,587.45,29.37,558.08,Won,32,Amine B.
SAL004361,CL00360,2026-01-07,Premium Support,subscription,236.49,0.0,236.49,Won,80,Karim T.
SAL002395,CL00205,2026-01-07,Vector Subscription,subscription,2288.42,0.0,2288.42,Won,90,Amine B.
SAL004722,CL00390,2026-01-07,Custom Development,one_time,7858.39,0.0,7858.39,Won,69,Amine B.
SAL001393,CL00119,2026-01-07,Ledger Subscription,subscription,567.93,0.0,567.93,Won,57,Karim T.
SAL003464,CL00293,2026-01-07,Training & Onboarding,one_time,2303.72,115.19,2188.53,Won,79,Karim T.
SAL001178,CL00103,2026-01-07,Training & Onboarding,one_time,2303.86,0.0,2303.86,Won,30,Sophie L.
SAL001693,CL00136,2026-01-07,Core Premium,subscription,3195.3,0.0,3195.3,Won,84,Karim T.
SAL004841,CL00399,2026-01-07,Core Premium,subscription,3219.01,321.9,2897.11,Won,25,Léa M.
SAL004131,CL00344,2026-01-07,Training & Onboarding,one_time,1184.15,59.21,1124.94,Won,65,Marie D.
SAL001841,CL00152,2026-01-07,Vector Subscription,subscription,2111.69,105.58,2006.11,Won,12,Karim T.
SAL003058,CL00257,2026-01-07,Custom Development,one_time,29627.57,0.0,29627.57,Won,86,Sophie L.
SAL002863,CL00244,2026-01-07,Training & Onboarding,one_time,1143.77,0.0,1143.77,Won,90,Amine B.
SAL000426,CL00044,2026-01-07,Training & Onboarding,one_time,4277.01,855.4,3421.61,Won,11,Sophie L.
SAL005737,CL00475,2026-01-07,Premium Support,subscription,560.76,0.0,560.76,Won,19,Sophie L.
SAL005751,CL00476,2026-01-08,Lex Subscription,subscription,620.96,0.0,620.96,Won,14,Amine B.
SAL005692,CL00469,2026-01-08,Vector Subscription,subscription,798.37,0.0,798.37,Won,85,Yanis F.
SAL000162,CL00014,2026-01-08,Training & Onboarding,one_time,2910.35,0.0,2910.35,Won,37,Yanis F.
SAL002496,CL00219,2026-01-08,Lex Subscription,subscription,1419.28,141.93,1277.35,Won,12,Karim T.
SAL000182,CL00015,2026-01-08,Premium Support,subscription,611.46,61.15,550.31,Won,80,Sophie L.
SAL000931,CL00079,2026-01-08,Core Premium,subscription,4514.23,0.0,4514.23,Won,79,Yanis F.
SAL004876,CL00401,2026-01-08,Core Premium,subscription,5520.13,828.02,4692.11,Won,80,Amine B.
SAL005154,CL00423,2026-01-08,Lex Subscription,subscription,1296.67,129.67,1167.0,Won,46,Marie D.
SAL003074,CL00257,2026-01-08,Core Premium,subscription,4412.46,0.0,4412.46,Won,38,Sophie L.
SAL002102,CL00181,2026-01-08,Custom Development,one_time,6149.02,614.9,5534.12,Won,61,Sophie L.
SAL002843,CL00242,2026-01-08,Training & Onboarding,one_time,1829.52,0.0,1829.52,Won,34,Marie D.
SAL005674,CL00467,2026-01-08,Custom Development,one_time,32722.69,1636.13,31086.56,Won,74,Marie D.
SAL004741,CL00393,2026-01-08,Premium Support,subscription,452.89,22.64,430.25,Won,15,Sophie L.
SAL005305,CL00434,2026-01-08,Custom Development,one_time,11667.26,0.0,11667.26,Won,8,Marie D.
SAL000829,CL00074,2026-01-08,Vector Subscription,subscription,1765.01,176.5,1588.51,Won,61,Léa M.
SAL000452,CL00049,2026-01-08,Lex Subscription,subscription,664.74,0.0,664.74,Won,46,Yanis F.
SAL002976,CL00253,2026-01-08,Custom Development,one_time,24921.39,3738.21,21183.18,Won,64,Yanis F.
SAL002897,CL00249,2026-01-08,Ledger Subscription,subscription,551.12,0.0,551.12,Won,41,Marie D.
SAL001929,CL00166,2026-01-09,Vector Subscription,subscription,2156.68,323.5,1833.18,Won,48,Léa M.
SAL002129,CL00183,2026-01-09,Training & Onboarding,one_time,5499.91,275.0,5224.91,Won,83,Marie D.
SAL005069,CL00417,2026-01-09,Vector Subscription,subscription,1333.28,0.0,1333.28,Won,72,Yanis F.
SAL002381,CL00205,2026-01-09,Training & Onboarding,one_time,2041.75,204.17,1837.58,Won,35,Amine B.
SAL005644,CL00464,2026-01-09,Ledger Subscription,subscription,1314.52,65.73,1248.79,Won,38,Léa M.
SAL005423,CL00446,2026-01-09,Premium Support,subscription,675.18,0.0,675.18,Won,87,Yanis F.
SAL002701,CL00235,2026-01-09,Custom Development,one_time,13792.17,0.0,13792.17,Won,56,Yanis F.
SAL001851,CL00153,2026-01-09,Vector Subscription,subscription,2054.7,0.0,2054.7,Won,48,Yanis F.
SAL000078,CL00009,2026-01-09,Custom Development,one_time,32145.09,3214.51,28930.58,Won,58,Amine B.
SAL001659,CL00133,2026-01-09,Premium Support,subscription,834.61,0.0,834.61,Won,73,Sophie L.
SAL002839,CL00242,2026-01-09,Premium Support,subscription,576.8,28.84,547.96,Won,41,Marie D.
SAL003309,CL00280,2026-01-09,Premium Support,subscription,441.18,22.06,419.12,Won,88,Léa M.
SAL004676,CL00386,2026-01-10,Custom Development,one_time,32334.32,1616.72,30717.6,Won,72,Yanis F.
SAL004782,CL00397,2026-01-10,Vector Subscription,subscription,1351.09,135.11,1215.98,Won,12,Yanis F.
SAL003220,CL00275,2026-01-10,Premium Support,subscription,590.67,118.13,472.54,Won,76,Amine B.
SAL005005,CL00410,2026-01-10,Core Premium,subscription,5296.72,0.0,5296.72,Won,70,Léa M.
SAL000560,CL00054,2026-01-10,Training & Onboarding,one_time,3129.34,156.47,2972.87,Won,102,Léa M.
SAL002821,CL00241,2026-01-10,Custom Development,one_time,22487.28,0.0,22487.28,Won,115,Amine B.
SAL000515,CL00053,2026-01-10,Training & Onboarding,one_time,2202.36,0.0,2202.36,Won,54,Amine B.
SAL001353,CL00117,2026-01-10,Training & Onboarding,one_time,4152.52,207.63,3944.89,Won,98,Léa M.
SAL003896,CL00330,2026-01-10,Premium Support,subscription,642.48,0.0,642.48,Won,18,Léa M.
SAL006028,CL00496,2026-01-10,Premium Support,subscription,372.45,0.0,372.45,Won,55,Amine B.
SAL000716,CL00069,2026-01-11,Core Premium,subscription,3570.78,714.16,2856.62,Won,49,Amine B.
SAL003138,CL00265,2026-01-11,Lex Subscription,subscription,659.26,0.0,659.26,Won,81,Marie D.
SAL004415,CL00364,2026-01-11,Premium Support,subscription,550.24,0.0,550.24,Won,36,Yanis F.
SAL005057,CL00416,2026-01-11,Ledger Subscription,subscription,717.75,0.0,717.75,Won,7,Marie D.
SAL003534,CL00296,2026-01-11,Core Premium,subscription,4906.99,490.7,4416.29,Won,78,Amine B.
SAL000433,CL00045,2026-01-11,Custom Development,one_time,11309.51,0.0,11309.51,Won,64,Sophie L.
SAL003390,CL00285,2026-01-11,Core Premium,subscription,2319.37,347.9,1971.47,Won,17,Marie D.
SAL001503,CL00123,2026-01-11,Custom Development,one_time,30085.47,0.0,30085.47,Won,83,Yanis F.
SAL001781,CL00147,2026-01-11,Vector Subscription,subscription,1568.17,0.0,1568.17,Won,31,Amine B.
SAL002559,CL00222,2026-01-11,Core Premium,subscription,3568.45,0.0,3568.45,Won,80,Léa M.
SAL005814,CL00479,2026-01-11,Core Premium,subscription,3551.87,0.0,3551.87,Won,24,Yanis F.
SAL005072,CL00417,2026-01-11,Training & Onboarding,one_time,2219.65,221.97,1997.68,Won,31,Yanis F.
SAL005579,CL00459,2026-01-11,Custom Development,one_time,24902.83,1245.14,23657.69,Won,21,Yanis F.
SAL001207,CL00104,2026-01-11,Lex Subscription,subscription,941.12,94.11,847.01,Won,81,Sophie L.
SAL004962,CL00407,2026-01-11,Vector Subscription,subscription,1836.01,183.6,1652.41,Won,9,Karim T.
SAL000320,CL00030,2026-01-12,Core Premium,subscription,4009.33,0.0,4009.33,Won,101,Karim T.
SAL001651,CL00133,2026-01-12,Premium Support,subscription,585.02,29.25,555.77,Won,71,Sophie L.
SAL005486,CL00452,2026-01-12,Ledger Subscription,subscription,1571.66,78.58,1493.08,Won,45,Karim T.
SAL000432,CL00045,2026-01-12,Core Premium,subscription,3647.23,547.08,3100.15,Won,15,Sophie L.
SAL001794,CL00148,2026-01-12,Custom Development,one_time,23811.64,1190.58,22621.06,Won,10,Marie D.
SAL005405,CL00444,2026-01-12,Ledger Subscription,subscription,669.8,0.0,669.8,Won,46,Léa M.
SAL001638,CL00133,2026-01-12,Lex Subscription,subscription,1002.73,150.41,852.32,Won,38,Sophie L.
SAL004554,CL00377,2026-01-12,Vector Subscription,subscription,925.64,0.0,925.64,Won,41,Léa M.
SAL000235,CL00022,2026-01-12,Vector Subscription,subscription,1659.93,0.0,1659.93,Won,63,Sophie L.
SAL005561,CL00458,2026-01-12,Ledger Subscription,subscription,945.36,94.54,850.82,Won,45,Karim T.
SAL000912,CL00078,2026-01-12,Core Premium,subscription,1994.85,299.23,1695.62,Won,42,Yanis F.
SAL002751,CL00238,2026-01-12,Vector Subscription,subscription,2114.99,0.0,2114.99,Won,24,Sophie L.
SAL005945,CL00487,2026-01-12,Vector Subscription,subscription,1184.32,118.43,1065.89,Won,19,Yanis F.
SAL000021,CL00002,2026-01-12,Lex Subscription,subscription,1269.94,63.5,1206.44,Won,50,Marie D.
SAL001998,CL00171,2026-01-12,Core Premium,subscription,4055.8,0.0,4055.8,Won,81,Karim T.
SAL000391,CL00038,2026-01-12,Premium Support,subscription,851.41,42.57,808.84,Won,30,Yanis F.
SAL005563,CL00458,2026-01-12,Vector Subscription,subscription,1492.29,0.0,1492.29,Won,46,Karim T.
SAL001245,CL00107,2026-01-12,Premium Support,subscription,788.91,0.0,788.91,Won,59,Yanis F.
SAL005553,CL00456,2026-01-12,Ledger Subscription,subscription,708.52,0.0,708.52,Won,107,Marie D.
SAL003697,CL00314,2026-01-13,Premium Support,subscription,260.13,13.01,247.12,Won,77,Léa M.
SAL000826,CL00074,2026-01-13,Core Premium,subscription,2952.75,0.0,2952.75,Won,82,Léa M.
SAL000941,CL00080,2026-01-13,Lex Subscription,subscription,1174.9,0.0,1174.9,Won,18,Amine B.
SAL004890,CL00402,2026-01-13,Vector Subscription,subscription,2192.16,109.61,2082.55,Won,79,Léa M.
SAL001073,CL00089,2026-01-13,Custom Development,one_time,23098.69,2309.87,20788.82,Won,56,Yanis F.
SAL004679,CL00386,2026-01-13,Ledger Subscription,subscription,378.67,0.0,378.67,Won,90,Yanis F.
SAL001303,CL00110,2026-01-13,Premium Support,subscription,570.11,114.02,456.09,Won,24,Karim T.
SAL001752,CL00144,2026-01-13,Core Premium,subscription,3103.68,0.0,3103.68,Won,73,Léa M.
SAL003617,CL00303,2026-01-13,Premium Support,subscription,591.86,59.19,532.67,Won,56,Karim T.
SAL000618,CL00059,2026-01-14,Lex Subscription,subscription,1401.99,70.1,1331.89,Won,31,Karim T.
SAL001783,CL00148,2026-01-14,Custom Development,one_time,24931.87,0.0,24931.87,Won,31,Marie D.
SAL001909,CL00163,2026-01-14,Vector Subscription,subscription,2182.19,109.11,2073.08,Won,50,Amine B.
SAL003346,CL00282,2026-01-14,Vector Subscription,subscription,655.17,0.0,655.17,Won,90,Amine B.
SAL003926,CL00332,2026-01-14,Core Premium,subscription,4972.09,0.0,4972.09,Won,10,Amine B.
SAL004355,CL00360,2026-01-14,Training & Onboarding,one_time,3200.55,0.0,3200.55,Won,24,Karim T.
SAL001777,CL00147,2026-01-14,Lex Subscription,subscription,923.74,184.75,738.99,Won,73,Amine B.
SAL001309,CL00110,2026-01-14,Lex Subscription,subscription,1592.74,318.55,1274.19,Won,87,Karim T.
SAL005030,CL00414,2026-01-14,Ledger Subscription,subscription,1679.32,167.93,1511.39,Won,51,Amine B.
SAL002150,CL00186,2026-01-14,Custom Development,one_time,16148.2,0.0,16148.2,Won,58,Amine B.
SAL004329,CL00356,2026-01-14,Training & Onboarding,one_time,4673.4,701.01,3972.39,Won,35,Léa M.
SAL002158,CL00186,2026-01-15,Premium Support,subscription,448.19,44.82,403.37,Won,39,Amine B.
SAL003225,CL00276,2026-01-15,Training & Onboarding,one_time,4246.25,0.0,4246.25,Won,17,Amine B.
SAL004653,CL00385,2026-01-15,Custom Development,one_time,13737.55,1373.75,12363.8,Won,56,Marie D.
SAL000556,CL00054,2026-01-15,Ledger Subscription,subscription,346.41,17.32,329.09,Won,49,Léa M.
SAL004123,CL00343,2026-01-15,Lex Subscription,subscription,1447.6,72.38,1375.22,Won,27,Amine B.
SAL004842,CL00399,2026-01-15,Premium Support,subscription,668.6,100.29,568.31,Won,109,Léa M.
SAL000706,CL00068,2026-01-15,Ledger Subscription,subscription,1120.11,0.0,1120.11,Won,19,Marie D.
SAL003605,CL00302,2026-01-15,Training & Onboarding,one_time,4227.81,211.39,4016.42,Won,49,Karim T.
SAL001407,CL00120,2026-01-15,Lex Subscription,subscription,478.35,71.75,406.6,Won,27,Marie D.
SAL003489,CL00294,2026-01-15,Core Premium,subscription,3798.7,569.8,3228.9,Won,63,Amine B.
SAL000804,CL00073,2026-01-15,Training & Onboarding,one_time,3582.12,0.0,3582.12,Won,24,Yanis F.
SAL001624,CL00132,2026-01-15,Core Premium,subscription,2928.62,0.0,2928.62,Won,75,Karim T.
SAL001719,CL00140,2026-01-15,Premium Support,subscription,346.94,0.0,346.94,Won,57,Marie D.
SAL000745,CL00070,2026-01-15,Premium Support,subscription,878.38,0.0,878.38,Won,90,Yanis F.
SAL001932,CL00167,2026-01-16,Vector Subscription,subscription,2075.85,0.0,2075.85,Won,35,Yanis F.
SAL001461,CL00122,2026-01-16,Lex Subscription,subscription,989.75,0.0,989.75,Won,39,Marie D.
SAL001983,CL00171,2026-01-16,Core Premium,subscription,4777.13,0.0,4777.13,Won,100,Karim T.
SAL005824,CL00480,2026-01-16,Core Premium,subscription,3134.16,470.12,2664.04,Won,61,Marie D.
SAL005741,CL00475,2026-01-16,Core Premium,subscription,3313.67,497.05,2816.62,Won,17,Sophie L.
SAL005797,CL00479,2026-01-16,Vector Subscription,subscription,938.94,0.0,938.94,Won,115,Yanis F.
SAL000106,CL00011,2026-01-16,Lex Subscription,subscription,923.32,138.5,784.82,Won,59,Karim T.
SAL000238,CL00022,2026-01-16,Custom Development,one_time,15133.73,756.69,14377.04,Won,39,Sophie L.
SAL003536,CL00296,2026-01-16,Ledger Subscription,subscription,867.96,130.19,737.77,Won,70,Amine B.
SAL000864,CL00075,2026-01-17,Vector Subscription,subscription,973.96,0.0,973.96,Won,18,Yanis F.
SAL006087,CL00498,2026-01-17,Premium Support,subscription,747.06,0.0,747.06,Won,49,Léa M.
SAL003481,CL00294,2026-01-17,Ledger Subscription,subscription,1271.11,0.0,1271.11,Won,112,Amine B.
SAL005681,CL00468,2026-01-17,Premium Support,subscription,272.92,40.94,231.98,Won,52,Yanis F.
SAL004338,CL00357,2026-01-17,Training & Onboarding,one_time,2423.63,363.54,2060.09,Won,76,Marie D.
SAL005754,CL00476,2026-01-17,Core Premium,subscription,4451.81,445.18,4006.63,Won,68,Amine B.
SAL003289,CL00279,2026-01-17,Custom Development,one_time,14588.81,0.0,14588.81,Won,21,Amine B.
SAL000956,CL00081,2026-01-17,Custom Development,one_time,32088.48,0.0,32088.48,Won,14,Léa M.
SAL002901,CL00250,2026-01-17,Premium Support,subscription,669.71,0.0,669.71,Won,47,Léa M.
SAL001550,CL00125,2026-01-17,Custom Development,one_time,28990.7,0.0,28990.7,Won,105,Amine B.
SAL004820,CL00399,2026-01-18,Premium Support,subscription,529.27,26.46,502.81,Won,27,Léa M.
SAL000260,CL00027,2026-01-18,Vector Subscription,subscription,973.93,194.79,779.14,Won,20,Amine B.
SAL004277,CL00355,2026-01-18,Vector Subscription,subscription,1052.57,52.63,999.94,Won,68,Marie D.
SAL000867,CL00075,2026-01-18,Custom Development,one_time,12728.24,0.0,12728.24,Won,52,Yanis F.
SAL002495,CL00219,2026-01-18,Premium Support,subscription,569.2,56.92,512.28,Won,30,Karim T.
SAL000419,CL00043,2026-01-18,Premium Support,subscription,624.42,62.44,561.98,Won,115,Marie D.
SAL000882,CL00075,2026-01-18,Training & Onboarding,one_time,4188.33,0.0,4188.33,Won,62,Yanis F.
SAL000724,CL00069,2026-01-18,Custom Development,one_time,16386.1,0.0,16386.1,Won,61,Amine B.
SAL005967,CL00489,2026-01-19,Premium Support,subscription,453.11,0.0,453.11,Won,20,Marie D.
SAL003409,CL00288,2026-01-19,Vector Subscription,subscription,1838.86,367.77,1471.09,Won,49,Sophie L.
SAL001736,CL00143,2026-01-19,Premium Support,subscription,301.59,15.08,286.51,Won,44,Yanis F.
SAL003146,CL00265,2026-01-19,Training & Onboarding,one_time,3668.19,0.0,3668.19,Won,23,Marie D.
SAL003918,CL00332,2026-01-19,Training & Onboarding,one_time,2805.26,0.0,2805.26,Won,73,Amine B.
SAL002319,CL00201,2026-01-19,Custom Development,one_time,41080.59,0.0,41080.59,Won,75,Sophie L.
SAL000258,CL00027,2026-01-19,Training & Onboarding,one_time,2932.97,146.65,2786.32,Won,67,Amine B.
SAL000234,CL00022,2026-01-19,Premium Support,subscription,310.19,15.51,294.68,Won,99,Sophie L.
SAL002052,CL00178,2026-01-19,Training & Onboarding,one_time,3081.4,0.0,3081.4,Won,116,Karim T.
SAL006077,CL00498,2026-01-20,Custom Development,one_time,11305.63,565.28,10740.35,Won,99,Léa M.
SAL000067,CL00008,2026-01-20,Training & Onboarding,one_time,4349.17,434.92,3914.25,Won,24,Karim T.
SAL002952,CL00253,2026-01-20,Custom Development,one_time,15999.54,0.0,15999.54,Won,30,Yanis F.
SAL002464,CL00214,2026-01-20,Ledger Subscription,subscription,555.21,0.0,555.21,Won,44,Amine B.
SAL004734,CL00391,2026-01-20,Custom Development,one_time,8634.25,431.71,8202.54,Won,86,Sophie L.
SAL004994,CL00408,2026-01-21,Core Premium,subscription,2011.32,100.57,1910.75,Won,58,Karim T.
SAL001155,CL00101,2026-01-21,Ledger Subscription,subscription,984.29,0.0,984.29,Won,81,Karim T.
SAL000140,CL00012,2026-01-21,Lex Subscription,subscription,900.0,0.0,900.0,Won,64,Yanis F.
SAL004739,CL00393,2026-01-21,Core Premium,subscription,2864.93,0.0,2864.93,Won,50,Sophie L.
SAL000085,CL00009,2026-01-21,Vector Subscription,subscription,1287.58,128.76,1158.82,Won,69,Amine B.
SAL000779,CL00072,2026-01-21,Vector Subscription,subscription,1467.59,0.0,1467.59,Won,79,Yanis F.
SAL004140,CL00345,2026-01-21,Ledger Subscription,subscription,1244.56,0.0,1244.56,Won,78,Yanis F.
SAL005430,CL00447,2026-01-22,Core Premium,subscription,2720.7,136.04,2584.66,Won,42,Sophie L.
SAL004129,CL00344,2026-01-22,Vector Subscription,subscription,871.32,43.57,827.75,Won,85,Marie D.
SAL001414,CL00121,2026-01-22,Custom Development,one_time,23136.8,1156.84,21979.96,Won,103,Amine B.
SAL001930,CL00166,2026-01-22,Premium Support,subscription,871.38,0.0,871.38,Won,29,Léa M.
SAL002544,CL00221,2026-01-22,Vector Subscription,subscription,1471.14,0.0,1471.14,Won,104,Sophie L.
SAL000676,CL00066,2026-01-22,Custom Development,one_time,23576.32,2357.63,21218.69,Won,12,Marie D.
SAL004003,CL00335,2026-01-22,Premium Support,subscription,479.68,0.0,479.68,Won,58,Léa M.
SAL002943,CL00252,2026-01-22,Training & Onboarding,one_time,4299.19,0.0,4299.19,Won,56,Marie D.
SAL003805,CL00325,2026-01-22,Custom Development,one_time,18101.83,905.09,17196.74,Won,89,Marie D.
SAL005411,CL00445,2026-01-22,Ledger Subscription,subscription,1204.37,0.0,1204.37,Won,78,Karim T.
SAL001033,CL00087,2026-01-22,Vector Subscription,subscription,762.74,0.0,762.74,Won,33,Amine B.
SAL004327,CL00356,2026-01-22,Premium Support,subscription,415.87,0.0,415.87,Won,64,Léa M.
SAL005555,CL00456,2026-01-23,Premium Support,subscription,562.98,0.0,562.98,Won,47,Marie D.
SAL004026,CL00336,2026-01-23,Ledger Subscription,subscription,583.58,0.0,583.58,Won,62,Léa M.
SAL003562,CL00298,2026-01-23,Ledger Subscription,subscription,390.98,39.1,351.88,Won,98,Sophie L.
SAL005765,CL00477,2026-01-23,Premium Support,subscription,437.49,43.75,393.74,Won,18,Sophie L.
SAL002094,CL00180,2026-01-23,Ledger Subscription,subscription,1312.38,262.48,1049.9,Won,37,Yanis F.
SAL004871,CL00400,2026-01-23,Ledger Subscription,subscription,824.44,0.0,824.44,Won,7,Karim T.
SAL005105,CL00419,2026-01-23,Premium Support,subscription,1057.87,0.0,1057.87,Won,23,Sophie L.
SAL004749,CL00395,2026-01-23,Training & Onboarding,one_time,2081.77,0.0,2081.77,Won,37,Karim T.
SAL004340,CL00357,2026-01-23,Core Premium,subscription,6706.4,1005.96,5700.44,Won,51,Marie D.
SAL002663,CL00233,2026-01-23,Premium Support,subscription,281.51,28.15,253.36,Won,68,Marie D.
SAL003149,CL00266,2026-01-23,Premium Support,subscription,391.29,58.69,332.6,Won,58,Marie D.
SAL002501,CL00219,2026-01-24,Training & Onboarding,one_time,1505.96,0.0,1505.96,Won,8,Karim T.
SAL005406,CL00444,2026-01-24,Custom Development,one_time,27962.59,0.0,27962.59,Won,87,Léa M.
SAL004346,CL00358,2026-01-24,Ledger Subscription,subscription,717.0,0.0,717.0,Won,15,Amine B.
SAL001095,CL00093,2026-01-24,Lex Subscription,subscription,1523.42,228.51,1294.91,Won,84,Karim T.
SAL005549,CL00456,2026-01-24,Lex Subscription,subscription,1613.22,161.32,1451.9,Won,76,Marie D.
SAL005194,CL00425,2026-01-24,Custom Development,one_time,24527.2,2452.72,22074.48,Won,22,Léa M.
SAL004390,CL00362,2026-01-24,Training & Onboarding,one_time,3545.11,709.02,2836.09,Won,65,Léa M.
SAL002645,CL00228,2026-01-24,Vector Subscription,subscription,2315.61,0.0,2315.61,Won,68,Amine B.
SAL003603,CL00302,2026-01-25,Premium Support,subscription,362.43,0.0,362.43,Won,42,Karim T.
SAL002201,CL00190,2026-01-25,Lex Subscription,subscription,1231.97,184.8,1047.17,Won,45,Marie D.
SAL003914,CL00331,2026-01-25,Core Premium,subscription,1908.09,286.21,1621.88,Won,13,Léa M.
SAL005140,CL00422,2026-01-25,Core Premium,subscription,5870.07,0.0,5870.07,Won,63,Sophie L.
SAL002540,CL00221,2026-01-25,Lex Subscription,subscription,775.39,0.0,775.39,Won,71,Sophie L.
SAL003909,CL00331,2026-01-25,Custom Development,one_time,31132.62,0.0,31132.62,Won,72,Léa M.
SAL003384,CL00284,2026-01-25,Ledger Subscription,subscription,470.59,0.0,470.59,Won,67,Léa M.
SAL005887,CL00482,2026-01-26,Vector Subscription,subscription,1265.34,0.0,1265.34,Won,76,Yanis F.
SAL006044,CL00497,2026-01-26,Lex Subscription,subscription,806.29,40.31,765.98,Won,57,Karim T.
SAL004035,CL00337,2026-01-26,Core Premium,subscription,2771.39,277.14,2494.25,Won,71,Marie D.
SAL001153,CL00101,2026-01-26,Ledger Subscription,subscription,632.65,31.63,601.02,Won,62,Karim T.
SAL005748,CL00476,2026-01-26,Vector Subscription,subscription,1419.83,0.0,1419.83,Won,59,Amine B.
SAL000978,CL00083,2026-01-26,Core Premium,subscription,3513.04,0.0,3513.04,Won,21,Yanis F.
SAL003707,CL00316,2026-01-26,Lex Subscription,subscription,508.64,25.43,483.21,Won,49,Marie D.
SAL001974,CL00170,2026-01-26,Vector Subscription,subscription,1289.74,193.46,1096.28,Won,70,Léa M.
SAL000203,CL00018,2026-01-27,Custom Development,one_time,23597.9,1179.89,22418.01,Won,84,Sophie L.
SAL005688,CL00469,2026-01-27,Custom Development,one_time,31564.42,3156.44,28407.98,Won,37,Yanis F.
SAL005063,CL00416,2026-01-27,Vector Subscription,subscription,1420.49,142.05,1278.44,Won,84,Marie D.
SAL003516,CL00295,2026-01-27,Vector Subscription,subscription,1154.62,115.46,1039.16,Won,79,Amine B.
SAL004705,CL00388,2026-01-27,Vector Subscription,subscription,1169.38,0.0,1169.38,Won,45,Léa M.
SAL003956,CL00334,2026-01-27,Training & Onboarding,one_time,3976.8,397.68,3579.12,Won,70,Karim T.
SAL000770,CL00071,2026-01-27,Lex Subscription,subscription,689.6,0.0,689.6,Won,47,Léa M.
SAL002837,CL00241,2026-01-27,Lex Subscription,subscription,1241.27,0.0,1241.27,Won,88,Amine B.
SAL002759,CL00239,2026-01-27,Lex Subscription,subscription,512.69,102.54,410.15,Won,66,Yanis F.
SAL001546,CL00125,2026-01-28,Custom Development,one_time,31620.9,0.0,31620.9,Won,35,Amine B.
SAL001625,CL00132,2026-01-28,Lex Subscription,subscription,593.47,0.0,593.47,Won,83,Karim T.
SAL003561,CL00298,2026-01-28,Training & Onboarding,one_time,3097.04,0.0,3097.04,Won,99,Sophie L.
SAL004919,CL00404,2026-01-28,Ledger Subscription,subscription,1141.4,114.14,1027.26,Won,29,Sophie L.
SAL005029,CL00414,2026-01-28,Premium Support,subscription,557.29,27.86,529.43,Won,7,Amine B.
SAL002921,CL00251,2026-01-28,Core Premium,subscription,2544.8,0.0,2544.8,Won,33,Sophie L.
SAL002914,CL00250,2026-01-28,Vector Subscription,subscription,2741.28,0.0,2741.28,Won,51,Léa M.
SAL003453,CL00293,2026-01-28,Custom Development,one_time,16090.98,0.0,16090.98,Won,21,Karim T.
SAL004885,CL00402,2026-01-28,Lex Subscription,subscription,649.68,0.0,649.68,Won,22,Léa M.
SAL002054,CL00178,2026-01-28,Custom Development,one_time,14212.67,0.0,14212.67,Won,41,Karim T.
SAL000148,CL00012,2026-01-28,Custom Development,one_time,10940.26,0.0,10940.26,Won,57,Yanis F.
SAL000735,CL00070,2026-01-28,Ledger Subscription,subscription,375.12,0.0,375.12,Won,72,Yanis F.
SAL002625,CL00226,2026-01-28,Core Premium,subscription,2857.39,285.74,2571.65,Won,35,Yanis F.
SAL002532,CL00221,2026-01-28,Ledger Subscription,subscription,1218.09,60.9,1157.19,Won,24,Sophie L.
SAL005577,CL00459,2026-01-28,Core Premium,subscription,2010.4,0.0,2010.4,Won,51,Yanis F.
SAL001094,CL00093,2026-01-28,Custom Development,one_time,13014.67,2602.93,10411.74,Won,67,Karim T.
SAL002761,CL00239,2026-01-28,Custom Development,one_time,8406.83,420.34,7986.49,Won,19,Yanis F.
SAL005683,CL00468,2026-01-28,Training & Onboarding,one_time,3138.19,313.82,2824.37,Won,51,Yanis F.
SAL000744,CL00070,2026-01-28,Premium Support,subscription,357.21,0.0,357.21,Won,36,Yanis F.
SAL002948,CL00252,2026-01-29,Ledger Subscription,subscription,859.56,0.0,859.56,Won,82,Marie D.
SAL005253,CL00428,2026-01-29,Vector Subscription,subscription,1473.32,0.0,1473.32,Won,37,Yanis F.
SAL002372,CL00205,2026-01-29,Lex Subscription,subscription,1210.7,121.07,1089.63,Won,17,Amine B.
SAL004667,CL00386,2026-01-29,Custom Development,one_time,29021.67,1451.08,27570.59,Won,9,Yanis F.
SAL000403,CL00040,2026-01-29,Ledger Subscription,subscription,772.56,77.26,695.3,Won,87,Amine B.
SAL002834,CL00241,2026-01-29,Training & Onboarding,one_time,1323.61,66.18,1257.43,Won,27,Amine B.
SAL001847,CL00152,2026-01-29,Premium Support,subscription,621.75,0.0,621.75,Won,84,Karim T.
SAL003518,CL00295,2026-01-29,Custom Development,one_time,22338.13,0.0,22338.13,Won,115,Amine B.
SAL003257,CL00277,2026-01-29,Training & Onboarding,one_time,1970.67,98.53,1872.14,Won,60,Léa M.
SAL004051,CL00338,2026-01-29,Core Premium,subscription,5486.86,274.34,5212.52,Won,46,Léa M.
SAL001902,CL00163,2026-01-29,Custom Development,one_time,13209.14,0.0,13209.14,Won,77,Amine B.
SAL004576,CL00378,2026-01-29,Training & Onboarding,one_time,3592.4,0.0,3592.4,Won,65,Sophie L.
SAL002596,CL00223,2026-01-29,Core Premium,subscription,2404.32,360.65,2043.67,Won,47,Karim T.
SAL003935,CL00333,2026-01-30,Custom Development,one_time,32145.45,0.0,32145.45,Won,15,Sophie L.
SAL005317,CL00436,2026-01-30,Training & Onboarding,one_time,3731.63,186.58,3545.05,Won,70,Léa M.
SAL002051,CL00177,2026-01-30,Custom Development,one_time,31452.52,1572.63,29879.89,Won,87,Marie D.
SAL006019,CL00494,2026-01-30,Training & Onboarding,one_time,2388.88,0.0,2388.88,Won,80,Amine B.
SAL001833,CL00151,2026-01-30,Vector Subscription,subscription,2030.15,0.0,2030.15,Won,26,Marie D.
SAL003402,CL00286,2026-01-30,Premium Support,subscription,735.7,0.0,735.7,Won,76,Yanis F.
SAL005000,CL00409,2026-01-30,Lex Subscription,subscription,1301.36,0.0,1301.36,Won,82,Marie D.
SAL000737,CL00070,2026-01-30,Ledger Subscription,subscription,586.65,58.67,527.98,Won,44,Yanis F.
SAL005391,CL00443,2026-01-31,Training & Onboarding,one_time,2384.22,0.0,2384.22,Won,44,Sophie L.
SAL004950,CL00405,2026-01-31,Ledger Subscription,subscription,486.69,0.0,486.69,Won,24,Karim T.
SAL005894,CL00484,2026-01-31,Training & Onboarding,one_time,4189.57,209.48,3980.09,Won,80,Marie D.
SAL000707,CL00068,2026-01-31,Core Premium,subscription,4053.66,608.05,3445.61,Won,71,Marie D.
SAL005328,CL00438,2026-01-31,Core Premium,subscription,4860.61,729.09,4131.52,Won,73,Karim T.
SAL003576,CL00300,2026-01-31,Training & Onboarding,one_time,2450.45,122.52,2327.93,Won,23,Léa M.
SAL005331,CL00438,2026-01-31,Vector Subscription,subscription,645.78,0.0,645.78,Won,28,Karim T.
SAL002683,CL00235,2026-01-31,Lex Subscription,subscription,1334.16,0.0,1334.16,Won,12,Yanis F.
SAL002049,CL00177,2026-01-31,Vector Subscription,subscription,2189.94,0.0,2189.94,Won,45,Marie D.
SAL003701,CL00316,2026-01-31,Training & Onboarding,one_time,2694.28,0.0,2694.28,Won,44,Marie D.
SAL003381,CL00284,2026-01-31,Core Premium,subscription,5495.26,0.0,5495.26,Won,32,Léa M.
SAL002706,CL00236,2026-01-31,Custom Development,one_time,31356.6,0.0,31356.6,Won,79,Yanis F.
SAL005387,CL00443,2026-01-31,Premium Support,subscription,863.56,0.0,863.56,Won,90,Sophie L.
SAL005680,CL00468,2026-01-31,Core Premium,subscription,2787.64,418.15,2369.49,Won,20,Yanis F.
SAL003546,CL00297,2026-01-31,Vector Subscription,subscription,1731.44,0.0,1731.44,Won,25,Sophie L.
SAL001999,CL00171,2026-02-01,Custom Development,one_time,10908.61,1090.86,9817.75,Won,114,Karim T.
SAL001422,CL00121,2026-02-01,Core Premium,subscription,3277.81,655.56,2622.25,Won,76,Amine B.
SAL006069,CL00498,2026-02-01,Training & Onboarding,one_time,3027.33,0.0,3027.33,Won,48,Léa M.
SAL003393,CL00286,2026-02-01,Vector Subscription,subscription,1539.67,76.98,1462.69,Won,14,Yanis F.
SAL002634,CL00227,2026-02-01,Custom Development,one_time,16829.03,0.0,16829.03,Won,49,Léa M.
SAL005062,CL00416,2026-02-01,Custom Development,one_time,32270.24,0.0,32270.24,Won,29,Marie D.
SAL005607,CL00461,2026-02-01,Lex Subscription,subscription,540.88,0.0,540.88,Won,67,Marie D.
SAL001215,CL00105,2026-02-01,Core Premium,subscription,3788.48,0.0,3788.48,Won,15,Léa M.
SAL003526,CL00296,2026-02-01,Lex Subscription,subscription,862.23,0.0,862.23,Won,61,Amine B.
SAL005455,CL00449,2026-02-01,Core Premium,subscription,3916.85,587.53,3329.32,Won,83,Sophie L.
SAL002732,CL00237,2026-02-01,Training & Onboarding,one_time,2360.55,236.05,2124.5,Won,80,Amine B.
SAL002202,CL00190,2026-02-01,Training & Onboarding,one_time,3379.91,337.99,3041.92,Won,7,Marie D.
SAL002623,CL00226,2026-02-01,Core Premium,subscription,3983.89,398.39,3585.5,Won,45,Yanis F.
SAL001755,CL00144,2026-02-01,Training & Onboarding,one_time,1445.73,144.57,1301.16,Won,74,Léa M.
SAL000493,CL00051,2026-02-01,Core Premium,subscription,4537.02,453.7,4083.32,Won,87,Amine B.
SAL003565,CL00299,2026-02-01,Ledger Subscription,subscription,1135.51,170.33,965.18,Won,30,Amine B.
SAL005296,CL00434,2026-02-01,Training & Onboarding,one_time,1818.5,0.0,1818.5,Won,67,Marie D.
SAL005786,CL00479,2026-02-01,Vector Subscription,subscription,1858.62,0.0,1858.62,Won,86,Yanis F.
SAL003460,CL00293,2026-02-02,Custom Development,one_time,15197.44,0.0,15197.44,Won,47,Karim T.
SAL000030,CL00003,2026-02-02,Core Premium,subscription,4601.89,0.0,4601.89,Won,58,Karim T.
SAL003597,CL00302,2026-02-02,Vector Subscription,subscription,1979.07,98.95,1880.12,Won,78,Karim T.
SAL004868,CL00399,2026-02-02,Vector Subscription,subscription,2086.23,104.31,1981.92,Won,32,Léa M.
SAL003295,CL00280,2026-02-02,Core Premium,subscription,1916.38,0.0,1916.38,Won,89,Léa M.
SAL005111,CL00420,2026-02-02,Core Premium,subscription,5433.32,815.0,4618.32,Won,89,Marie D.
SAL000050,CL00005,2026-02-02,Core Premium,subscription,2127.84,212.78,1915.06,Won,65,Léa M.
SAL000125,CL00012,2026-02-02,Core Premium,subscription,3300.4,165.02,3135.38,Won,46,Yanis F.
SAL005909,CL00484,2026-02-02,Core Premium,subscription,2323.4,0.0,2323.4,Won,51,Marie D.
SAL003959,CL00334,2026-02-02,Premium Support,subscription,326.15,0.0,326.15,Won,50,Karim T.
SAL006093,CL00498,2026-02-02,Custom Development,one_time,11874.19,0.0,11874.19,Won,71,Léa M.
SAL005669,CL00466,2026-02-02,Training & Onboarding,one_time,2902.11,0.0,2902.11,Won,77,Yanis F.
SAL000789,CL00073,2026-02-02,Premium Support,subscription,629.65,62.96,566.69,Won,86,Yanis F.
SAL005663,CL00465,2026-02-02,Ledger Subscription,subscription,1071.51,0.0,1071.51,Won,9,Marie D.
SAL001325,CL00112,2026-02-02,Premium Support,subscription,462.01,23.1,438.91,Won,29,Karim T.
SAL006083,CL00498,2026-02-02,Training & Onboarding,one_time,3320.34,0.0,3320.34,Won,69,Léa M.
SAL004611,CL00380,2026-02-02,Vector Subscription,subscription,656.1,32.8,623.3,Won,59,Léa M.
SAL002097,CL00181,2026-02-02,Vector Subscription,subscription,1719.72,85.99,1633.73,Won,87,Sophie L.
SAL005293,CL00434,2026-02-03,Vector Subscription,subscription,1048.7,52.43,996.27,Won,79,Marie D.
SAL004673,CL00386,2026-02-03,Custom Development,one_time,9094.34,909.43,8184.91,Won,81,Yanis F.
SAL004833,CL00399,2026-02-03,Ledger Subscription,subscription,916.84,0.0,916.84,Won,103,Léa M.
SAL002561,CL00222,2026-02-04,Custom Development,one_time,29902.84,0.0,29902.84,Won,44,Léa M.
SAL001916,CL00164,2026-02-04,Training & Onboarding,one_time,2085.28,0.0,2085.28,Won,78,Karim T.
SAL005514,CL00455,2026-02-04,Vector Subscription,subscription,648.79,0.0,648.79,Won,83,Sophie L.
SAL003819,CL00326,2026-02-04,Lex Subscription,subscription,937.62,140.64,796.98,Won,79,Karim T.
SAL001203,CL00104,2026-02-04,Vector Subscription,subscription,1632.17,0.0,1632.17,Won,17,Sophie L.
SAL001335,CL00112,2026-02-04,Training & Onboarding,one_time,2748.71,137.44,2611.27,Won,87,Karim T.
SAL004652,CL00385,2026-02-04,Ledger Subscription,subscription,542.68,0.0,542.68,Won,7,Marie D.
SAL004910,CL00404,2026-02-04,Core Premium,subscription,3957.95,0.0,3957.95,Won,65,Sophie L.
SAL001910,CL00163,2026-02-04,Vector Subscription,subscription,1531.7,0.0,1531.7,Won,21,Amine B.
SAL005152,CL00423,2026-02-05,Ledger Subscription,subscription,638.6,0.0,638.6,Won,29,Marie D.
SAL001275,CL00108,2026-02-05,Training & Onboarding,one_time,1774.94,88.75,1686.19,Won,110,Sophie L.
SAL001920,CL00165,2026-02-05,Core Premium,subscription,4053.45,0.0,4053.45,Won,10,Amine B.
SAL001948,CL00168,2026-02-05,Ledger Subscription,subscription,400.44,0.0,400.44,Won,42,Yanis F.
SAL004894,CL00402,2026-02-05,Custom Development,one_time,32133.23,3213.32,28919.91,Won,12,Léa M.
SAL000376,CL00034,2026-02-05,Lex Subscription,subscription,1541.41,0.0,1541.41,Won,58,Amine B.
SAL004285,CL00355,2026-02-05,Custom Development,one_time,17627.99,1762.8,15865.19,Won,41,Marie D.
SAL001253,CL00107,2026-02-05,Core Premium,subscription,2141.95,0.0,2141.95,Won,70,Yanis F.
SAL002326,CL00202,2026-02-05,Vector Subscription,subscription,1151.55,57.58,1093.97,Won,16,Karim T.
SAL000498,CL00052,2026-02-05,Core Premium,subscription,2431.87,0.0,2431.87,Won,47,Sophie L.
SAL002057,CL00178,2026-02-05,Training & Onboarding,one_time,2810.14,0.0,2810.14,Won,33,Karim T.
SAL000748,CL00071,2026-02-05,Ledger Subscription,subscription,1053.83,52.69,1001.14,Won,31,Léa M.
SAL001222,CL00107,2026-02-05,Lex Subscription,subscription,1054.85,210.97,843.88,Won,24,Yanis F.
SAL005368,CL00441,2026-02-05,Training & Onboarding,one_time,2489.83,0.0,2489.83,Won,10,Sophie L.
SAL001302,CL00110,2026-02-06,Core Premium,subscription,1856.35,0.0,1856.35,Won,50,Karim T.
SAL001931,CL00167,2026-02-06,Training & Onboarding,one_time,2744.77,0.0,2744.77,Won,83,Yanis F.
SAL002212,CL00191,2026-02-06,Ledger Subscription,subscription,468.75,0.0,468.75,Won,27,Yanis F.
SAL004486,CL00371,2026-02-06,Lex Subscription,subscription,758.91,0.0,758.91,Won,52,Léa M.
SAL001800,CL00148,2026-02-06,Custom Development,one_time,27043.03,0.0,27043.03,Won,19,Marie D.
SAL000091,CL00010,2026-02-06,Premium Support,subscription,490.18,24.51,465.67,Won,85,Amine B.
SAL004128,CL00344,2026-02-06,Custom Development,one_time,18376.54,0.0,18376.54,Won,46,Marie D.
SAL000944,CL00080,2026-02-06,Training & Onboarding,one_time,3052.44,0.0,3052.44,Won,84,Amine B.
SAL005639,CL00464,2026-02-06,Ledger Subscription,subscription,466.57,46.66,419.91,Won,13,Léa M.
SAL003558,CL00298,2026-02-06,Custom Development,one_time,19154.84,0.0,19154.84,Won,78,Sophie L.
SAL001307,CL00110,2026-02-07,Training & Onboarding,one_time,4167.92,208.4,3959.52,Won,87,Karim T.
SAL000227,CL00020,2026-02-07,Core Premium,subscription,2177.86,217.79,1960.07,Won,58,Sophie L.
SAL002479,CL00217,2026-02-07,Training & Onboarding,one_time,1204.21,0.0,1204.21,Won,64,Amine B.
SAL003652,CL00307,2026-02-07,Premium Support,subscription,772.0,0.0,772.0,Won,10,Léa M.
SAL003388,CL00284,2026-02-07,Training & Onboarding,one_time,3990.79,199.54,3791.25,Won,38,Léa M.
SAL005370,CL00441,2026-02-07,Ledger Subscription,subscription,1154.04,115.4,1038.64,Won,62,Sophie L.
SAL000279,CL00027,2026-02-07,Core Premium,subscription,3789.05,0.0,3789.05,Won,37,Amine B.
SAL004161,CL00347,2026-02-07,Core Premium,subscription,3945.8,0.0,3945.8,Won,39,Karim T.
SAL006109,CL00500,2026-02-07,Custom Development,one_time,9172.41,458.62,8713.79,Won,40,Léa M.
SAL004074,CL00341,2026-02-07,Vector Subscription,subscription,2056.23,308.43,1747.8,Won,48,Karim T.
SAL004371,CL00360,2026-02-07,Ledger Subscription,subscription,722.8,36.14,686.66,Won,38,Karim T.
SAL000123,CL00012,2026-02-07,Training & Onboarding,one_time,2715.24,135.76,2579.48,Won,79,Yanis F.
SAL004972,CL00407,2026-02-07,Core Premium,subscription,2461.06,123.05,2338.01,Won,87,Karim T.
SAL000420,CL00043,2026-02-07,Training & Onboarding,one_time,3605.14,0.0,3605.14,Won,30,Marie D.
SAL000490,CL00051,2026-02-07,Vector Subscription,subscription,1986.94,0.0,1986.94,Won,67,Amine B.
SAL003023,CL00256,2026-02-07,Training & Onboarding,one_time,1683.44,252.52,1430.92,Won,86,Sophie L.
SAL001292,CL00108,2026-02-07,Vector Subscription,subscription,1901.24,0.0,1901.24,Won,80,Sophie L.
SAL001696,CL00136,2026-02-08,Custom Development,one_time,27473.39,0.0,27473.39,Won,87,Karim T.
SAL001788,CL00148,2026-02-08,Core Premium,subscription,1860.05,93.0,1767.05,Won,16,Marie D.
SAL005338,CL00438,2026-02-08,Core Premium,subscription,2461.14,0.0,2461.14,Won,76,Karim T.
SAL004875,CL00401,2026-02-08,Training & Onboarding,one_time,1466.26,73.31,1392.95,Won,108,Amine B.
SAL002848,CL00242,2026-02-08,Training & Onboarding,one_time,3932.33,589.85,3342.48,Won,45,Marie D.
SAL005007,CL00410,2026-02-08,Training & Onboarding,one_time,3363.94,504.59,2859.35,Won,16,Léa M.
SAL001127,CL00098,2026-02-08,Custom Development,one_time,29445.54,0.0,29445.54,Won,38,Yanis F.
SAL003252,CL00277,2026-02-08,Training & Onboarding,one_time,2959.8,147.99,2811.81,Won,27,Léa M.
SAL003550,CL00298,2026-02-08,Premium Support,subscription,308.71,0.0,308.71,Won,61,Sophie L.
SAL000210,CL00019,2026-02-08,Custom Development,one_time,24790.4,1239.52,23550.88,Won,70,Sophie L.
SAL004166,CL00347,2026-02-08,Core Premium,subscription,3769.23,376.92,3392.31,Won,106,Karim T.
SAL005321,CL00438,2026-02-08,Custom Development,one_time,12730.42,1273.04,11457.38,Won,39,Karim T.
SAL001093,CL00092,2026-02-08,Lex Subscription,subscription,1067.77,160.17,907.6,Won,48,Marie D.
SAL001206,CL00104,2026-02-08,Custom Development,one_time,13852.26,0.0,13852.26,Won,16,Sophie L.
SAL004620,CL00381,2026-02-09,Lex Subscription,subscription,615.19,0.0,615.19,Won,24,Karim T.
SAL005624,CL00462,2026-02-09,Ledger Subscription,subscription,1233.82,61.69,1172.13,Won,67,Marie D.
SAL006029,CL00496,2026-02-09,Custom Development,one_time,9126.55,456.33,8670.22,Won,70,Amine B.
SAL000062,CL00008,2026-02-09,Premium Support,subscription,807.1,0.0,807.1,Won,119,Karim T.
SAL000025,CL00003,2026-02-09,Custom Development,one_time,20921.83,0.0,20921.83,Won,69,Karim T.
SAL001589,CL00130,2026-02-09,Core Premium,subscription,2049.9,204.99,1844.91,Won,64,Marie D.
SAL001591,CL00130,2026-02-09,Ledger Subscription,subscription,1171.99,0.0,1171.99,Won,55,Marie D.
SAL005133,CL00421,2026-02-09,Ledger Subscription,subscription,1002.74,50.14,952.6,Won,25,Marie D.
SAL002655,CL00231,2026-02-09,Training & Onboarding,one_time,1682.89,84.14,1598.75,Won,38,Marie D.
SAL003206,CL00273,2026-02-09,Training & Onboarding,one_time,3156.94,157.85,2999.09,Won,67,Marie D.
SAL001295,CL00109,2026-02-09,Premium Support,subscription,791.34,158.27,633.07,Won,8,Marie D.
SAL005289,CL00433,2026-02-09,Training & Onboarding,one_time,2921.23,292.12,2629.11,Won,33,Marie D.
SAL000492,CL00051,2026-02-09,Lex Subscription,subscription,478.8,0.0,478.8,Won,57,Amine B.
SAL000441,CL00047,2026-02-09,Custom Development,one_time,8055.42,402.77,7652.65,Won,67,Amine B.
SAL004188,CL00347,2026-02-09,Premium Support,subscription,275.59,27.56,248.03,Won,79,Karim T.
SAL004433,CL00366,2026-02-09,Core Premium,subscription,3152.37,315.24,2837.13,Won,99,Sophie L.
SAL001921,CL00165,2026-02-09,Lex Subscription,subscription,1536.9,153.69,1383.21,Won,11,Amine B.
SAL001978,CL00170,2026-02-09,Premium Support,subscription,866.99,0.0,866.99,Won,45,Léa M.
SAL001406,CL00120,2026-02-09,Core Premium,subscription,5370.55,0.0,5370.55,Won,86,Marie D.
SAL000517,CL00053,2026-02-09,Vector Subscription,subscription,1501.31,0.0,1501.31,Won,8,Amine B.
SAL001362,CL00117,2026-02-10,Premium Support,subscription,479.03,0.0,479.03,Won,73,Léa M.
SAL004029,CL00337,2026-02-10,Training & Onboarding,one_time,1381.8,0.0,1381.8,Won,79,Marie D.
SAL002087,CL00178,2026-02-10,Training & Onboarding,one_time,1736.45,260.47,1475.98,Won,36,Karim T.
SAL002500,CL00219,2026-02-10,Core Premium,subscription,4698.23,234.91,4463.32,Won,15,Karim T.
SAL001689,CL00136,2026-02-10,Ledger Subscription,subscription,689.19,68.92,620.27,Won,19,Karim T.
SAL004969,CL00407,2026-02-10,Custom Development,one_time,18217.81,0.0,18217.81,Won,29,Karim T.
SAL002557,CL00221,2026-02-10,Core Premium,subscription,2031.66,101.58,1930.08,Won,75,Sophie L.
SAL002743,CL00238,2026-02-10,Vector Subscription,subscription,1900.26,190.03,1710.23,Won,86,Sophie L.
SAL002199,CL00190,2026-02-10,Ledger Subscription,subscription,666.42,0.0,666.42,Won,38,Marie D.
SAL005059,CL00416,2026-02-10,Custom Development,one_time,10765.18,0.0,10765.18,Won,61,Marie D.
SAL001000,CL00085,2026-02-10,Training & Onboarding,one_time,2872.16,287.22,2584.94,Won,83,Marie D.
SAL005616,CL00462,2026-02-10,Premium Support,subscription,342.39,34.24,308.15,Won,29,Marie D.
SAL002184,CL00189,2026-02-10,Custom Development,one_time,12960.98,0.0,12960.98,Won,10,Sophie L.
SAL001915,CL00164,2026-02-10,Premium Support,subscription,283.69,0.0,283.69,Won,41,Karim T.
SAL005066,CL00417,2026-02-10,Core Premium,subscription,4388.62,219.43,4169.19,Won,12,Yanis F.
SAL000028,CL00003,2026-02-11,Custom Development,one_time,14058.03,0.0,14058.03,Won,42,Karim T.
SAL005012,CL00410,2026-02-11,Lex Subscription,subscription,823.75,82.38,741.37,Won,33,Léa M.
SAL002360,CL00204,2026-02-11,Lex Subscription,subscription,1264.53,126.45,1138.08,Won,25,Yanis F.
SAL003357,CL00283,2026-02-11,Training & Onboarding,one_time,3600.88,180.04,3420.84,Won,53,Yanis F.
SAL000040,CL00005,2026-02-11,Training & Onboarding,one_time,3897.08,0.0,3897.08,Won,120,Léa M.
SAL002628,CL00226,2026-02-11,Custom Development,one_time,17788.98,889.45,16899.53,Won,50,Yanis F.
SAL000550,CL00054,2026-02-11,Training & Onboarding,one_time,1772.67,265.9,1506.77,Won,47,Léa M.
SAL003133,CL00264,2026-02-11,Ledger Subscription,subscription,509.03,0.0,509.03,Won,55,Yanis F.
SAL000386,CL00037,2026-02-12,Custom Development,one_time,15370.18,1537.02,13833.16,Won,69,Amine B.
SAL001401,CL00119,2026-02-12,Core Premium,subscription,5410.15,0.0,5410.15,Won,68,Karim T.
SAL003072,CL00257,2026-02-12,Core Premium,subscription,3184.56,159.23,3025.33,Won,70,Sophie L.
SAL000728,CL00069,2026-02-12,Ledger Subscription,subscription,821.04,0.0,821.04,Won,47,Amine B.
SAL003408,CL00288,2026-02-12,Core Premium,subscription,2876.05,287.61,2588.44,Won,22,Sophie L.
SAL005977,CL00490,2026-02-12,Premium Support,subscription,860.95,0.0,860.95,Won,66,Sophie L.
SAL000374,CL00034,2026-02-12,Training & Onboarding,one_time,1224.62,0.0,1224.62,Won,83,Amine B.
SAL004353,CL00360,2026-02-13,Training & Onboarding,one_time,2369.61,0.0,2369.61,Won,41,Karim T.
SAL004481,CL00371,2026-02-13,Lex Subscription,subscription,594.67,0.0,594.67,Won,37,Léa M.
SAL004194,CL00347,2026-02-13,Ledger Subscription,subscription,531.77,79.77,452.0,Won,32,Karim T.
SAL001903,CL00163,2026-02-13,Ledger Subscription,subscription,840.29,84.03,756.26,Won,35,Amine B.
SAL003934,CL00333,2026-02-13,Training & Onboarding,one_time,5122.58,256.13,4866.45,Won,89,Sophie L.
SAL002241,CL00193,2026-02-13,Lex Subscription,subscription,1646.15,164.61,1481.54,Won,39,Karim T.
SAL000382,CL00036,2026-02-13,Custom Development,one_time,9350.87,0.0,9350.87,Won,56,Marie D.
SAL000820,CL00074,2026-02-13,Ledger Subscription,subscription,1109.79,0.0,1109.79,Won,36,Léa M.
SAL000089,CL00010,2026-02-13,Custom Development,one_time,11950.91,597.55,11353.36,Won,83,Amine B.
SAL001043,CL00087,2026-02-13,Ledger Subscription,subscription,1088.13,0.0,1088.13,Won,43,Amine B.
SAL002186,CL00189,2026-02-13,Lex Subscription,subscription,1114.09,55.7,1058.39,Won,74,Sophie L.
SAL002627,CL00226,2026-02-13,Training & Onboarding,one_time,2016.84,0.0,2016.84,Won,114,Yanis F.
SAL005878,CL00482,2026-02-14,Custom Development,one_time,6597.92,0.0,6597.92,Won,88,Yanis F.
SAL002428,CL00212,2026-02-14,Ledger Subscription,subscription,334.84,50.23,284.61,Won,42,Amine B.
SAL003657,CL00307,2026-02-14,Training & Onboarding,one_time,1193.73,0.0,1193.73,Won,24,Léa M.
SAL000665,CL00065,2026-02-14,Custom Development,one_time,31902.66,0.0,31902.66,Won,66,Karim T.
SAL003900,CL00330,2026-02-14,Premium Support,subscription,549.23,0.0,549.23,Won,37,Léa M.
SAL001344,CL00115,2026-02-14,Training & Onboarding,one_time,3277.42,0.0,3277.42,Won,56,Sophie L.
SAL000663,CL00064,2026-02-15,Ledger Subscription,subscription,1280.44,0.0,1280.44,Won,45,Amine B.
SAL003404,CL00287,2026-02-15,Custom Development,one_time,17193.89,1719.39,15474.5,Won,7,Karim T.
SAL002316,CL00201,2026-02-15,Custom Development,one_time,41817.25,0.0,41817.25,Won,31,Sophie L.
SAL005414,CL00446,2026-02-15,Training & Onboarding,one_time,3349.62,0.0,3349.62,Won,37,Yanis F.
SAL005139,CL00422,2026-02-15,Custom Development,one_time,23233.65,2323.37,20910.28,Won,91,Sophie L.
SAL000495,CL00051,2026-02-15,Ledger Subscription,subscription,398.14,39.81,358.33,Won,15,Amine B.
SAL001131,CL00099,2026-02-15,Custom Development,one_time,21967.5,1098.38,20869.12,Won,31,Yanis F.
SAL002172,CL00188,2026-02-15,Training & Onboarding,one_time,2216.13,443.23,1772.9,Won,41,Léa M.
SAL003879,CL00330,2026-02-15,Ledger Subscription,subscription,762.92,114.44,648.48,Won,87,Léa M.
SAL000072,CL00009,2026-02-15,Core Premium,subscription,2469.61,246.96,2222.65,Won,73,Amine B.
SAL001193,CL00103,2026-02-15,Custom Development,one_time,10278.86,0.0,10278.86,Won,64,Sophie L.
SAL002377,CL00205,2026-02-15,Custom Development,one_time,24968.2,1248.41,23719.79,Won,34,Amine B.
SAL000526,CL00054,2026-02-15,Vector Subscription,subscription,1007.92,50.4,957.52,Won,109,Léa M.
SAL001459,CL00122,2026-02-16,Core Premium,subscription,4324.93,0.0,4324.93,Won,81,Marie D.
SAL000390,CL00038,2026-02-16,Premium Support,subscription,311.13,46.67,264.46,Won,23,Yanis F.
SAL003433,CL00291,2026-02-16,Lex Subscription,subscription,734.16,36.71,697.45,Won,71,Marie D.
SAL004030,CL00337,2026-02-16,Lex Subscription,subscription,1574.69,0.0,1574.69,Won,17,Marie D.
SAL002635,CL00227,2026-02-16,Premium Support,subscription,648.49,32.42,616.07,Won,42,Léa M.
SAL002240,CL00193,2026-02-16,Training & Onboarding,one_time,4124.05,618.61,3505.44,Won,22,Karim T.
SAL003158,CL00266,2026-02-17,Vector Subscription,subscription,1206.37,0.0,1206.37,Won,74,Marie D.
SAL001508,CL00123,2026-02-17,Core Premium,subscription,4948.47,247.42,4701.05,Won,74,Yanis F.
SAL000362,CL00034,2026-02-17,Ledger Subscription,subscription,787.82,0.0,787.82,Won,49,Amine B.
SAL005410,CL00445,2026-02-17,Training & Onboarding,one_time,2643.53,0.0,2643.53,Won,52,Karim T.
SAL000496,CL00052,2026-02-17,Custom Development,one_time,6401.37,0.0,6401.37,Won,13,Sophie L.
SAL001585,CL00130,2026-02-17,Lex Subscription,subscription,627.72,31.39,596.33,Won,36,Marie D.
SAL005560,CL00457,2026-02-17,Premium Support,subscription,582.11,29.11,553.0,Won,76,Yanis F.
SAL002604,CL00224,2026-02-17,Core Premium,subscription,2913.34,0.0,2913.34,Won,53,Karim T.
SAL004599,CL00380,2026-02-17,Custom Development,one_time,31177.72,6235.54,24942.18,Won,26,Léa M.
SAL002932,CL00251,2026-02-17,Ledger Subscription,subscription,365.18,0.0,365.18,Won,53,Sophie L.
SAL003596,CL00302,2026-02-17,Ledger Subscription,subscription,779.66,0.0,779.66,Won,37,Karim T.
SAL000346,CL00031,2026-02-17,Ledger Subscription,subscription,596.9,89.53,507.37,Won,74,Marie D.
SAL005288,CL00433,2026-02-17,Lex Subscription,subscription,1275.34,127.53,1147.81,Won,33,Marie D.
SAL002488,CL00218,2026-02-17,Vector Subscription,subscription,2074.2,414.84,1659.36,Won,46,Karim T.
SAL003262,CL00277,2026-02-17,Vector Subscription,subscription,2061.99,309.3,1752.69,Won,93,Léa M.
SAL003342,CL00281,2026-02-17,Custom Development,one_time,21076.31,2107.63,18968.68,Won,69,Amine B.
SAL002658,CL00231,2026-02-17,Ledger Subscription,subscription,355.62,17.78,337.84,Won,58,Marie D.
SAL001776,CL00147,2026-02-17,Premium Support,subscription,767.91,0.0,767.91,Won,41,Amine B.
SAL000060,CL00008,2026-02-18,Vector Subscription,subscription,1767.15,0.0,1767.15,Won,119,Karim T.
SAL000554,CL00054,2026-02-18,Ledger Subscription,subscription,1311.89,0.0,1311.89,Won,52,Léa M.
SAL004901,CL00403,2026-02-18,Training & Onboarding,one_time,4175.74,208.79,3966.95,Won,10,Léa M.
SAL002461,CL00214,2026-02-18,Training & Onboarding,one_time,2746.82,549.36,2197.46,Won,8,Amine B.
SAL002022,CL00175,2026-02-18,Vector Subscription,subscription,1872.21,280.83,1591.38,Won,62,Amine B.
SAL001120,CL00096,2026-02-18,Training & Onboarding,one_time,3610.59,722.12,2888.47,Won,48,Léa M.
SAL000898,CL00078,2026-02-18,Custom Development,one_time,22222.79,0.0,22222.79,Won,53,Yanis F.
SAL000815,CL00073,2026-02-18,Ledger Subscription,subscription,719.97,36.0,683.97,Won,109,Yanis F.
SAL005957,CL00488,2026-02-18,Core Premium,subscription,5475.37,547.54,4927.83,Won,103,Karim T.
SAL001852,CL00153,2026-02-18,Custom Development,one_time,21238.2,0.0,21238.2,Won,89,Yanis F.
SAL003029,CL00256,2026-02-19,Premium Support,subscription,632.06,94.81,537.25,Won,95,Sophie L.
SAL001088,CL00092,2026-02-19,Premium Support,subscription,640.19,128.04,512.15,Won,71,Marie D.
SAL003188,CL00271,2026-02-19,Premium Support,subscription,492.26,0.0,492.26,Won,31,Yanis F.
SAL001497,CL00123,2026-02-19,Core Premium,subscription,3632.59,0.0,3632.59,Won,85,Yanis F.
SAL000424,CL00044,2026-02-19,Lex Subscription,subscription,1911.18,95.56,1815.62,Won,60,Sophie L.
SAL000358,CL00034,2026-02-19,Ledger Subscription,subscription,447.91,0.0,447.91,Won,61,Amine B.
SAL002026,CL00175,2026-02-20,Premium Support,subscription,471.39,0.0,471.39,Won,43,Amine B.
SAL002607,CL00224,2026-02-20,Custom Development,one_time,9828.54,491.43,9337.11,Won,84,Karim T.
SAL002367,CL00205,2026-02-20,Custom Development,one_time,12645.11,0.0,12645.11,Won,53,Amine B.
SAL005401,CL00444,2026-02-20,Custom Development,one_time,22968.32,1148.42,21819.9,Won,57,Léa M.
SAL000942,CL00080,2026-02-20,Training & Onboarding,one_time,3301.26,495.19,2806.07,Won,79,Amine B.
SAL005554,CL00456,2026-02-20,Vector Subscription,subscription,898.07,0.0,898.07,Won,97,Marie D.
SAL003815,CL00326,2026-02-20,Premium Support,subscription,541.74,54.17,487.57,Won,20,Karim T.
SAL005558,CL00457,2026-02-20,Custom Development,one_time,29855.07,1492.75,28362.32,Won,87,Yanis F.
SAL002474,CL00215,2026-02-20,Core Premium,subscription,1808.64,180.86,1627.78,Won,60,Sophie L.
SAL000575,CL00055,2026-02-20,Vector Subscription,subscription,2055.84,0.0,2055.84,Won,88,Karim T.
SAL003150,CL00266,2026-02-20,Custom Development,one_time,19941.84,1994.18,17947.66,Won,99,Marie D.
SAL001633,CL00132,2026-02-20,Lex Subscription,subscription,1500.91,0.0,1500.91,Won,67,Karim T.
SAL001900,CL00163,2026-02-20,Vector Subscription,subscription,1651.79,165.18,1486.61,Won,79,Amine B.
SAL000637,CL00060,2026-02-21,Core Premium,subscription,2838.2,0.0,2838.2,Won,74,Léa M.
SAL000314,CL00030,2026-02-21,Vector Subscription,subscription,2663.72,133.19,2530.53,Won,80,Karim T.
SAL005729,CL00473,2026-02-21,Vector Subscription,subscription,1753.51,87.68,1665.83,Won,74,Karim T.
SAL004027,CL00336,2026-02-21,Lex Subscription,subscription,659.61,0.0,659.61,Won,75,Léa M.
SAL005791,CL00479,2026-02-21,Custom Development,one_time,15960.88,3192.18,12768.7,Won,98,Yanis F.
SAL006089,CL00498,2026-02-21,Training & Onboarding,one_time,4018.21,0.0,4018.21,Won,117,Léa M.
SAL002272,CL00196,2026-02-21,Core Premium,subscription,5929.76,0.0,5929.76,Won,72,Yanis F.
SAL004055,CL00340,2026-02-21,Premium Support,subscription,870.32,0.0,870.32,Won,51,Sophie L.
SAL003419,CL00290,2026-02-21,Core Premium,subscription,2410.5,0.0,2410.5,Won,67,Yanis F.
SAL001972,CL00170,2026-02-21,Vector Subscription,subscription,1520.74,76.04,1444.7,Won,53,Léa M.
SAL004768,CL00395,2026-02-21,Ledger Subscription,subscription,521.39,0.0,521.39,Won,72,Karim T.
SAL001835,CL00151,2026-02-22,Core Premium,subscription,3524.48,0.0,3524.48,Won,31,Marie D.
SAL003698,CL00315,2026-02-22,Ledger Subscription,subscription,852.03,85.2,766.83,Won,52,Léa M.
SAL003364,CL00283,2026-02-22,Vector Subscription,subscription,1515.49,0.0,1515.49,Won,58,Yanis F.
SAL003062,CL00257,2026-02-22,Custom Development,one_time,25789.79,0.0,25789.79,Won,65,Sophie L.
SAL002719,CL00236,2026-02-22,Custom Development,one_time,12413.38,2482.68,9930.7,Won,31,Yanis F.
SAL001228,CL00107,2026-02-22,Vector Subscription,subscription,1741.02,0.0,1741.02,Won,76,Yanis F.
SAL002226,CL00193,2026-02-22,Training & Onboarding,one_time,2004.03,100.2,1903.83,Won,120,Karim T.
SAL001021,CL00086,2026-02-22,Training & Onboarding,one_time,1392.76,0.0,1392.76,Won,57,Marie D.
SAL000823,CL00074,2026-02-23,Ledger Subscription,subscription,1237.7,123.77,1113.93,Won,34,Léa M.
SAL004337,CL00356,2026-02-23,Premium Support,subscription,700.61,0.0,700.61,Won,35,Léa M.
SAL000068,CL00008,2026-02-23,Custom Development,one_time,13133.87,1970.08,11163.79,Won,82,Karim T.
SAL002034,CL00176,2026-02-23,Training & Onboarding,one_time,2166.89,0.0,2166.89,Won,57,Yanis F.
SAL004832,CL00399,2026-02-23,Core Premium,subscription,4993.72,998.74,3994.98,Won,110,Léa M.
SAL003035,CL00256,2026-02-23,Ledger Subscription,subscription,873.22,130.98,742.24,Won,62,Sophie L.
SAL001305,CL00110,2026-02-23,Ledger Subscription,subscription,1315.42,131.54,1183.88,Won,25,Karim T.
SAL005886,CL00482,2026-02-23,Core Premium,subscription,3610.96,180.55,3430.41,Won,32,Yanis F.
SAL005349,CL00439,2026-02-23,Training & Onboarding,one_time,3185.11,0.0,3185.11,Won,36,Sophie L.
SAL002245,CL00193,2026-02-23,Training & Onboarding,one_time,4306.24,0.0,4306.24,Won,67,Karim T.
SAL005969,CL00489,2026-02-23,Training & Onboarding,one_time,4208.37,0.0,4208.37,Won,73,Marie D.
SAL000961,CL00081,2026-02-23,Core Premium,subscription,2943.88,294.39,2649.49,Won,56,Léa M.
SAL005228,CL00427,2026-02-23,Custom Development,one_time,7747.14,0.0,7747.14,Won,68,Marie D.
SAL000354,CL00033,2026-02-23,Custom Development,one_time,32048.3,6409.66,25638.64,Won,20,Karim T.
SAL004595,CL00380,2026-02-23,Core Premium,subscription,3281.81,0.0,3281.81,Won,86,Léa M.
SAL000600,CL00057,2026-02-23,Lex Subscription,subscription,790.68,39.53,751.15,Won,8,Marie D.
SAL001085,CL00092,2026-02-24,Vector Subscription,subscription,2077.08,0.0,2077.08,Won,57,Marie D.
SAL003151,CL00266,2026-02-24,Custom Development,one_time,22997.45,0.0,22997.45,Won,71,Marie D.
SAL003234,CL00276,2026-02-24,Ledger Subscription,subscription,809.23,80.92,728.31,Won,84,Amine B.
SAL000982,CL00083,2026-02-24,Training & Onboarding,one_time,3020.05,604.01,2416.04,Won,17,Yanis F.
SAL004053,CL00340,2026-02-24,Premium Support,subscription,664.04,66.4,597.64,Won,49,Sophie L.
SAL002494,CL00218,2026-02-24,Ledger Subscription,subscription,1477.83,0.0,1477.83,Won,22,Karim T.
SAL000667,CL00065,2026-02-24,Premium Support,subscription,724.42,108.66,615.76,Won,78,Karim T.
SAL001101,CL00093,2026-02-24,Premium Support,subscription,779.0,38.95,740.05,Won,37,Karim T.
SAL001985,CL00171,2026-02-24,Training & Onboarding,one_time,2662.22,399.33,2262.89,Won,46,Karim T.
SAL001129,CL00098,2026-02-24,Training & Onboarding,one_time,1653.01,0.0,1653.01,Won,72,Yanis F.
SAL004234,CL00349,2026-02-24,Custom Development,one_time,23648.59,2364.86,21283.73,Won,83,Yanis F.
SAL005528,CL00455,2026-02-24,Custom Development,one_time,32417.23,0.0,32417.23,Won,42,Sophie L.
SAL003615,CL00302,2026-02-25,Ledger Subscription,subscription,477.94,71.69,406.25,Won,20,Karim T.
SAL002149,CL00186,2026-02-25,Custom Development,one_time,23345.2,0.0,23345.2,Won,61,Amine B.
SAL005877,CL00482,2026-02-25,Ledger Subscription,subscription,1065.01,0.0,1065.01,Won,31,Yanis F.
SAL001957,CL00169,2026-02-25,Premium Support,subscription,379.77,0.0,379.77,Won,23,Amine B.
SAL004683,CL00386,2026-02-25,Custom Development,one_time,27395.48,0.0,27395.48,Won,80,Yanis F.
SAL003512,CL00295,2026-02-25,Lex Subscription,subscription,724.92,36.25,688.67,Won,64,Amine B.
SAL005143,CL00422,2026-02-25,Premium Support,subscription,1083.36,0.0,1083.36,Won,97,Sophie L.
SAL000445,CL00047,2026-02-25,Lex Subscription,subscription,551.14,0.0,551.14,Won,62,Amine B.
SAL005829,CL00480,2026-02-25,Custom Development,one_time,13423.45,1342.35,12081.1,Won,31,Marie D.
SAL002238,CL00193,2026-02-25,Core Premium,subscription,4935.28,0.0,4935.28,Won,95,Karim T.
SAL005576,CL00459,2026-02-25,Core Premium,subscription,2799.85,0.0,2799.85,Won,22,Yanis F.
SAL004017,CL00335,2026-02-25,Core Premium,subscription,4462.28,0.0,4462.28,Won,50,Léa M.
SAL001790,CL00148,2026-02-25,Lex Subscription,subscription,719.63,0.0,719.63,Won,44,Marie D.
SAL000750,CL00071,2026-02-25,Training & Onboarding,one_time,1934.48,0.0,1934.48,Won,38,Léa M.
SAL002454,CL00214,2026-02-25,Vector Subscription,subscription,1955.21,195.52,1759.69,Won,11,Amine B.
SAL004406,CL00363,2026-02-25,Core Premium,subscription,3593.24,538.99,3054.25,Won,32,Karim T.
SAL000889,CL00077,2026-02-25,Premium Support,subscription,787.9,0.0,787.9,Won,16,Sophie L.
SAL002427,CL00212,2026-02-25,Training & Onboarding,one_time,4028.22,604.23,3423.99,Won,18,Amine B.
SAL002768,CL00240,2026-02-26,Core Premium,subscription,3764.64,0.0,3764.64,Won,88,Léa M.
SAL000029,CL00003,2026-02-26,Training & Onboarding,one_time,2682.71,268.27,2414.44,Won,19,Karim T.
SAL002013,CL00173,2026-02-26,Lex Subscription,subscription,810.85,40.54,770.31,Won,48,Yanis F.
SAL001328,CL00112,2026-02-26,Custom Development,one_time,10308.07,0.0,10308.07,Won,28,Karim T.
SAL004714,CL00389,2026-02-26,Lex Subscription,subscription,809.32,0.0,809.32,Won,40,Amine B.
SAL002223,CL00192,2026-02-26,Ledger Subscription,subscription,859.65,0.0,859.65,Won,61,Karim T.
SAL003213,CL00274,2026-02-26,Ledger Subscription,subscription,1214.91,121.49,1093.42,Won,34,Marie D.
SAL005382,CL00442,2026-02-26,Custom Development,one_time,9335.86,466.79,8869.07,Won,72,Yanis F.
SAL000641,CL00061,2026-02-26,Vector Subscription,subscription,2188.53,0.0,2188.53,Won,29,Sophie L.
SAL005929,CL00486,2026-02-26,Premium Support,subscription,632.52,0.0,632.52,Won,65,Léa M.
SAL000598,CL00057,2026-02-27,Vector Subscription,subscription,864.64,43.23,821.41,Won,24,Marie D.
SAL000863,CL00075,2026-02-27,Core Premium,subscription,2428.35,0.0,2428.35,Won,27,Yanis F.
SAL001575,CL00128,2026-02-27,Vector Subscription,subscription,1332.44,266.49,1065.95,Won,82,Léa M.
SAL000664,CL00065,2026-02-27,Premium Support,subscription,864.01,0.0,864.01,Won,23,Karim T.
SAL002649,CL00230,2026-02-27,Lex Subscription,subscription,806.69,80.67,726.02,Won,73,Sophie L.
SAL000454,CL00049,2026-02-27,Lex Subscription,subscription,1062.76,0.0,1062.76,Won,110,Yanis F.
SAL005583,CL00459,2026-02-27,Custom Development,one_time,13032.1,0.0,13032.1,Won,30,Yanis F.
SAL000853,CL00075,2026-02-27,Core Premium,subscription,5394.76,0.0,5394.76,Won,52,Yanis F.
SAL002369,CL00205,2026-02-27,Training & Onboarding,one_time,3316.43,331.64,2984.79,Won,27,Amine B.
SAL003901,CL00330,2026-02-27,Lex Subscription,subscription,698.94,0.0,698.94,Won,69,Léa M.
SAL004465,CL00370,2026-02-27,Core Premium,subscription,5061.24,253.06,4808.18,Won,42,Sophie L.
SAL000430,CL00045,2026-02-27,Custom Development,one_time,17419.3,0.0,17419.3,Won,12,Sophie L.
SAL005865,CL00481,2026-02-27,Ledger Subscription,subscription,1023.19,102.32,920.87,Won,14,Karim T.
SAL003758,CL00320,2026-02-27,Training & Onboarding,one_time,2129.23,106.46,2022.77,Won,15,Yanis F.
SAL003553,CL00298,2026-02-28,Lex Subscription,subscription,1323.45,66.17,1257.28,Won,100,Sophie L.
SAL002221,CL00192,2026-02-28,Core Premium,subscription,4368.95,0.0,4368.95,Won,89,Karim T.
SAL005110,CL00420,2026-02-28,Custom Development,one_time,31162.58,1558.13,29604.45,Won,31,Marie D.
SAL004227,CL00348,2026-02-28,Vector Subscription,subscription,1528.46,152.85,1375.61,Won,10,Léa M.
SAL002407,CL00206,2026-02-28,Premium Support,subscription,741.59,74.16,667.43,Won,70,Marie D.
SAL000905,CL00078,2026-02-28,Lex Subscription,subscription,999.83,0.0,999.83,Won,28,Yanis F.
SAL004479,CL00371,2026-02-28,Premium Support,subscription,299.68,44.95,254.73,Won,72,Léa M.
SAL000205,CL00018,2026-02-28,Training & Onboarding,one_time,1455.53,145.55,1309.98,Won,77,Sophie L.
SAL003160,CL00266,2026-02-28,Training & Onboarding,one_time,3516.55,0.0,3516.55,Won,42,Marie D.
SAL001839,CL00152,2026-02-28,Vector Subscription,subscription,2086.72,104.34,1982.38,Won,44,Karim T.
SAL005900,CL00484,2026-02-28,Core Premium,subscription,4916.01,737.4,4178.61,Won,18,Marie D.
SAL003809,CL00325,2026-02-28,Premium Support,subscription,404.65,0.0,404.65,Won,24,Marie D.
SAL005892,CL00483,2026-02-28,Ledger Subscription,subscription,736.84,0.0,736.84,Won,34,Amine B.
SAL003675,CL00311,2026-03-01,Lex Subscription,subscription,1485.9,74.3,1411.6,Won,115,Yanis F.
SAL002134,CL00183,2026-03-01,Lex Subscription,subscription,2074.41,207.44,1866.97,Won,23,Marie D.
SAL002162,CL00187,2026-03-01,Lex Subscription,subscription,560.95,0.0,560.95,Won,71,Karim T.
SAL000027,CL00003,2026-03-01,Vector Subscription,subscription,975.86,0.0,975.86,Won,39,Karim T.
SAL004922,CL00404,2026-03-01,Custom Development,one_time,11392.66,569.63,10823.03,Won,89,Sophie L.
SAL001012,CL00085,2026-03-01,Ledger Subscription,subscription,1254.43,0.0,1254.43,Won,48,Marie D.
SAL003532,CL00296,2026-03-01,Vector Subscription,subscription,1512.72,151.27,1361.45,Won,45,Amine B.
SAL004937,CL00405,2026-03-01,Lex Subscription,subscription,1328.4,132.84,1195.56,Won,13,Karim T.
SAL003889,CL00330,2026-03-01,Ledger Subscription,subscription,835.0,125.25,709.75,Won,67,Léa M.
SAL004036,CL00337,2026-03-01,Vector Subscription,subscription,1298.07,0.0,1298.07,Won,10,Marie D.
SAL006071,CL00498,2026-03-02,Custom Development,one_time,12516.55,625.83,11890.72,Won,109,Léa M.
SAL001185,CL00103,2026-03-02,Core Premium,subscription,3881.98,194.1,3687.88,Won,81,Sophie L.
SAL005334,CL00438,2026-03-02,Custom Development,one_time,14299.56,0.0,14299.56,Won,85,Karim T.
SAL006112,CL00500,2026-03-02,Vector Subscription,subscription,2160.99,324.15,1836.84,Won,84,Léa M.
SAL004882,CL00402,2026-03-02,Ledger Subscription,subscription,911.78,0.0,911.78,Won,24,Léa M.
SAL004870,CL00399,2026-03-02,Ledger Subscription,subscription,880.57,0.0,880.57,Won,101,Léa M.
SAL004319,CL00355,2026-03-02,Training & Onboarding,one_time,2551.78,382.77,2169.01,Won,83,Marie D.
SAL004889,CL00402,2026-03-03,Training & Onboarding,one_time,2596.09,0.0,2596.09,Won,40,Léa M.
SAL001426,CL00121,2026-03-03,Premium Support,subscription,782.78,117.42,665.36,Won,108,Amine B.
SAL001294,CL00109,2026-03-03,Core Premium,subscription,5473.77,273.69,5200.08,Won,14,Marie D.
SAL003400,CL00286,2026-03-03,Lex Subscription,subscription,1380.55,0.0,1380.55,Won,63,Yanis F.
SAL002992,CL00255,2026-03-03,Training & Onboarding,one_time,2133.15,0.0,2133.15,Won,24,Marie D.
SAL004158,CL00347,2026-03-04,Vector Subscription,subscription,1450.15,72.51,1377.64,Won,24,Karim T.
SAL003625,CL00303,2026-03-04,Lex Subscription,subscription,823.66,82.37,741.29,Won,116,Karim T.
SAL005291,CL00434,2026-03-04,Ledger Subscription,subscription,1288.39,0.0,1288.39,Won,14,Marie D.
SAL005810,CL00479,2026-03-04,Custom Development,one_time,20265.22,1013.26,19251.96,Won,113,Yanis F.
SAL006008,CL00494,2026-03-04,Ledger Subscription,subscription,1235.44,247.09,988.35,Won,59,Amine B.
SAL002876,CL00244,2026-03-04,Lex Subscription,subscription,495.13,0.0,495.13,Won,31,Amine B.
SAL002061,CL00178,2026-03-04,Core Premium,subscription,2765.31,414.8,2350.51,Won,115,Karim T.
SAL005184,CL00424,2026-03-04,Custom Development,one_time,27149.03,2714.9,24434.13,Won,15,Karim T.
SAL004332,CL00356,2026-03-04,Premium Support,subscription,1082.64,0.0,1082.64,Won,112,Léa M.
SAL002651,CL00230,2026-03-04,Ledger Subscription,subscription,891.35,0.0,891.35,Won,47,Sophie L.
SAL005921,CL00486,2026-03-05,Custom Development,one_time,21979.64,0.0,21979.64,Won,69,Léa M.
SAL005372,CL00441,2026-03-05,Premium Support,subscription,526.36,78.95,447.41,Won,32,Sophie L.
SAL005839,CL00480,2026-03-05,Custom Development,one_time,14047.71,702.39,13345.32,Won,71,Marie D.
SAL002762,CL00240,2026-03-05,Premium Support,subscription,519.56,0.0,519.56,Won,61,Léa M.
SAL000946,CL00080,2026-03-05,Core Premium,subscription,3412.94,170.65,3242.29,Won,13,Amine B.
SAL005467,CL00450,2026-03-05,Vector Subscription,subscription,610.78,0.0,610.78,Won,85,Sophie L.
SAL000351,CL00033,2026-03-05,Vector Subscription,subscription,2103.38,105.17,1998.21,Won,37,Karim T.
SAL005744,CL00475,2026-03-05,Core Premium,subscription,1903.58,0.0,1903.58,Won,78,Sophie L.
SAL004677,CL00386,2026-03-05,Lex Subscription,subscription,842.88,42.14,800.74,Won,39,Yanis F.
SAL003337,CL00281,2026-03-05,Core Premium,subscription,1755.73,87.79,1667.94,Won,52,Amine B.
SAL000622,CL00059,2026-03-05,Ledger Subscription,subscription,1224.75,0.0,1224.75,Won,90,Karim T.
SAL005557,CL00457,2026-03-05,Ledger Subscription,subscription,372.64,18.63,354.01,Won,48,Yanis F.
SAL003549,CL00298,2026-03-05,Custom Development,one_time,5843.93,292.2,5551.73,Won,53,Sophie L.
SAL005964,CL00489,2026-03-05,Ledger Subscription,subscription,1284.54,64.23,1220.31,Won,78,Marie D.
SAL005970,CL00489,2026-03-05,Premium Support,subscription,836.57,41.83,794.74,Won,31,Marie D.
SAL005586,CL00459,2026-03-05,Custom Development,one_time,11173.09,2234.62,8938.47,Won,92,Yanis F.
SAL004776,CL00397,2026-03-05,Premium Support,subscription,717.26,0.0,717.26,Won,20,Yanis F.
SAL000828,CL00074,2026-03-06,Custom Development,one_time,32944.05,0.0,32944.05,Won,63,Léa M.
SAL003208,CL00273,2026-03-06,Vector Subscription,subscription,1543.74,0.0,1543.74,Won,55,Marie D.
SAL004621,CL00381,2026-03-06,Training & Onboarding,one_time,3023.4,453.51,2569.89,Won,118,Karim T.
SAL002004,CL00172,2026-03-06,Ledger Subscription,subscription,746.32,0.0,746.32,Won,38,Sophie L.
SAL005928,CL00486,2026-03-06,Lex Subscription,subscription,559.3,0.0,559.3,Won,36,Léa M.
SAL004236,CL00349,2026-03-06,Ledger Subscription,subscription,1293.79,0.0,1293.79,Won,77,Yanis F.
SAL002886,CL00246,2026-03-06,Custom Development,one_time,17112.7,0.0,17112.7,Won,35,Léa M.
SAL005473,CL00450,2026-03-06,Core Premium,subscription,4469.58,0.0,4469.58,Won,61,Sophie L.
SAL001017,CL00086,2026-03-06,Ledger Subscription,subscription,357.41,53.61,303.8,Won,56,Marie D.
SAL004487,CL00371,2026-03-06,Custom Development,one_time,25327.5,2532.75,22794.75,Won,69,Léa M.
SAL005286,CL00432,2026-03-06,Custom Development,one_time,29708.56,0.0,29708.56,Won,71,Karim T.
SAL005757,CL00477,2026-03-07,Premium Support,subscription,265.87,0.0,265.87,Won,17,Sophie L.
SAL003440,CL00292,2026-03-07,Ledger Subscription,subscription,1262.02,63.1,1198.92,Won,32,Amine B.
SAL003581,CL00300,2026-03-07,Training & Onboarding,one_time,1553.77,233.07,1320.7,Won,40,Léa M.
SAL001025,CL00086,2026-03-07,Core Premium,subscription,4492.36,224.62,4267.74,Won,46,Marie D.
SAL001268,CL00108,2026-03-07,Vector Subscription,subscription,1752.35,0.0,1752.35,Won,51,Sophie L.
SAL002413,CL00209,2026-03-07,Premium Support,subscription,566.9,56.69,510.21,Won,42,Amine B.
SAL000746,CL00070,2026-03-07,Training & Onboarding,one_time,3754.73,0.0,3754.73,Won,19,Yanis F.
SAL003631,CL00303,2026-03-07,Core Premium,subscription,4490.58,898.12,3592.46,Won,39,Karim T.
SAL002653,CL00230,2026-03-07,Custom Development,one_time,23370.58,0.0,23370.58,Won,23,Sophie L.
SAL003875,CL00330,2026-03-07,Custom Development,one_time,12264.37,0.0,12264.37,Won,24,Léa M.
SAL004582,CL00379,2026-03-08,Vector Subscription,subscription,1394.91,69.75,1325.16,Won,70,Yanis F.
SAL004589,CL00379,2026-03-08,Lex Subscription,subscription,794.71,39.74,754.97,Won,47,Yanis F.
SAL006111,CL00500,2026-03-08,Custom Development,one_time,28769.28,0.0,28769.28,Won,48,Léa M.
SAL004861,CL00399,2026-03-08,Training & Onboarding,one_time,1694.08,0.0,1694.08,Won,113,Léa M.
SAL003812,CL00325,2026-03-08,Premium Support,subscription,379.22,56.88,322.34,Won,24,Marie D.
SAL003283,CL00278,2026-03-08,Vector Subscription,subscription,1758.17,0.0,1758.17,Won,54,Yanis F.
SAL005190,CL00424,2026-03-08,Custom Development,one_time,22362.04,2236.2,20125.84,Won,88,Karim T.
SAL001809,CL00149,2026-03-08,Vector Subscription,subscription,1337.63,0.0,1337.63,Won,21,Karim T.
SAL003287,CL00279,2026-03-08,Core Premium,subscription,2833.5,0.0,2833.5,Won,59,Amine B.
SAL003573,CL00300,2026-03-08,Lex Subscription,subscription,1428.75,0.0,1428.75,Won,78,Léa M.
SAL004903,CL00403,2026-03-08,Ledger Subscription,subscription,676.9,33.85,643.05,Won,53,Léa M.
SAL005447,CL00448,2026-03-08,Training & Onboarding,one_time,2171.38,0.0,2171.38,Won,60,Léa M.
SAL002317,CL00201,2026-03-08,Premium Support,subscription,1076.65,0.0,1076.65,Won,26,Sophie L.
SAL002898,CL00249,2026-03-08,Custom Development,one_time,11151.08,557.55,10593.53,Won,68,Marie D.
SAL005482,CL00452,2026-03-08,Custom Development,one_time,29595.96,0.0,29595.96,Won,23,Karim T.
SAL000636,CL00060,2026-03-08,Ledger Subscription,subscription,438.64,43.86,394.78,Won,23,Léa M.
SAL002425,CL00212,2026-03-08,Lex Subscription,subscription,628.88,31.44,597.44,Won,9,Amine B.
SAL005526,CL00455,2026-03-08,Training & Onboarding,one_time,2092.64,209.26,1883.38,Won,118,Sophie L.
SAL003674,CL00310,2026-03-09,Core Premium,subscription,2395.72,359.36,2036.36,Won,24,Sophie L.
SAL001805,CL00149,2026-03-09,Custom Development,one_time,31074.12,3107.41,27966.71,Won,70,Karim T.
SAL000436,CL00045,2026-03-09,Custom Development,one_time,11896.1,594.81,11301.29,Won,18,Sophie L.
SAL000131,CL00012,2026-03-09,Custom Development,one_time,16631.62,831.58,15800.04,Won,71,Yanis F.
SAL003721,CL00317,2026-03-09,Training & Onboarding,one_time,2830.22,141.51,2688.71,Won,29,Amine B.
SAL006000,CL00493,2026-03-09,Ledger Subscription,subscription,671.82,67.18,604.64,Won,77,Sophie L.
SAL001820,CL00150,2026-03-09,Training & Onboarding,one_time,4242.81,212.14,4030.67,Won,90,Amine B.
SAL003761,CL00320,2026-03-09,Premium Support,subscription,860.27,43.01,817.26,Won,40,Yanis F.
SAL001859,CL00154,2026-03-09,Premium Support,subscription,471.61,47.16,424.45,Won,72,Marie D.
SAL004729,CL00390,2026-03-09,Core Premium,subscription,5363.59,0.0,5363.59,Won,85,Amine B.
SAL003737,CL00318,2026-03-09,Premium Support,subscription,874.95,0.0,874.95,Won,29,Yanis F.
SAL001826,CL00151,2026-03-10,Lex Subscription,subscription,983.29,49.16,934.13,Won,45,Marie D.
SAL003801,CL00324,2026-03-10,Training & Onboarding,one_time,2882.71,144.14,2738.57,Won,47,Marie D.
SAL002478,CL00217,2026-03-10,Custom Development,one_time,15026.77,2254.02,12772.75,Won,69,Amine B.
SAL005960,CL00488,2026-03-10,Core Premium,subscription,4117.95,0.0,4117.95,Won,88,Karim T.
SAL005443,CL00448,2026-03-10,Premium Support,subscription,222.49,0.0,222.49,Won,81,Léa M.
SAL000355,CL00033,2026-03-10,Lex Subscription,subscription,1540.16,0.0,1540.16,Won,59,Karim T.
SAL002728,CL00237,2026-03-10,Training & Onboarding,one_time,1364.18,204.63,1159.55,Won,42,Amine B.
SAL000473,CL00050,2026-03-10,Custom Development,one_time,21961.44,0.0,21961.44,Won,80,Léa M.
SAL002754,CL00239,2026-03-10,Lex Subscription,subscription,1628.03,325.61,1302.42,Won,38,Yanis F.
SAL001117,CL00096,2026-03-10,Premium Support,subscription,611.1,30.56,580.54,Won,17,Léa M.
SAL005363,CL00441,2026-03-10,Premium Support,subscription,710.4,0.0,710.4,Won,16,Sophie L.
SAL004420,CL00364,2026-03-10,Premium Support,subscription,326.43,32.64,293.79,Won,70,Yanis F.
SAL003439,CL00292,2026-03-11,Training & Onboarding,one_time,3226.54,645.31,2581.23,Won,61,Amine B.
SAL003508,CL00294,2026-03-11,Custom Development,one_time,14849.76,742.49,14107.27,Won,120,Amine B.
SAL005898,CL00484,2026-03-11,Core Premium,subscription,2532.09,0.0,2532.09,Won,53,Marie D.
SAL000069,CL00008,2026-03-11,Training & Onboarding,one_time,1493.56,0.0,1493.56,Won,52,Karim T.
SAL004651,CL00385,2026-03-11,Ledger Subscription,subscription,585.58,0.0,585.58,Won,18,Marie D.
SAL000589,CL00057,2026-03-11,Premium Support,subscription,327.11,32.71,294.4,Won,20,Marie D.
SAL002254,CL00193,2026-03-11,Premium Support,subscription,562.66,0.0,562.66,Won,33,Karim T.
SAL002870,CL00244,2026-03-11,Premium Support,subscription,409.59,0.0,409.59,Won,43,Amine B.
SAL002257,CL00193,2026-03-12,Training & Onboarding,one_time,3095.49,0.0,3095.49,Won,33,Karim T.
SAL002481,CL00217,2026-03-12,Core Premium,subscription,2373.52,0.0,2373.52,Won,85,Amine B.
SAL005095,CL00418,2026-03-12,Premium Support,subscription,414.7,41.47,373.23,Won,52,Léa M.
SAL001326,CL00112,2026-03-12,Core Premium,subscription,5142.81,0.0,5142.81,Won,44,Karim T.
SAL001329,CL00112,2026-03-12,Custom Development,one_time,17582.46,879.12,16703.34,Won,90,Karim T.
SAL004121,CL00343,2026-03-12,Core Premium,subscription,2538.47,0.0,2538.47,Won,83,Amine B.
SAL001992,CL00171,2026-03-12,Ledger Subscription,subscription,591.56,0.0,591.56,Won,56,Karim T.
SAL001976,CL00170,2026-03-12,Core Premium,subscription,2876.45,0.0,2876.45,Won,87,Léa M.
SAL001581,CL00128,2026-03-13,Premium Support,subscription,573.59,0.0,573.59,Won,70,Léa M.
SAL001467,CL00122,2026-03-13,Premium Support,subscription,516.77,51.68,465.09,Won,72,Marie D.
SAL004708,CL00388,2026-03-13,Vector Subscription,subscription,1579.54,157.95,1421.59,Won,56,Léa M.
SAL002939,CL00252,2026-03-13,Custom Development,one_time,12667.47,0.0,12667.47,Won,79,Marie D.
SAL003919,CL00332,2026-03-13,Custom Development,one_time,32207.06,6441.41,25765.65,Won,80,Amine B.
SAL005913,CL00485,2026-03-13,Core Premium,subscription,3429.42,342.94,3086.48,Won,56,Karim T.
SAL000572,CL00055,2026-03-13,Lex Subscription,subscription,1560.87,78.04,1482.83,Won,16,Karim T.
SAL001179,CL00103,2026-03-13,Custom Development,one_time,30015.88,6003.18,24012.7,Won,50,Sophie L.
SAL003677,CL00311,2026-03-13,Vector Subscription,subscription,1470.51,0.0,1470.51,Won,106,Yanis F.
SAL003814,CL00325,2026-03-13,Premium Support,subscription,654.79,98.22,556.57,Won,71,Marie D.
SAL005976,CL00490,2026-03-13,Lex Subscription,subscription,659.31,0.0,659.31,Won,63,Sophie L.
SAL001225,CL00107,2026-03-13,Lex Subscription,subscription,1120.9,56.04,1064.86,Won,40,Yanis F.
SAL002401,CL00205,2026-03-14,Premium Support,subscription,926.53,138.98,787.55,Won,10,Amine B.
SAL001892,CL00161,2026-03-14,Vector Subscription,subscription,2076.92,207.69,1869.23,Won,45,Sophie L.
SAL004400,CL00362,2026-03-14,Ledger Subscription,subscription,416.88,20.84,396.04,Won,29,Léa M.
SAL001734,CL00143,2026-03-14,Lex Subscription,subscription,983.08,147.46,835.62,Won,61,Yanis F.
SAL000609,CL00057,2026-03-14,Ledger Subscription,subscription,381.29,19.06,362.23,Won,70,Marie D.
SAL005727,CL00472,2026-03-14,Core Premium,subscription,3785.92,378.59,3407.33,Won,7,Léa M.
SAL002794,CL00241,2026-03-14,Lex Subscription,subscription,563.51,84.53,478.98,Won,86,Amine B.
SAL004388,CL00362,2026-03-14,Custom Development,one_time,11333.1,1133.31,10199.79,Won,48,Léa M.
SAL005602,CL00461,2026-03-14,Ledger Subscription,subscription,1243.63,0.0,1243.63,Won,53,Marie D.
SAL002038,CL00176,2026-03-14,Core Premium,subscription,3033.92,606.78,2427.14,Won,70,Yanis F.
SAL001067,CL00089,2026-03-14,Vector Subscription,subscription,1316.78,131.68,1185.1,Won,40,Yanis F.
SAL001092,CL00092,2026-03-14,Custom Development,one_time,30727.3,0.0,30727.3,Won,52,Marie D.
SAL005665,CL00466,2026-03-15,Lex Subscription,subscription,1583.25,237.49,1345.76,Won,32,Yanis F.
SAL005562,CL00458,2026-03-15,Premium Support,subscription,220.73,0.0,220.73,Won,56,Karim T.
SAL003020,CL00256,2026-03-15,Lex Subscription,subscription,1585.93,0.0,1585.93,Won,109,Sophie L.
SAL000585,CL00057,2026-03-15,Ledger Subscription,subscription,828.74,0.0,828.74,Won,43,Marie D.
SAL003203,CL00273,2026-03-15,Ledger Subscription,subscription,539.11,0.0,539.11,Won,7,Marie D.
SAL004343,CL00358,2026-03-15,Lex Subscription,subscription,1449.25,0.0,1449.25,Won,69,Amine B.
SAL003084,CL00258,2026-03-15,Custom Development,one_time,32151.89,0.0,32151.89,Won,49,Sophie L.
SAL000248,CL00024,2026-03-15,Custom Development,one_time,26257.57,0.0,26257.57,Won,34,Karim T.
SAL000689,CL00067,2026-03-15,Custom Development,one_time,32231.32,1611.57,30619.75,Won,28,Karim T.
SAL005418,CL00446,2026-03-15,Training & Onboarding,one_time,3664.24,549.64,3114.6,Won,15,Yanis F.
SAL002203,CL00190,2026-03-15,Ledger Subscription,subscription,509.09,50.91,458.18,Won,50,Marie D.
SAL005177,CL00424,2026-03-15,Vector Subscription,subscription,692.55,34.63,657.92,Won,84,Karim T.
SAL002309,CL00201,2026-03-15,Custom Development,one_time,14748.38,737.42,14010.96,Won,69,Sophie L.
SAL005449,CL00449,2026-03-15,Lex Subscription,subscription,1565.06,156.51,1408.55,Won,14,Sophie L.
SAL004244,CL00349,2026-03-15,Training & Onboarding,one_time,2242.63,0.0,2242.63,Won,84,Yanis F.
SAL004900,CL00403,2026-03-15,Lex Subscription,subscription,1131.77,0.0,1131.77,Won,37,Léa M.
SAL002940,CL00252,2026-03-16,Ledger Subscription,subscription,854.58,0.0,854.58,Won,78,Marie D.
SAL000885,CL00075,2026-03-16,Vector Subscription,subscription,699.25,104.89,594.36,Won,23,Yanis F.
SAL004703,CL00388,2026-03-16,Custom Development,one_time,23257.31,0.0,23257.31,Won,38,Léa M.
SAL002217,CL00192,2026-03-16,Ledger Subscription,subscription,629.78,62.98,566.8,Won,74,Karim T.
SAL001198,CL00103,2026-03-16,Lex Subscription,subscription,1345.26,0.0,1345.26,Won,120,Sophie L.
SAL003332,CL00281,2026-03-16,Vector Subscription,subscription,1870.63,187.06,1683.57,Won,28,Amine B.
SAL000485,CL00050,2026-03-16,Core Premium,subscription,3766.96,0.0,3766.96,Won,20,Léa M.
SAL004098,CL00342,2026-03-16,Training & Onboarding,one_time,2054.26,0.0,2054.26,Won,22,Amine B.
SAL000932,CL00079,2026-03-16,Training & Onboarding,one_time,1997.76,0.0,1997.76,Won,24,Yanis F.
SAL002868,CL00244,2026-03-16,Ledger Subscription,subscription,1017.47,101.75,915.72,Won,13,Amine B.
SAL005381,CL00442,2026-03-16,Lex Subscription,subscription,1413.54,0.0,1413.54,Won,21,Yanis F.
SAL002526,CL00221,2026-03-16,Core Premium,subscription,5125.45,1025.09,4100.36,Won,103,Sophie L.
SAL004932,CL00404,2026-03-16,Custom Development,one_time,30473.66,4571.05,25902.61,Won,88,Sophie L.
SAL001249,CL00107,2026-03-16,Training & Onboarding,one_time,2857.84,285.78,2572.06,Won,37,Yanis F.
SAL001592,CL00130,2026-03-16,Ledger Subscription,subscription,363.49,18.17,345.32,Won,51,Marie D.
SAL001701,CL00136,2026-03-16,Vector Subscription,subscription,917.75,0.0,917.75,Won,87,Karim T.
SAL002140,CL00185,2026-03-17,Training & Onboarding,one_time,1604.35,0.0,1604.35,Won,27,Yanis F.
SAL000773,CL00072,2026-03-17,Lex Subscription,subscription,536.57,107.31,429.26,Won,22,Yanis F.
SAL004117,CL00343,2026-03-17,Premium Support,subscription,529.14,0.0,529.14,Won,103,Amine B.
SAL003545,CL00297,2026-03-17,Training & Onboarding,one_time,2386.14,119.31,2266.83,Won,30,Sophie L.
SAL005531,CL00455,2026-03-17,Core Premium,subscription,4132.33,0.0,4132.33,Won,82,Sophie L.
SAL002192,CL00190,2026-03-17,Lex Subscription,subscription,1033.64,155.05,878.59,Won,46,Marie D.
SAL000245,CL00023,2026-03-17,Lex Subscription,subscription,1325.34,198.8,1126.54,Won,30,Léa M.
SAL002656,CL00231,2026-03-17,Custom Development,one_time,9996.8,0.0,9996.8,Won,10,Marie D.
SAL001854,CL00153,2026-03-17,Training & Onboarding,one_time,4195.68,0.0,4195.68,Won,51,Yanis F.
SAL002629,CL00226,2026-03-17,Ledger Subscription,subscription,1088.87,54.44,1034.43,Won,97,Yanis F.
SAL005340,CL00438,2026-03-17,Ledger Subscription,subscription,622.6,0.0,622.6,Won,61,Karim T.
SAL004352,CL00359,2026-03-17,Training & Onboarding,one_time,4145.69,207.28,3938.41,Won,45,Léa M.
SAL002917,CL00251,2026-03-17,Ledger Subscription,subscription,920.96,46.05,874.91,Won,59,Sophie L.
SAL003742,CL00318,2026-03-17,Ledger Subscription,subscription,1175.26,117.53,1057.73,Won,83,Yanis F.
SAL003037,CL00256,2026-03-18,Lex Subscription,subscription,1431.22,0.0,1431.22,Won,83,Sophie L.
SAL005028,CL00414,2026-03-18,Core Premium,subscription,4888.24,733.24,4155.0,Won,19,Amine B.
SAL005774,CL00478,2026-03-18,Ledger Subscription,subscription,573.4,114.68,458.72,Won,82,Yanis F.
SAL005055,CL00415,2026-03-18,Vector Subscription,subscription,1644.24,164.42,1479.82,Won,72,Amine B.
SAL000134,CL00012,2026-03-18,Core Premium,subscription,2939.55,0.0,2939.55,Won,68,Yanis F.
SAL002712,CL00236,2026-03-18,Lex Subscription,subscription,1249.87,62.49,1187.38,Won,55,Yanis F.
SAL000487,CL00050,2026-03-18,Training & Onboarding,one_time,3076.13,307.61,2768.52,Won,66,Léa M.
SAL001476,CL00122,2026-03-18,Custom Development,one_time,6649.51,0.0,6649.51,Won,9,Marie D.
SAL002578,CL00222,2026-03-18,Lex Subscription,subscription,1357.89,203.68,1154.21,Won,55,Léa M.
SAL001408,CL00120,2026-03-18,Training & Onboarding,one_time,2759.44,275.94,2483.5,Won,65,Marie D.
SAL000451,CL00049,2026-03-18,Training & Onboarding,one_time,4316.75,215.84,4100.91,Won,69,Yanis F.
SAL003458,CL00293,2026-03-18,Core Premium,subscription,2944.75,0.0,2944.75,Won,95,Karim T.
SAL003729,CL00317,2026-03-18,Custom Development,one_time,15893.01,0.0,15893.01,Won,120,Amine B.
SAL004622,CL00382,2026-03-18,Ledger Subscription,subscription,1299.46,0.0,1299.46,Won,73,Marie D.
SAL000056,CL00008,2026-03-18,Lex Subscription,subscription,818.78,0.0,818.78,Won,111,Karim T.
SAL003457,CL00293,2026-03-18,Ledger Subscription,subscription,378.37,18.92,359.45,Won,36,Karim T.
SAL001260,CL00108,2026-03-18,Premium Support,subscription,597.82,59.78,538.04,Won,24,Sophie L.
SAL002101,CL00181,2026-03-18,Vector Subscription,subscription,983.63,0.0,983.63,Won,69,Sophie L.
SAL002716,CL00236,2026-03-19,Training & Onboarding,one_time,1536.12,0.0,1536.12,Won,23,Yanis F.
SAL006110,CL00500,2026-03-19,Training & Onboarding,one_time,1663.01,0.0,1663.01,Won,22,Léa M.
SAL005922,CL00486,2026-03-19,Training & Onboarding,one_time,3778.75,0.0,3778.75,Won,59,Léa M.
SAL003706,CL00316,2026-03-19,Premium Support,subscription,504.53,50.45,454.08,Won,30,Marie D.
SAL000338,CL00031,2026-03-19,Lex Subscription,subscription,1434.91,71.75,1363.16,Won,67,Marie D.
SAL003286,CL00279,2026-03-19,Vector Subscription,subscription,1261.78,0.0,1261.78,Won,86,Amine B.
SAL005641,CL00464,2026-03-19,Vector Subscription,subscription,1758.91,87.95,1670.96,Won,59,Léa M.
SAL004543,CL00375,2026-03-19,Ledger Subscription,subscription,731.66,146.33,585.33,Won,38,Sophie L.
SAL001885,CL00159,2026-03-19,Custom Development,one_time,18812.64,0.0,18812.64,Won,48,Sophie L.
SAL006024,CL00495,2026-03-19,Core Premium,subscription,2734.37,0.0,2734.37,Won,52,Marie D.
SAL000836,CL00074,2026-03-19,Core Premium,subscription,4375.31,437.53,3937.78,Won,7,Léa M.
SAL002270,CL00195,2026-03-19,Core Premium,subscription,5447.17,0.0,5447.17,Won,78,Yanis F.
SAL002264,CL00194,2026-03-19,Vector Subscription,subscription,2397.34,239.73,2157.61,Won,28,Yanis F.
SAL002887,CL00246,2026-03-19,Ledger Subscription,subscription,893.64,0.0,893.64,Won,47,Léa M.
SAL001586,CL00130,2026-03-19,Ledger Subscription,subscription,880.81,44.04,836.77,Won,44,Marie D.
SAL001313,CL00111,2026-03-19,Lex Subscription,subscription,656.41,32.82,623.59,Won,42,Sophie L.
SAL000457,CL00049,2026-03-19,Training & Onboarding,one_time,2418.0,241.8,2176.2,Won,78,Yanis F.
SAL003533,CL00296,2026-03-19,Vector Subscription,subscription,1788.66,0.0,1788.66,Won,33,Amine B.
SAL005058,CL00416,2026-03-19,Premium Support,subscription,778.76,0.0,778.76,Won,20,Marie D.
SAL000220,CL00020,2026-03-20,Training & Onboarding,one_time,3611.62,180.58,3431.04,Won,65,Sophie L.
SAL002573,CL00222,2026-03-20,Custom Development,one_time,12989.87,0.0,12989.87,Won,68,Léa M.
SAL005362,CL00441,2026-03-20,Lex Subscription,subscription,984.39,0.0,984.39,Won,34,Sophie L.
SAL000369,CL00034,2026-03-20,Custom Development,one_time,20954.13,1047.71,19906.42,Won,47,Amine B.
SAL004956,CL00406,2026-03-20,Custom Development,one_time,27230.27,1361.51,25868.76,Won,12,Yanis F.
SAL005891,CL00483,2026-03-20,Custom Development,one_time,25385.03,0.0,25385.03,Won,38,Amine B.
SAL004112,CL00342,2026-03-20,Vector Subscription,subscription,1064.19,0.0,1064.19,Won,42,Amine B.
SAL003083,CL00258,2026-03-20,Premium Support,subscription,511.17,0.0,511.17,Won,89,Sophie L.
SAL004365,CL00360,2026-03-20,Lex Subscription,subscription,1108.05,166.21,941.84,Won,29,Karim T.
SAL004567,CL00377,2026-03-20,Core Premium,subscription,4996.78,249.84,4746.94,Won,101,Léa M.
SAL000241,CL00022,2026-03-20,Custom Development,one_time,35462.08,1773.1,33688.98,Won,85,Sophie L.
SAL002408,CL00207,2026-03-20,Custom Development,one_time,26986.81,0.0,26986.81,Won,16,Marie D.
SAL003678,CL00311,2026-03-20,Training & Onboarding,one_time,5347.65,267.38,5080.27,Won,39,Yanis F.
SAL001911,CL00163,2026-03-20,Ledger Subscription,subscription,1008.33,0.0,1008.33,Won,70,Amine B.
SAL002819,CL00241,2026-03-20,Vector Subscription,subscription,1634.08,0.0,1634.08,Won,96,Amine B.
SAL000201,CL00018,2026-03-20,Custom Development,one_time,25317.69,0.0,25317.69,Won,61,Sophie L.
SAL001870,CL00155,2026-03-20,Lex Subscription,subscription,1538.92,0.0,1538.92,Won,46,Marie D.
SAL005299,CL00434,2026-03-21,Vector Subscription,subscription,936.71,0.0,936.71,Won,43,Marie D.
SAL003808,CL00325,2026-03-21,Custom Development,one_time,16485.01,0.0,16485.01,Won,77,Marie D.
SAL005999,CL00493,2026-03-21,Training & Onboarding,one_time,1816.87,0.0,1816.87,Won,49,Sophie L.
SAL005511,CL00454,2026-03-21,Ledger Subscription,subscription,1261.74,63.09,1198.65,Won,44,Marie D.
SAL005742,CL00475,2026-03-21,Custom Development,one_time,22812.6,1140.63,21671.97,Won,24,Sophie L.
SAL000481,CL00050,2026-03-21,Custom Development,one_time,16546.92,2482.04,14064.88,Won,63,Léa M.
SAL005403,CL00444,2026-03-21,Custom Development,one_time,29055.01,0.0,29055.01,Won,35,Léa M.
SAL005956,CL00488,2026-03-21,Premium Support,subscription,580.91,0.0,580.91,Won,90,Karim T.
SAL005551,CL00456,2026-03-21,Training & Onboarding,one_time,3100.3,465.05,2635.25,Won,120,Marie D.
SAL000469,CL00050,2026-03-21,Training & Onboarding,one_time,3464.99,346.5,3118.49,Won,46,Léa M.
SAL004495,CL00371,2026-03-21,Training & Onboarding,one_time,4302.83,0.0,4302.83,Won,39,Léa M.
SAL002937,CL00252,2026-03-21,Training & Onboarding,one_time,1844.04,0.0,1844.04,Won,52,Marie D.
SAL003443,CL00292,2026-03-21,Core Premium,subscription,3443.89,0.0,3443.89,Won,56,Amine B.
SAL002336,CL00202,2026-03-22,Core Premium,subscription,5003.68,0.0,5003.68,Won,20,Karim T.
SAL002480,CL00217,2026-03-22,Ledger Subscription,subscription,1093.65,0.0,1093.65,Won,28,Amine B.
SAL002137,CL00184,2026-03-22,Premium Support,subscription,315.82,0.0,315.82,Won,26,Sophie L.
SAL005841,CL00480,2026-03-22,Training & Onboarding,one_time,3413.46,170.67,3242.79,Won,79,Marie D.
SAL001238,CL00107,2026-03-22,Lex Subscription,subscription,1560.96,156.1,1404.86,Won,77,Yanis F.
SAL006106,CL00499,2026-03-22,Vector Subscription,subscription,1760.9,0.0,1760.9,Won,39,Sophie L.
SAL005927,CL00486,2026-03-22,Ledger Subscription,subscription,709.11,0.0,709.11,Won,75,Léa M.
SAL003648,CL00307,2026-03-22,Ledger Subscription,subscription,666.01,66.6,599.41,Won,32,Léa M.
SAL002060,CL00178,2026-03-22,Custom Development,one_time,16541.07,1654.11,14886.96,Won,61,Karim T.
SAL005310,CL00434,2026-03-22,Core Premium,subscription,1985.85,99.29,1886.56,Won,47,Marie D.
SAL002263,CL00193,2026-03-22,Training & Onboarding,one_time,1412.73,0.0,1412.73,Won,100,Karim T.
SAL000951,CL00081,2026-03-22,Vector Subscription,subscription,1822.05,0.0,1822.05,Won,30,Léa M.
SAL004790,CL00397,2026-03-22,Vector Subscription,subscription,663.37,0.0,663.37,Won,85,Yanis F.
SAL002410,CL00207,2026-03-22,Ledger Subscription,subscription,1021.44,0.0,1021.44,Won,82,Marie D.
SAL004048,CL00338,2026-03-22,Training & Onboarding,one_time,3886.69,0.0,3886.69,Won,54,Léa M.
SAL001270,CL00108,2026-03-22,Vector Subscription,subscription,2189.68,0.0,2189.68,Won,113,Sophie L.
SAL006017,CL00494,2026-03-22,Lex Subscription,subscription,780.3,0.0,780.3,Won,81,Amine B.
SAL005301,CL00434,2026-03-22,Vector Subscription,subscription,2074.6,311.19,1763.41,Won,44,Marie D.
SAL000491,CL00051,2026-03-23,Core Premium,subscription,3889.47,0.0,3889.47,Won,20,Amine B.
SAL005037,CL00415,2026-03-23,Ledger Subscription,subscription,940.83,141.12,799.71,Won,22,Amine B.
SAL002161,CL00187,2026-03-23,Training & Onboarding,one_time,2610.97,261.1,2349.87,Won,24,Karim T.
SAL000073,CL00009,2026-03-23,Premium Support,subscription,650.01,0.0,650.01,Won,30,Amine B.
SAL001122,CL00097,2026-03-23,Lex Subscription,subscription,512.87,0.0,512.87,Won,73,Amine B.
SAL005025,CL00412,2026-03-23,Vector Subscription,subscription,1358.82,67.94,1290.88,Won,41,Marie D.
SAL001709,CL00140,2026-03-23,Training & Onboarding,one_time,1827.55,182.76,1644.79,Won,70,Marie D.
SAL004579,CL00379,2026-03-23,Custom Development,one_time,19945.4,0.0,19945.4,Won,28,Yanis F.
SAL005730,CL00473,2026-03-23,Training & Onboarding,one_time,1303.99,0.0,1303.99,Won,50,Karim T.
SAL001765,CL00146,2026-03-23,Lex Subscription,subscription,471.66,0.0,471.66,Won,57,Marie D.
SAL000199,CL00018,2026-03-23,Premium Support,subscription,668.5,66.85,601.65,Won,35,Sophie L.
SAL001322,CL00112,2026-03-23,Vector Subscription,subscription,1058.78,0.0,1058.78,Won,76,Karim T.
SAL003345,CL00282,2026-03-23,Lex Subscription,subscription,1535.73,153.57,1382.16,Won,73,Amine B.
SAL002048,CL00177,2026-03-23,Premium Support,subscription,530.83,0.0,530.83,Won,78,Marie D.
SAL001768,CL00146,2026-03-23,Core Premium,subscription,4051.25,405.13,3646.12,Won,74,Marie D.
SAL005145,CL00422,2026-03-23,Custom Development,one_time,35695.34,0.0,35695.34,Won,55,Sophie L.
SAL002148,CL00185,2026-03-24,Core Premium,subscription,4882.06,0.0,4882.06,Won,74,Yanis F.
SAL004348,CL00358,2026-03-24,Core Premium,subscription,5041.43,252.07,4789.36,Won,76,Amine B.
SAL004373,CL00360,2026-03-24,Custom Development,one_time,14351.68,2870.34,11481.34,Won,56,Karim T.
SAL005556,CL00456,2026-03-24,Training & Onboarding,one_time,1697.05,0.0,1697.05,Won,60,Marie D.
SAL006082,CL00498,2026-03-24,Custom Development,one_time,6652.58,665.26,5987.32,Won,81,Léa M.
SAL003514,CL00295,2026-03-24,Training & Onboarding,one_time,4151.49,207.57,3943.92,Won,58,Amine B.
SAL002577,CL00222,2026-03-24,Lex Subscription,subscription,972.17,0.0,972.17,Won,79,Léa M.
SAL004886,CL00402,2026-03-24,Vector Subscription,subscription,823.13,123.47,699.66,Won,78,Léa M.
SAL001121,CL00097,2026-03-24,Core Premium,subscription,2630.96,394.64,2236.32,Won,79,Amine B.
SAL004958,CL00406,2026-03-24,Custom Development,one_time,30145.32,3014.53,27130.79,Won,72,Yanis F.
SAL003330,CL00281,2026-03-24,Custom Development,one_time,12469.01,623.45,11845.56,Won,23,Amine B.
SAL003922,CL00332,2026-03-24,Lex Subscription,subscription,756.45,0.0,756.45,Won,28,Amine B.
SAL004995,CL00408,2026-03-24,Custom Development,one_time,8960.25,0.0,8960.25,Won,70,Karim T.
SAL003473,CL00294,2026-03-24,Core Premium,subscription,4363.53,0.0,4363.53,Won,65,Amine B.
SAL004463,CL00370,2026-03-24,Premium Support,subscription,541.07,0.0,541.07,Won,12,Sophie L.
SAL000325,CL00030,2026-03-24,Custom Development,one_time,28552.18,0.0,28552.18,Won,102,Karim T.
SAL001002,CL00085,2026-03-25,Premium Support,subscription,331.73,0.0,331.73,Won,9,Marie D.
SAL001049,CL00088,2026-03-25,Core Premium,subscription,4078.46,0.0,4078.46,Won,20,Amine B.
SAL001218,CL00106,2026-03-25,Custom Development,one_time,40698.25,0.0,40698.25,Won,71,Karim T.
SAL002189,CL00189,2026-03-25,Ledger Subscription,subscription,748.97,37.45,711.52,Won,60,Sophie L.
SAL004104,CL00342,2026-03-25,Ledger Subscription,subscription,632.88,0.0,632.88,Won,38,Amine B.
SAL005207,CL00425,2026-03-25,Vector Subscription,subscription,1725.07,86.25,1638.82,Won,76,Léa M.
SAL002364,CL00204,2026-03-25,Ledger Subscription,subscription,348.81,0.0,348.81,Won,40,Yanis F.
SAL000087,CL00009,2026-03-25,Training & Onboarding,one_time,3620.25,362.03,3258.22,Won,81,Amine B.
SAL004761,CL00395,2026-03-25,Vector Subscription,subscription,685.68,137.14,548.54,Won,77,Karim T.
SAL001196,CL00103,2026-03-25,Training & Onboarding,one_time,1216.6,182.49,1034.11,Won,80,Sophie L.
SAL005625,CL00462,2026-03-25,Lex Subscription,subscription,613.27,61.33,551.94,Won,57,Marie D.
SAL003147,CL00265,2026-03-25,Custom Development,one_time,24452.11,0.0,24452.11,Won,37,Marie D.
SAL005019,CL00411,2026-03-25,Ledger Subscription,subscription,557.52,27.88,529.64,Won,76,Yanis F.
SAL003820,CL00326,2026-03-25,Vector Subscription,subscription,1105.89,0.0,1105.89,Won,81,Karim T.
SAL001200,CL00104,2026-03-25,Custom Development,one_time,5590.91,559.09,5031.82,Won,81,Sophie L.
SAL003607,CL00302,2026-03-25,Custom Development,one_time,11095.7,0.0,11095.7,Won,27,Karim T.
SAL005033,CL00415,2026-03-26,Premium Support,subscription,361.31,0.0,361.31,Won,19,Amine B.
SAL000202,CL00018,2026-03-26,Lex Subscription,subscription,579.18,0.0,579.18,Won,50,Sophie L.
SAL005021,CL00411,2026-03-26,Ledger Subscription,subscription,1206.89,0.0,1206.89,Won,12,Yanis F.
SAL001181,CL00103,2026-03-26,Core Premium,subscription,3241.28,486.19,2755.09,Won,48,Sophie L.
SAL005541,CL00455,2026-03-26,Custom Development,one_time,31541.92,3154.19,28387.73,Won,36,Sophie L.
SAL002305,CL00200,2026-03-26,Vector Subscription,subscription,994.17,0.0,994.17,Won,101,Karim T.
SAL004347,CL00358,2026-03-27,Premium Support,subscription,599.73,0.0,599.73,Won,31,Amine B.
SAL004707,CL00388,2026-03-27,Custom Development,one_time,27661.87,1383.09,26278.78,Won,83,Léa M.
SAL000619,CL00059,2026-03-27,Training & Onboarding,one_time,1732.62,86.63,1645.99,Won,28,Karim T.
SAL002990,CL00255,2026-03-27,Core Premium,subscription,2335.07,0.0,2335.07,Won,38,Marie D.
SAL003374,CL00284,2026-03-27,Custom Development,one_time,32363.66,4854.55,27509.11,Won,62,Léa M.
SAL000211,CL00019,2026-03-27,Ledger Subscription,subscription,367.76,36.78,330.98,Won,37,Sophie L.
SAL005678,CL00468,2026-03-27,Ledger Subscription,subscription,1100.81,0.0,1100.81,Won,80,Yanis F.
SAL002904,CL00250,2026-03-27,Training & Onboarding,one_time,1561.25,156.12,1405.13,Won,48,Léa M.
SAL004467,CL00370,2026-03-27,Premium Support,subscription,597.88,0.0,597.88,Won,51,Sophie L.
SAL001219,CL00107,2026-03-27,Training & Onboarding,one_time,1343.66,0.0,1343.66,Won,82,Yanis F.
SAL000505,CL00053,2026-03-27,Training & Onboarding,one_time,3805.2,380.52,3424.68,Won,18,Amine B.
SAL002347,CL00203,2026-03-27,Lex Subscription,subscription,659.19,0.0,659.19,Won,83,Karim T.
SAL003424,CL00291,2026-03-27,Ledger Subscription,subscription,769.32,0.0,769.32,Won,48,Marie D.
SAL002188,CL00189,2026-03-28,Custom Development,one_time,19930.27,0.0,19930.27,Won,52,Sophie L.
SAL004654,CL00385,2026-03-28,Lex Subscription,subscription,1354.35,0.0,1354.35,Won,81,Marie D.
SAL002718,CL00236,2026-03-28,Ledger Subscription,subscription,536.08,0.0,536.08,Won,58,Yanis F.
SAL002303,CL00200,2026-03-28,Vector Subscription,subscription,1340.35,201.05,1139.3,Won,75,Karim T.
SAL004850,CL00399,2026-03-28,Ledger Subscription,subscription,617.57,0.0,617.57,Won,54,Léa M.
SAL001594,CL00130,2026-03-28,Vector Subscription,subscription,1418.45,0.0,1418.45,Won,81,Marie D.
SAL005961,CL00488,2026-03-28,Custom Development,one_time,20886.14,0.0,20886.14,Won,98,Karim T.
SAL004583,CL00379,2026-03-28,Vector Subscription,subscription,1273.75,127.38,1146.37,Won,15,Yanis F.
SAL001174,CL00103,2026-03-28,Ledger Subscription,subscription,1164.6,0.0,1164.6,Won,102,Sophie L.
SAL003200,CL00272,2026-03-28,Lex Subscription,subscription,486.13,48.61,437.52,Won,10,Yanis F.
SAL001098,CL00093,2026-03-28,Lex Subscription,subscription,911.84,0.0,911.84,Won,67,Karim T.
SAL001950,CL00168,2026-03-29,Premium Support,subscription,728.41,72.84,655.57,Won,87,Yanis F.
SAL000683,CL00067,2026-03-29,Vector Subscription,subscription,781.45,0.0,781.45,Won,66,Karim T.
SAL005590,CL00461,2026-03-29,Core Premium,subscription,5048.65,0.0,5048.65,Won,87,Marie D.
SAL004723,CL00390,2026-03-29,Core Premium,subscription,2564.97,0.0,2564.97,Won,20,Amine B.
SAL005360,CL00441,2026-03-29,Vector Subscription,subscription,1603.51,0.0,1603.51,Won,31,Sophie L.
SAL003623,CL00303,2026-03-29,Ledger Subscription,subscription,429.88,0.0,429.88,Won,59,Karim T.
SAL004410,CL00364,2026-03-29,Training & Onboarding,one_time,3686.27,368.63,3317.64,Won,55,Yanis F.
SAL004913,CL00404,2026-03-29,Premium Support,subscription,747.65,0.0,747.65,Won,73,Sophie L.
SAL001132,CL00099,2026-03-29,Custom Development,one_time,10437.85,0.0,10437.85,Won,51,Yanis F.
SAL002781,CL00241,2026-03-29,Training & Onboarding,one_time,3793.85,189.69,3604.16,Won,75,Amine B.
SAL000798,CL00073,2026-03-29,Core Premium,subscription,3237.36,0.0,3237.36,Won,36,Yanis F.
SAL005218,CL00425,2026-03-29,Training & Onboarding,one_time,1140.29,0.0,1140.29,Won,37,Léa M.
SAL005876,CL00482,2026-03-30,Lex Subscription,subscription,814.98,0.0,814.98,Won,55,Yanis F.
SAL000996,CL00085,2026-03-30,Vector Subscription,subscription,913.4,0.0,913.4,Won,66,Marie D.
SAL002331,CL00202,2026-03-30,Core Premium,subscription,3804.94,570.74,3234.2,Won,87,Karim T.
SAL000816,CL00073,2026-03-30,Lex Subscription,subscription,1355.79,135.58,1220.21,Won,105,Yanis F.
SAL002477,CL00216,2026-03-30,Ledger Subscription,subscription,1065.57,0.0,1065.57,Won,30,Yanis F.
SAL002724,CL00237,2026-03-30,Training & Onboarding,one_time,1933.83,0.0,1933.83,Won,30,Amine B.
SAL004336,CL00356,2026-03-30,Custom Development,one_time,35873.18,0.0,35873.18,Won,40,Léa M.
SAL001685,CL00136,2026-03-30,Core Premium,subscription,2844.15,284.42,2559.73,Won,86,Karim T.
SAL002259,CL00193,2026-03-30,Custom Development,one_time,28357.3,5671.46,22685.84,Won,66,Karim T.
SAL004678,CL00386,2026-03-30,Lex Subscription,subscription,961.76,0.0,961.76,Won,29,Yanis F.
SAL001455,CL00121,2026-03-30,Premium Support,subscription,781.57,39.08,742.49,Won,75,Amine B.
SAL004315,CL00355,2026-03-30,Training & Onboarding,one_time,2426.39,242.64,2183.75,Won,59,Marie D.
SAL003513,CL00295,2026-03-30,Training & Onboarding,one_time,1701.98,0.0,1701.98,Won,101,Amine B.
SAL004549,CL00375,2026-03-30,Lex Subscription,subscription,1577.09,78.85,1498.24,Won,78,Sophie L.
SAL005958,CL00488,2026-03-31,Ledger Subscription,subscription,1130.23,0.0,1130.23,Won,56,Karim T.
SAL004224,CL00348,2026-03-31,Ledger Subscription,subscription,420.52,0.0,420.52,Won,36,Léa M.
SAL000312,CL00030,2026-03-31,Vector Subscription,subscription,2429.83,121.49,2308.34,Won,63,Karim T.
SAL005575,CL00459,2026-03-31,Ledger Subscription,subscription,628.07,0.0,628.07,Won,85,Yanis F.
SAL004574,CL00378,2026-03-31,Premium Support,subscription,442.97,0.0,442.97,Won,38,Sophie L.
SAL002218,CL00192,2026-03-31,Premium Support,subscription,1056.21,105.62,950.59,Won,13,Karim T.
SAL003555,CL00298,2026-03-31,Premium Support,subscription,716.53,0.0,716.53,Won,48,Sophie L.
SAL005224,CL00426,2026-03-31,Training & Onboarding,one_time,4057.35,0.0,4057.35,Won,47,Marie D.
SAL004952,CL00405,2026-03-31,Core Premium,subscription,2232.23,0.0,2232.23,Won,9,Karim T.
SAL003106,CL00262,2026-03-31,Ledger Subscription,subscription,1131.28,0.0,1131.28,Won,84,Yanis F.
SAL004798,CL00398,2026-03-31,Custom Development,one_time,27796.02,2779.6,25016.42,Won,18,Marie D.
SAL001285,CL00108,2026-03-31,Lex Subscription,subscription,762.21,38.11,724.1,Won,68,Sophie L.
SAL002246,CL00193,2026-04-01,Core Premium,subscription,1587.98,0.0,1587.98,Won,112,Karim T.
SAL003436,CL00291,2026-04-01,Lex Subscription,subscription,1026.57,51.33,975.24,Won,39,Marie D.
SAL004341,CL00357,2026-04-01,Premium Support,subscription,820.76,123.11,697.65,Won,79,Marie D.
SAL002942,CL00252,2026-04-01,Premium Support,subscription,321.46,16.07,305.39,Won,65,Marie D.
SAL001878,CL00157,2026-04-01,Custom Development,one_time,13705.9,0.0,13705.9,Won,112,Karim T.
SAL002624,CL00226,2026-04-01,Lex Subscription,subscription,698.44,34.92,663.52,Won,47,Yanis F.
SAL002216,CL00191,2026-04-01,Ledger Subscription,subscription,807.4,80.74,726.66,Won,53,Yanis F.
SAL005662,CL00465,2026-04-01,Lex Subscription,subscription,1143.66,57.18,1086.48,Won,19,Marie D.
SAL001580,CL00128,2026-04-01,Core Premium,subscription,1568.99,0.0,1568.99,Won,62,Léa M.
SAL002828,CL00241,2026-04-01,Core Premium,subscription,3383.28,169.16,3214.12,Won,87,Amine B.
SAL005723,CL00472,2026-04-01,Vector Subscription,subscription,2235.77,111.79,2123.98,Won,30,Léa M.
SAL002047,CL00177,2026-04-01,Ledger Subscription,subscription,524.6,26.23,498.37,Won,12,Marie D.
SAL000497,CL00052,2026-04-02,Lex Subscription,subscription,712.88,71.29,641.59,Won,38,Sophie L.
SAL004461,CL00370,2026-04-02,Core Premium,subscription,2640.58,132.03,2508.55,Won,63,Sophie L.
SAL004122,CL00343,2026-04-02,Training & Onboarding,one_time,3984.06,398.41,3585.65,Won,43,Amine B.
SAL000273,CL00027,2026-04-02,Ledger Subscription,subscription,705.42,35.27,670.15,Won,113,Amine B.
SAL004472,CL00371,2026-04-02,Custom Development,one_time,28859.71,1442.99,27416.72,Won,69,Léa M.
SAL004881,CL00401,2026-04-02,Training & Onboarding,one_time,2188.36,0.0,2188.36,Won,32,Amine B.
SAL002304,CL00200,2026-04-02,Core Premium,subscription,3613.65,0.0,3613.65,Won,27,Karim T.
SAL004339,CL00357,2026-04-02,Lex Subscription,subscription,525.52,0.0,525.52,Won,7,Marie D.
SAL003085,CL00259,2026-04-03,Training & Onboarding,one_time,2403.53,0.0,2403.53,Won,57,Marie D.
SAL003500,CL00294,2026-04-03,Core Premium,subscription,3449.88,517.48,2932.4,Won,107,Amine B.
SAL003199,CL00272,2026-04-03,Premium Support,subscription,236.55,11.83,224.72,Won,56,Yanis F.
SAL001439,CL00121,2026-04-03,Training & Onboarding,one_time,1103.94,110.39,993.55,Won,51,Amine B.
SAL001412,CL00121,2026-04-03,Custom Development,one_time,14625.88,1462.59,13163.29,Won,90,Amine B.
SAL002984,CL00255,2026-04-03,Custom Development,one_time,25334.69,1266.73,24067.96,Won,70,Marie D.
SAL001388,CL00117,2026-04-03,Core Premium,subscription,3462.24,519.34,2942.9,Won,47,Léa M.
SAL003759,CL00320,2026-04-03,Training & Onboarding,one_time,1124.69,112.47,1012.22,Won,70,Yanis F.
SAL003547,CL00297,2026-04-03,Ledger Subscription,subscription,300.05,30.01,270.04,Won,88,Sophie L.
SAL004584,CL00379,2026-04-03,Training & Onboarding,one_time,2803.65,280.36,2523.29,Won,60,Yanis F.
SAL001742,CL00143,2026-04-03,Ledger Subscription,subscription,506.92,25.35,481.57,Won,63,Yanis F.
SAL001365,CL00117,2026-04-03,Vector Subscription,subscription,847.53,42.38,805.15,Won,26,Léa M.
SAL005325,CL00438,2026-04-03,Core Premium,subscription,4527.77,905.55,3622.22,Won,38,Karim T.
SAL005497,CL00452,2026-04-04,Core Premium,subscription,4469.46,0.0,4469.46,Won,105,Karim T.
SAL002723,CL00237,2026-04-04,Core Premium,subscription,4684.24,234.21,4450.03,Won,29,Amine B.
SAL004205,CL00348,2026-04-04,Core Premium,subscription,1545.89,0.0,1545.89,Won,39,Léa M.
SAL002674,CL00234,2026-04-04,Premium Support,subscription,236.93,23.69,213.24,Won,76,Léa M.
SAL000631,CL00060,2026-04-04,Lex Subscription,subscription,1001.52,0.0,1001.52,Won,94,Léa M.
SAL004498,CL00371,2026-04-04,Training & Onboarding,one_time,3134.96,0.0,3134.96,Won,22,Léa M.
SAL001126,CL00098,2026-04-04,Custom Development,one_time,13517.72,1351.77,12165.95,Won,32,Yanis F.
SAL002085,CL00178,2026-04-04,Custom Development,one_time,7640.22,0.0,7640.22,Won,68,Karim T.
SAL003352,CL00283,2026-04-04,Training & Onboarding,one_time,1507.95,0.0,1507.95,Won,53,Yanis F.
SAL003762,CL00321,2026-04-04,Ledger Subscription,subscription,721.0,72.1,648.9,Won,22,Karim T.
SAL000149,CL00012,2026-04-04,Training & Onboarding,one_time,2985.57,149.28,2836.29,Won,33,Yanis F.
SAL000290,CL00027,2026-04-04,Core Premium,subscription,2363.6,118.18,2245.42,Won,33,Amine B.
SAL005800,CL00479,2026-04-05,Core Premium,subscription,3186.69,0.0,3186.69,Won,59,Yanis F.
SAL006048,CL00497,2026-04-05,Ledger Subscription,subscription,949.31,0.0,949.31,Won,88,Karim T.
SAL002755,CL00239,2026-04-05,Custom Development,one_time,24166.79,0.0,24166.79,Won,40,Yanis F.
SAL000418,CL00043,2026-04-05,Core Premium,subscription,3947.74,592.16,3355.58,Won,73,Marie D.
SAL005093,CL00417,2026-04-05,Custom Development,one_time,27320.07,0.0,27320.07,Won,25,Yanis F.
SAL001961,CL00169,2026-04-05,Ledger Subscription,subscription,1174.27,176.14,998.13,Won,80,Amine B.
SAL004494,CL00371,2026-04-05,Training & Onboarding,one_time,3016.93,0.0,3016.93,Won,42,Léa M.
SAL002599,CL00224,2026-04-05,Premium Support,subscription,269.86,40.48,229.38,Won,15,Karim T.
SAL003991,CL00335,2026-04-05,Custom Development,one_time,15096.88,754.84,14342.04,Won,57,Léa M.
SAL002888,CL00246,2026-04-05,Core Premium,subscription,2100.87,105.04,1995.83,Won,103,Léa M.
SAL002255,CL00193,2026-04-05,Premium Support,subscription,551.74,27.59,524.15,Won,66,Karim T.
SAL000738,CL00070,2026-04-05,Ledger Subscription,subscription,462.75,46.28,416.47,Won,67,Yanis F.
SAL000984,CL00083,2026-04-05,Lex Subscription,subscription,1432.91,143.29,1289.62,Won,74,Yanis F.
SAL005667,CL00466,2026-04-05,Custom Development,one_time,12619.54,1261.95,11357.59,Won,26,Yanis F.
SAL001318,CL00111,2026-04-05,Custom Development,one_time,9104.66,455.23,8649.43,Won,74,Sophie L.
SAL003102,CL00262,2026-04-05,Vector Subscription,subscription,1219.06,0.0,1219.06,Won,83,Yanis F.
SAL004350,CL00359,2026-04-05,Core Premium,subscription,4837.53,241.88,4595.65,Won,67,Léa M.
SAL000581,CL00056,2026-04-05,Core Premium,subscription,3763.79,0.0,3763.79,Won,54,Karim T.
SAL000137,CL00012,2026-04-05,Custom Development,one_time,18908.29,0.0,18908.29,Won,73,Yanis F.
SAL000387,CL00037,2026-04-06,Lex Subscription,subscription,1045.6,52.28,993.32,Won,26,Amine B.
SAL003915,CL00331,2026-04-06,Custom Development,one_time,22711.85,3406.78,19305.07,Won,35,Léa M.
SAL003622,CL00303,2026-04-06,Core Premium,subscription,2308.26,0.0,2308.26,Won,53,Karim T.
SAL003131,CL00264,2026-04-06,Core Premium,subscription,2453.91,368.09,2085.82,Won,23,Yanis F.
SAL004934,CL00404,2026-04-06,Training & Onboarding,one_time,2029.71,101.49,1928.22,Won,64,Sophie L.
SAL005867,CL00481,2026-04-06,Vector Subscription,subscription,1322.44,132.24,1190.2,Won,37,Karim T.
SAL000919,CL00078,2026-04-06,Training & Onboarding,one_time,1319.27,65.96,1253.31,Won,44,Yanis F.
SAL000307,CL00029,2026-04-06,Custom Development,one_time,19147.6,3829.52,15318.08,Won,41,Marie D.
SAL004625,CL00382,2026-04-06,Vector Subscription,subscription,1990.73,298.61,1692.12,Won,37,Marie D.
SAL005633,CL00463,2026-04-06,Lex Subscription,subscription,1129.75,0.0,1129.75,Won,23,Karim T.
SAL005424,CL00447,2026-04-06,Vector Subscription,subscription,1782.11,89.11,1693.0,Won,66,Sophie L.
SAL005985,CL00491,2026-04-06,Core Premium,subscription,4676.92,701.54,3975.38,Won,34,Amine B.
SAL005988,CL00491,2026-04-06,Custom Development,one_time,22760.34,4552.07,18208.27,Won,81,Amine B.
SAL002227,CL00193,2026-04-06,Training & Onboarding,one_time,3416.41,0.0,3416.41,Won,33,Karim T.
SAL000250,CL00025,2026-04-06,Premium Support,subscription,621.36,31.07,590.29,Won,75,Sophie L.
SAL001234,CL00107,2026-04-06,Custom Development,one_time,24504.93,0.0,24504.93,Won,88,Yanis F.
SAL004500,CL00371,2026-04-06,Premium Support,subscription,208.11,10.41,197.7,Won,34,Léa M.
SAL001746,CL00143,2026-04-06,Custom Development,one_time,22014.71,0.0,22014.71,Won,32,Yanis F.
SAL003535,CL00296,2026-04-06,Premium Support,subscription,305.22,61.04,244.18,Won,44,Amine B.
SAL003810,CL00325,2026-04-07,Core Premium,subscription,3962.12,198.11,3764.01,Won,36,Marie D.
SAL004120,CL00343,2026-04-07,Core Premium,subscription,4033.03,201.65,3831.38,Won,26,Amine B.
SAL000604,CL00057,2026-04-07,Premium Support,subscription,728.69,0.0,728.69,Won,75,Marie D.
SAL003343,CL00281,2026-04-07,Lex Subscription,subscription,994.81,0.0,994.81,Won,17,Amine B.
SAL005040,CL00415,2026-04-07,Training & Onboarding,one_time,1035.66,51.78,983.88,Won,64,Amine B.
SAL002667,CL00233,2026-04-07,Core Premium,subscription,2878.08,0.0,2878.08,Won,60,Marie D.
SAL002285,CL00199,2026-04-07,Vector Subscription,subscription,1479.55,0.0,1479.55,Won,23,Yanis F.
SAL004550,CL00376,2026-04-07,Vector Subscription,subscription,1847.91,0.0,1847.91,Won,19,Léa M.
SAL000771,CL00071,2026-04-07,Lex Subscription,subscription,1301.91,260.38,1041.53,Won,44,Léa M.
SAL003454,CL00293,2026-04-07,Vector Subscription,subscription,1411.3,0.0,1411.3,Won,64,Karim T.
SAL005013,CL00410,2026-04-07,Custom Development,one_time,17308.52,2596.28,14712.24,Won,70,Léa M.
SAL003091,CL00260,2026-04-08,Custom Development,one_time,15222.46,0.0,15222.46,Won,55,Yanis F.
SAL003807,CL00325,2026-04-08,Ledger Subscription,subscription,436.24,0.0,436.24,Won,58,Marie D.
SAL001905,CL00163,2026-04-08,Premium Support,subscription,768.33,0.0,768.33,Won,11,Amine B.
SAL000191,CL00017,2026-04-08,Vector Subscription,subscription,1903.45,0.0,1903.45,Won,53,Karim T.
SAL005142,CL00422,2026-04-08,Custom Development,one_time,33818.88,0.0,33818.88,Won,52,Sophie L.
SAL003756,CL00320,2026-04-08,Core Premium,subscription,2869.93,0.0,2869.93,Won,62,Yanis F.
SAL001297,CL00109,2026-04-08,Lex Subscription,subscription,685.09,0.0,685.09,Won,14,Marie D.
SAL002222,CL00192,2026-04-08,Lex Subscription,subscription,832.89,83.29,749.6,Won,25,Karim T.
SAL002721,CL00237,2026-04-09,Training & Onboarding,one_time,1706.58,0.0,1706.58,Won,30,Amine B.
SAL005252,CL00428,2026-04-09,Premium Support,subscription,681.17,34.06,647.11,Won,34,Yanis F.
SAL002665,CL00233,2026-04-09,Lex Subscription,subscription,662.93,0.0,662.93,Won,85,Marie D.
SAL003577,CL00300,2026-04-09,Core Premium,subscription,3596.67,179.83,3416.84,Won,54,Léa M.
SAL000672,CL00066,2026-04-09,Vector Subscription,subscription,916.6,0.0,916.6,Won,11,Marie D.
SAL004271,CL00353,2026-04-09,Lex Subscription,subscription,666.78,66.68,600.1,Won,26,Sophie L.
SAL005071,CL00417,2026-04-09,Core Premium,subscription,1581.72,0.0,1581.72,Won,88,Yanis F.
SAL004426,CL00365,2026-04-09,Vector Subscription,subscription,1368.43,0.0,1368.43,Won,7,Sophie L.
SAL002177,CL00188,2026-04-09,Core Premium,subscription,3322.99,332.3,2990.69,Won,58,Léa M.
SAL005685,CL00468,2026-04-09,Ledger Subscription,subscription,1038.94,0.0,1038.94,Won,13,Yanis F.
SAL005284,CL00432,2026-04-09,Ledger Subscription,subscription,1185.84,177.88,1007.96,Won,70,Karim T.
SAL001753,CL00144,2026-04-10,Training & Onboarding,one_time,2059.65,0.0,2059.65,Won,38,Léa M.
SAL003515,CL00295,2026-04-10,Custom Development,one_time,26230.45,0.0,26230.45,Won,20,Amine B.
SAL004945,CL00405,2026-04-10,Ledger Subscription,subscription,1003.2,0.0,1003.2,Won,62,Karim T.
SAL001464,CL00122,2026-04-10,Core Premium,subscription,4171.53,0.0,4171.53,Won,55,Marie D.
SAL004570,CL00377,2026-04-10,Core Premium,subscription,3188.4,159.42,3028.98,Won,84,Léa M.
SAL005990,CL00491,2026-04-10,Core Premium,subscription,3166.32,474.95,2691.37,Won,47,Amine B.
SAL001293,CL00108,2026-04-10,Premium Support,subscription,339.33,50.9,288.43,Won,60,Sophie L.
SAL003140,CL00265,2026-04-10,Ledger Subscription,subscription,753.89,75.39,678.5,Won,32,Marie D.
SAL005629,CL00463,2026-04-10,Vector Subscription,subscription,1894.87,0.0,1894.87,Won,40,Karim T.
SAL003195,CL00271,2026-04-10,Vector Subscription,subscription,707.61,0.0,707.61,Won,72,Yanis F.
SAL003187,CL00271,2026-04-10,Vector Subscription,subscription,1492.55,223.88,1268.67,Won,31,Yanis F.
SAL000440,CL00046,2026-04-10,Custom Development,one_time,25510.77,0.0,25510.77,Won,63,Sophie L.
SAL003184,CL00271,2026-04-10,Custom Development,one_time,17757.31,887.87,16869.44,Won,36,Yanis F.
SAL003710,CL00316,2026-04-10,Training & Onboarding,one_time,3716.81,0.0,3716.81,Won,43,Marie D.
SAL001720,CL00140,2026-04-11,Training & Onboarding,one_time,1494.34,224.15,1270.19,Won,67,Marie D.
SAL003226,CL00276,2026-04-11,Custom Development,one_time,10121.29,0.0,10121.29,Won,19,Amine B.
SAL004825,CL00399,2026-04-11,Custom Development,one_time,25578.49,1278.92,24299.57,Won,112,Léa M.
SAL003813,CL00325,2026-04-11,Training & Onboarding,one_time,3684.34,184.22,3500.12,Won,45,Marie D.
SAL001975,CL00170,2026-04-11,Premium Support,subscription,209.3,20.93,188.37,Won,60,Léa M.
SAL001666,CL00134,2026-04-11,Core Premium,subscription,3050.66,0.0,3050.66,Won,57,Amine B.
SAL000536,CL00054,2026-04-11,Ledger Subscription,subscription,889.14,0.0,889.14,Won,50,Léa M.
SAL003495,CL00294,2026-04-11,Vector Subscription,subscription,1935.68,193.57,1742.11,Won,34,Amine B.
SAL004010,CL00335,2026-04-11,Custom Development,one_time,9026.16,451.31,8574.85,Won,102,Léa M.
SAL004442,CL00366,2026-04-11,Vector Subscription,subscription,713.46,35.67,677.79,Won,37,Sophie L.
SAL004077,CL00341,2026-04-11,Premium Support,subscription,369.23,18.46,350.77,Won,34,Karim T.
SAL004704,CL00388,2026-04-11,Vector Subscription,subscription,1975.14,98.76,1876.38,Won,35,Léa M.
SAL003198,CL00272,2026-04-11,Ledger Subscription,subscription,741.06,0.0,741.06,Won,62,Yanis F.
SAL004830,CL00399,2026-04-11,Training & Onboarding,one_time,3260.62,489.09,2771.53,Won,111,Léa M.
SAL000414,CL00043,2026-04-11,Training & Onboarding,one_time,2882.85,0.0,2882.85,Won,101,Marie D.
SAL001927,CL00166,2026-04-12,Premium Support,subscription,637.49,0.0,637.49,Won,30,Léa M.
SAL000448,CL00047,2026-04-12,Custom Development,one_time,25130.1,0.0,25130.1,Won,82,Amine B.
SAL000249,CL00025,2026-04-12,Ledger Subscription,subscription,998.67,149.8,848.87,Won,23,Sophie L.
SAL003755,CL00320,2026-04-12,Ledger Subscription,subscription,850.93,0.0,850.93,Won,81,Yanis F.
SAL001933,CL00167,2026-04-12,Premium Support,subscription,576.6,0.0,576.6,Won,11,Yanis F.
SAL000274,CL00027,2026-04-12,Custom Development,one_time,10458.58,0.0,10458.58,Won,59,Amine B.
SAL005962,CL00489,2026-04-12,Core Premium,subscription,2810.78,140.54,2670.24,Won,55,Marie D.
SAL005509,CL00454,2026-04-12,Lex Subscription,subscription,1182.81,0.0,1182.81,Won,32,Marie D.
SAL005585,CL00459,2026-04-12,Core Premium,subscription,2708.32,0.0,2708.32,Won,84,Yanis F.
SAL001717,CL00140,2026-04-12,Premium Support,subscription,477.74,0.0,477.74,Won,83,Marie D.
SAL003732,CL00317,2026-04-12,Custom Development,one_time,6045.94,0.0,6045.94,Won,35,Amine B.
SAL004610,CL00380,2026-04-12,Ledger Subscription,subscription,487.91,0.0,487.91,Won,47,Léa M.
SAL005216,CL00425,2026-04-12,Ledger Subscription,subscription,775.07,0.0,775.07,Won,113,Léa M.
SAL000415,CL00043,2026-04-12,Training & Onboarding,one_time,3881.15,0.0,3881.15,Won,57,Marie D.
SAL005074,CL00417,2026-04-12,Premium Support,subscription,479.84,0.0,479.84,Won,17,Yanis F.
SAL004619,CL00381,2026-04-12,Custom Development,one_time,22778.05,1138.9,21639.15,Won,66,Karim T.
SAL004561,CL00377,2026-04-12,Custom Development,one_time,24004.6,0.0,24004.6,Won,100,Léa M.
SAL002100,CL00181,2026-04-13,Vector Subscription,subscription,1453.18,217.98,1235.2,Won,77,Sophie L.
SAL004603,CL00380,2026-04-13,Core Premium,subscription,4646.95,0.0,4646.95,Won,18,Léa M.
SAL004045,CL00338,2026-04-13,Vector Subscription,subscription,1321.89,0.0,1321.89,Won,8,Léa M.
SAL001118,CL00096,2026-04-13,Premium Support,subscription,394.77,0.0,394.77,Won,27,Léa M.
SAL002644,CL00228,2026-04-13,Core Premium,subscription,5018.43,0.0,5018.43,Won,57,Amine B.
SAL004745,CL00393,2026-04-13,Core Premium,subscription,2094.87,209.49,1885.38,Won,54,Sophie L.
SAL002350,CL00204,2026-04-13,Core Premium,subscription,3940.75,0.0,3940.75,Won,75,Yanis F.
SAL003230,CL00276,2026-04-13,Ledger Subscription,subscription,908.81,136.32,772.49,Won,55,Amine B.
SAL002502,CL00219,2026-04-13,Vector Subscription,subscription,1367.96,0.0,1367.96,Won,52,Karim T.
SAL001216,CL00106,2026-04-14,Core Premium,subscription,3397.34,0.0,3397.34,Won,86,Karim T.
SAL005404,CL00444,2026-04-14,Premium Support,subscription,286.12,0.0,286.12,Won,46,Léa M.
SAL005426,CL00447,2026-04-14,Custom Development,one_time,8375.4,837.54,7537.86,Won,89,Sophie L.
SAL002414,CL00209,2026-04-14,Custom Development,one_time,7287.4,1457.48,5829.92,Won,36,Amine B.
SAL002215,CL00191,2026-04-14,Custom Development,one_time,18437.12,0.0,18437.12,Won,96,Yanis F.
SAL002411,CL00208,2026-04-14,Core Premium,subscription,3395.94,339.59,3056.35,Won,72,Léa M.
SAL003612,CL00302,2026-04-14,Premium Support,subscription,357.93,0.0,357.93,Won,55,Karim T.
SAL002482,CL00217,2026-04-14,Custom Development,one_time,20764.61,0.0,20764.61,Won,76,Amine B.
SAL000237,CL00022,2026-04-14,Custom Development,one_time,22881.14,0.0,22881.14,Won,22,Sophie L.
SAL001699,CL00136,2026-04-14,Lex Subscription,subscription,480.87,48.09,432.78,Won,82,Karim T.
SAL003174,CL00268,2026-04-14,Ledger Subscription,subscription,581.44,29.07,552.37,Won,31,Karim T.
SAL001979,CL00170,2026-04-14,Premium Support,subscription,467.2,93.44,373.76,Won,21,Léa M.
SAL004869,CL00399,2026-04-14,Premium Support,subscription,558.54,55.85,502.69,Won,41,Léa M.
SAL001345,CL00115,2026-04-15,Ledger Subscription,subscription,676.96,0.0,676.96,Won,20,Sophie L.
SAL000989,CL00084,2026-04-15,Premium Support,subscription,352.71,0.0,352.71,Won,37,Karim T.
SAL005973,CL00489,2026-04-15,Lex Subscription,subscription,1211.23,0.0,1211.23,Won,79,Marie D.
SAL002456,CL00214,2026-04-15,Core Premium,subscription,4351.64,0.0,4351.64,Won,88,Amine B.
SAL002497,CL00219,2026-04-15,Ledger Subscription,subscription,475.29,95.06,380.23,Won,69,Karim T.
SAL000852,CL00075,2026-04-15,Premium Support,subscription,484.3,0.0,484.3,Won,58,Yanis F.
SAL001490,CL00123,2026-04-15,Premium Support,subscription,437.66,21.88,415.78,Won,54,Yanis F.
SAL001642,CL00133,2026-04-15,Vector Subscription,subscription,1686.44,168.64,1517.8,Won,89,Sophie L.
SAL003509,CL00294,2026-04-15,Vector Subscription,subscription,1074.42,107.44,966.98,Won,48,Amine B.
SAL000236,CL00022,2026-04-15,Training & Onboarding,one_time,4767.46,715.12,4052.34,Won,45,Sophie L.
SAL005081,CL00417,2026-04-15,Core Premium,subscription,1636.75,327.35,1309.4,Won,58,Yanis F.
SAL001563,CL00125,2026-04-15,Core Premium,subscription,2882.01,432.3,2449.71,Won,62,Amine B.
SAL006042,CL00497,2026-04-15,Core Premium,subscription,2745.96,0.0,2745.96,Won,61,Karim T.
SAL004827,CL00399,2026-04-15,Ledger Subscription,subscription,309.81,0.0,309.81,Won,35,Léa M.
SAL002268,CL00195,2026-04-15,Vector Subscription,subscription,1811.88,181.19,1630.69,Won,31,Yanis F.
SAL001590,CL00130,2026-04-15,Custom Development,one_time,21222.96,0.0,21222.96,Won,72,Marie D.
SAL005600,CL00461,2026-04-15,Core Premium,subscription,1751.72,0.0,1751.72,Won,85,Marie D.
SAL002833,CL00241,2026-04-15,Core Premium,subscription,2085.67,0.0,2085.67,Won,64,Amine B.
SAL002999,CL00255,2026-04-16,Lex Subscription,subscription,1199.27,179.89,1019.38,Won,40,Marie D.
SAL001813,CL00150,2026-04-16,Core Premium,subscription,4634.96,695.24,3939.72,Won,40,Amine B.
SAL002090,CL00179,2026-04-16,Core Premium,subscription,3457.02,518.55,2938.47,Won,33,Yanis F.
SAL005775,CL00478,2026-04-16,Vector Subscription,subscription,782.34,39.12,743.22,Won,46,Yanis F.
SAL003292,CL00279,2026-04-16,Custom Development,one_time,15016.25,0.0,15016.25,Won,45,Amine B.
SAL001319,CL00112,2026-04-16,Vector Subscription,subscription,891.92,0.0,891.92,Won,36,Karim T.
SAL002219,CL00192,2026-04-16,Vector Subscription,subscription,1406.78,211.02,1195.76,Won,36,Karim T.
SAL002096,CL00180,2026-04-16,Ledger Subscription,subscription,687.54,0.0,687.54,Won,47,Yanis F.
SAL001711,CL00140,2026-04-16,Premium Support,subscription,249.49,24.95,224.54,Won,39,Marie D.
SAL000044,CL00005,2026-04-16,Core Premium,subscription,2311.14,0.0,2311.14,Won,94,Léa M.
SAL004272,CL00354,2026-04-16,Custom Development,one_time,21893.65,0.0,21893.65,Won,22,Léa M.
SAL003094,CL00260,2026-04-16,Ledger Subscription,subscription,797.13,79.71,717.42,Won,34,Yanis F.
SAL000675,CL00066,2026-04-16,Lex Subscription,subscription,708.6,35.43,673.17,Won,10,Marie D.
SAL001925,CL00166,2026-04-16,Training & Onboarding,one_time,1789.16,0.0,1789.16,Won,48,Léa M.
SAL000595,CL00057,2026-04-17,Vector Subscription,subscription,1869.71,0.0,1869.71,Won,41,Marie D.
SAL002873,CL00244,2026-04-17,Vector Subscription,subscription,1787.98,89.4,1698.58,Won,11,Amine B.
SAL002770,CL00240,2026-04-17,Custom Development,one_time,19573.54,978.68,18594.86,Won,69,Léa M.
SAL002626,CL00226,2026-04-17,Core Premium,subscription,2570.09,0.0,2570.09,Won,40,Yanis F.
SAL001574,CL00127,2026-04-17,Training & Onboarding,one_time,1183.57,0.0,1183.57,Won,73,Sophie L.
SAL002376,CL00205,2026-04-17,Core Premium,subscription,4056.06,0.0,4056.06,Won,55,Amine B.
SAL005407,CL00445,2026-04-17,Custom Development,one_time,20604.98,0.0,20604.98,Won,28,Karim T.
SAL002105,CL00181,2026-04-17,Custom Development,one_time,28190.25,0.0,28190.25,Won,69,Sophie L.
SAL004575,CL00378,2026-04-17,Custom Development,one_time,27617.65,0.0,27617.65,Won,58,Sophie L.
SAL001959,CL00169,2026-04-17,Custom Development,one_time,25425.52,0.0,25425.52,Won,81,Amine B.
SAL004402,CL00363,2026-04-17,Custom Development,one_time,27789.69,5557.94,22231.75,Won,18,Karim T.
SAL004878,CL00401,2026-04-17,Ledger Subscription,subscription,543.65,81.55,462.1,Won,82,Amine B.
SAL002151,CL00186,2026-04-17,Custom Development,one_time,22023.32,1101.17,20922.15,Won,27,Amine B.
SAL001683,CL00136,2026-04-17,Custom Development,one_time,19679.02,0.0,19679.02,Won,68,Karim T.
SAL002669,CL00233,2026-04-18,Training & Onboarding,one_time,3313.99,0.0,3313.99,Won,60,Marie D.
SAL005024,CL00411,2026-04-18,Core Premium,subscription,3804.81,0.0,3804.81,Won,66,Yanis F.
SAL001378,CL00117,2026-04-18,Premium Support,subscription,628.55,0.0,628.55,Won,65,Léa M.
SAL000871,CL00075,2026-04-18,Ledger Subscription,subscription,709.34,141.87,567.47,Won,34,Yanis F.
SAL004904,CL00403,2026-04-18,Vector Subscription,subscription,1323.41,66.17,1257.24,Won,90,Léa M.
SAL001239,CL00107,2026-04-18,Vector Subscription,subscription,1915.25,0.0,1915.25,Won,80,Yanis F.
SAL000121,CL00011,2026-04-18,Custom Development,one_time,21468.13,1073.41,20394.72,Won,90,Karim T.
SAL005617,CL00462,2026-04-18,Lex Subscription,subscription,930.95,0.0,930.95,Won,16,Marie D.
SAL001440,CL00121,2026-04-18,Lex Subscription,subscription,1032.01,0.0,1032.01,Won,73,Amine B.
SAL000963,CL00081,2026-04-18,Custom Development,one_time,37343.01,0.0,37343.01,Won,39,Léa M.
SAL005285,CL00432,2026-04-18,Custom Development,one_time,5213.77,0.0,5213.77,Won,79,Karim T.
SAL003434,CL00291,2026-04-18,Lex Subscription,subscription,756.01,0.0,756.01,Won,59,Marie D.
SAL004821,CL00399,2026-04-18,Training & Onboarding,one_time,2382.58,0.0,2382.58,Won,98,Léa M.
SAL001749,CL00144,2026-04-18,Core Premium,subscription,4427.92,442.79,3985.13,Won,102,Léa M.
SAL005438,CL00447,2026-04-18,Core Premium,subscription,2259.34,0.0,2259.34,Won,13,Sophie L.
SAL003691,CL00313,2026-04-19,Vector Subscription,subscription,1541.91,0.0,1541.91,Won,72,Yanis F.
SAL004877,CL00401,2026-04-19,Ledger Subscription,subscription,502.05,0.0,502.05,Won,43,Amine B.
SAL000214,CL00020,2026-04-19,Vector Subscription,subscription,1120.96,0.0,1120.96,Won,65,Sophie L.
SAL005578,CL00459,2026-04-19,Custom Development,one_time,26150.11,0.0,26150.11,Won,99,Yanis F.
SAL005355,CL00440,2026-04-19,Ledger Subscription,subscription,851.03,170.21,680.82,Won,90,Karim T.
SAL001348,CL00115,2026-04-19,Ledger Subscription,subscription,365.33,0.0,365.33,Won,56,Sophie L.
SAL002880,CL00245,2026-04-19,Ledger Subscription,subscription,612.34,0.0,612.34,Won,59,Léa M.
SAL000986,CL00084,2026-04-19,Ledger Subscription,subscription,556.21,0.0,556.21,Won,62,Karim T.
SAL004441,CL00366,2026-04-19,Core Premium,subscription,2121.06,0.0,2121.06,Won,69,Sophie L.
SAL002302,CL00200,2026-04-19,Vector Subscription,subscription,1901.83,190.18,1711.65,Won,34,Karim T.
SAL001750,CL00144,2026-04-19,Vector Subscription,subscription,665.52,0.0,665.52,Won,92,Léa M.
SAL003666,CL00308,2026-04-19,Vector Subscription,subscription,578.96,0.0,578.96,Won,9,Amine B.
SAL003572,CL00300,2026-04-19,Core Premium,subscription,3554.36,0.0,3554.36,Won,53,Léa M.
SAL005146,CL00422,2026-04-20,Custom Development,one_time,18034.17,0.0,18034.17,Won,26,Sophie L.
SAL001161,CL00102,2026-04-20,Custom Development,one_time,21747.42,2174.74,19572.68,Won,82,Amine B.
SAL004253,CL00350,2026-04-20,Premium Support,subscription,256.78,0.0,256.78,Won,28,Yanis F.
SAL000708,CL00068,2026-04-20,Custom Development,one_time,8568.3,0.0,8568.3,Won,80,Marie D.
SAL003702,CL00316,2026-04-20,Training & Onboarding,one_time,2742.72,548.54,2194.18,Won,45,Marie D.
SAL000955,CL00081,2026-04-20,Training & Onboarding,one_time,4459.17,0.0,4459.17,Won,76,Léa M.
SAL003878,CL00330,2026-04-20,Core Premium,subscription,3807.34,0.0,3807.34,Won,73,Léa M.
SAL006046,CL00497,2026-04-21,Lex Subscription,subscription,582.63,58.26,524.37,Won,27,Karim T.
SAL005703,CL00470,2026-04-21,Training & Onboarding,one_time,2355.35,117.77,2237.58,Won,45,Marie D.
SAL002307,CL00200,2026-04-21,Ledger Subscription,subscription,671.17,0.0,671.17,Won,69,Karim T.
SAL005651,CL00465,2026-04-21,Ledger Subscription,subscription,1192.04,59.6,1132.44,Won,77,Marie D.
SAL002945,CL00252,2026-04-21,Ledger Subscription,subscription,323.6,0.0,323.6,Won,47,Marie D.
SAL001450,CL00121,2026-04-21,Lex Subscription,subscription,527.32,0.0,527.32,Won,91,Amine B.
SAL004363,CL00360,2026-04-21,Premium Support,subscription,629.18,0.0,629.18,Won,28,Karim T.
SAL003413,CL00288,2026-04-21,Ledger Subscription,subscription,1098.3,164.74,933.56,Won,81,Sophie L.
SAL000194,CL00017,2026-04-21,Premium Support,subscription,785.8,0.0,785.8,Won,11,Karim T.
SAL000100,CL00011,2026-04-21,Lex Subscription,subscription,665.67,33.28,632.39,Won,11,Karim T.
SAL003420,CL00290,2026-04-21,Training & Onboarding,one_time,3702.05,0.0,3702.05,Won,25,Yanis F.
SAL005250,CL00427,2026-04-21,Training & Onboarding,one_time,1239.69,0.0,1239.69,Won,59,Marie D.
SAL005567,CL00458,2026-04-21,Ledger Subscription,subscription,506.85,0.0,506.85,Won,81,Karim T.
SAL000009,CL00002,2026-04-21,Premium Support,subscription,714.14,35.71,678.43,Won,33,Marie D.
SAL003276,CL00277,2026-04-21,Custom Development,one_time,23400.77,1170.04,22230.73,Won,109,Léa M.
SAL004957,CL00406,2026-04-21,Core Premium,subscription,4822.19,482.22,4339.97,Won,69,Yanis F.
SAL003866,CL00330,2026-04-21,Custom Development,one_time,16946.87,847.34,16099.53,Won,19,Léa M.
SAL000450,CL00048,2026-04-22,Custom Development,one_time,9551.54,0.0,9551.54,Won,25,Sophie L.
SAL001232,CL00107,2026-04-22,Custom Development,one_time,22424.15,4484.83,17939.32,Won,53,Yanis F.
SAL004222,CL00348,2026-04-22,Custom Development,one_time,27818.21,0.0,27818.21,Won,63,Léa M.
SAL005283,CL00431,2026-04-22,Training & Onboarding,one_time,4120.74,824.15,3296.59,Won,87,Amine B.
SAL001600,CL00131,2026-04-22,Core Premium,subscription,2178.52,0.0,2178.52,Won,88,Marie D.
SAL000409,CL00041,2026-04-22,Training & Onboarding,one_time,3211.63,0.0,3211.63,Won,112,Karim T.
SAL000410,CL00042,2026-04-22,Training & Onboarding,one_time,2690.92,269.09,2421.83,Won,35,Marie D.
SAL004863,CL00399,2026-04-22,Premium Support,subscription,767.9,0.0,767.9,Won,103,Léa M.
SAL005294,CL00434,2026-04-22,Training & Onboarding,one_time,1644.73,164.47,1480.26,Won,18,Marie D.
SAL003389,CL00285,2026-04-22,Premium Support,subscription,779.59,0.0,779.59,Won,46,Marie D.
SAL005427,CL00447,2026-04-22,Lex Subscription,subscription,1080.93,0.0,1080.93,Won,53,Sophie L.
SAL005124,CL00421,2026-04-22,Vector Subscription,subscription,711.79,106.77,605.02,Won,7,Marie D.
SAL003627,CL00303,2026-04-22,Custom Development,one_time,10733.44,0.0,10733.44,Won,30,Karim T.
SAL000051,CL00006,2026-04-22,Core Premium,subscription,3516.27,0.0,3516.27,Won,17,Sophie L.
SAL000647,CL00061,2026-04-23,Core Premium,subscription,2354.59,353.19,2001.4,Won,34,Sophie L.
SAL004439,CL00366,2026-04-23,Training & Onboarding,one_time,2402.11,0.0,2402.11,Won,73,Sophie L.
SAL004427,CL00365,2026-04-23,Lex Subscription,subscription,736.03,110.4,625.63,Won,22,Sophie L.
SAL005189,CL00424,2026-04-23,Lex Subscription,subscription,1292.91,129.29,1163.62,Won,32,Karim T.
SAL002405,CL00206,2026-04-23,Ledger Subscription,subscription,534.96,53.5,481.46,Won,33,Marie D.
SAL003659,CL00307,2026-04-23,Core Premium,subscription,4770.89,954.18,3816.71,Won,13,Léa M.
SAL000455,CL00049,2026-04-23,Custom Development,one_time,29091.53,0.0,29091.53,Won,26,Yanis F.
SAL000755,CL00071,2026-04-23,Core Premium,subscription,3448.84,0.0,3448.84,Won,74,Léa M.
SAL004335,CL00356,2026-04-23,Custom Development,one_time,20195.67,2019.57,18176.1,Won,86,Léa M.
SAL002012,CL00173,2026-04-23,Custom Development,one_time,17522.73,0.0,17522.73,Won,67,Yanis F.
SAL001056,CL00088,2026-04-24,Lex Subscription,subscription,697.98,0.0,697.98,Won,25,Amine B.
SAL004977,CL00407,2026-04-24,Training & Onboarding,one_time,2220.87,333.13,1887.74,Won,39,Karim T.
SAL005672,CL00467,2026-04-24,Ledger Subscription,subscription,1198.69,179.8,1018.89,Won,65,Marie D.
SAL000379,CL00036,2026-04-24,Lex Subscription,subscription,1416.83,0.0,1416.83,Won,25,Marie D.
SAL001389,CL00118,2026-04-24,Lex Subscription,subscription,840.42,42.02,798.4,Won,65,Sophie L.
SAL000577,CL00055,2026-04-24,Ledger Subscription,subscription,692.51,34.63,657.88,Won,17,Karim T.
SAL006045,CL00497,2026-04-24,Premium Support,subscription,791.34,79.13,712.21,Won,42,Karim T.
SAL002894,CL00248,2026-04-24,Core Premium,subscription,3045.2,304.52,2740.68,Won,44,Sophie L.
SAL001829,CL00151,2026-04-24,Lex Subscription,subscription,898.85,89.88,808.97,Won,25,Marie D.
SAL001702,CL00137,2026-04-24,Vector Subscription,subscription,1519.05,75.95,1443.1,Won,53,Sophie L.
SAL005494,CL00452,2026-04-24,Core Premium,subscription,5131.45,513.15,4618.3,Won,34,Karim T.
SAL002927,CL00251,2026-04-24,Lex Subscription,subscription,1441.82,216.27,1225.55,Won,19,Sophie L.
SAL000187,CL00017,2026-04-24,Vector Subscription,subscription,1400.24,0.0,1400.24,Won,82,Karim T.
SAL002136,CL00184,2026-04-25,Custom Development,one_time,20783.87,0.0,20783.87,Won,79,Sophie L.
SAL005135,CL00421,2026-04-25,Training & Onboarding,one_time,3716.14,185.81,3530.33,Won,49,Marie D.
SAL004852,CL00399,2026-04-25,Premium Support,subscription,618.72,0.0,618.72,Won,67,Léa M.
SAL005351,CL00439,2026-04-25,Vector Subscription,subscription,1919.44,191.94,1727.5,Won,50,Sophie L.
SAL003817,CL00326,2026-04-25,Vector Subscription,subscription,831.32,0.0,831.32,Won,21,Karim T.
SAL005930,CL00486,2026-04-25,Lex Subscription,subscription,614.95,61.49,553.46,Won,87,Léa M.
SAL003204,CL00273,2026-04-25,Core Premium,subscription,2416.96,0.0,2416.96,Won,20,Marie D.
SAL005932,CL00486,2026-04-25,Custom Development,one_time,21414.85,0.0,21414.85,Won,42,Léa M.
SAL002224,CL00193,2026-04-25,Training & Onboarding,one_time,2930.66,0.0,2930.66,Won,57,Karim T.
SAL000142,CL00012,2026-04-25,Core Premium,subscription,3082.06,154.1,2927.96,Won,28,Yanis F.
SAL003275,CL00277,2026-04-25,Custom Development,one_time,23512.22,1175.61,22336.61,Won,99,Léa M.
SAL002553,CL00221,2026-04-26,Vector Subscription,subscription,1665.64,249.85,1415.79,Won,120,Sophie L.
SAL003687,CL00313,2026-04-26,Premium Support,subscription,285.69,28.57,257.12,Won,28,Yanis F.
SAL004758,CL00395,2026-04-26,Lex Subscription,subscription,1345.08,0.0,1345.08,Won,71,Karim T.
SAL002668,CL00233,2026-04-26,Training & Onboarding,one_time,3005.46,0.0,3005.46,Won,80,Marie D.
SAL005308,CL00434,2026-04-26,Core Premium,subscription,1745.55,174.56,1570.99,Won,14,Marie D.
SAL003539,CL00296,2026-04-26,Vector Subscription,subscription,1094.47,54.72,1039.75,Won,81,Amine B.
SAL003127,CL00264,2026-04-26,Training & Onboarding,one_time,3762.47,376.25,3386.22,Won,64,Yanis F.
SAL002587,CL00223,2026-04-26,Custom Development,one_time,29796.83,0.0,29796.83,Won,22,Karim T.
SAL002132,CL00183,2026-04-26,Core Premium,subscription,5061.56,506.16,4555.4,Won,20,Marie D.
SAL000300,CL00028,2026-04-27,Core Premium,subscription,1840.37,276.06,1564.31,Won,39,Sophie L.
SAL003921,CL00332,2026-04-27,Ledger Subscription,subscription,354.42,0.0,354.42,Won,13,Amine B.
SAL003735,CL00318,2026-04-27,Core Premium,subscription,3655.99,548.4,3107.59,Won,15,Yanis F.
SAL002237,CL00193,2026-04-27,Ledger Subscription,subscription,350.29,52.54,297.75,Won,85,Karim T.
SAL005172,CL00424,2026-04-27,Custom Development,one_time,26355.74,0.0,26355.74,Won,75,Karim T.
SAL005380,CL00442,2026-04-27,Lex Subscription,subscription,781.05,39.05,742.0,Won,11,Yanis F.
SAL000295,CL00027,2026-04-27,Premium Support,subscription,378.67,0.0,378.67,Won,36,Amine B.
SAL005979,CL00490,2026-04-27,Core Premium,subscription,2248.62,0.0,2248.62,Won,65,Sophie L.
SAL004288,CL00355,2026-04-27,Ledger Subscription,subscription,1047.78,52.39,995.39,Won,118,Marie D.
SAL000794,CL00073,2026-04-27,Vector Subscription,subscription,570.62,28.53,542.09,Won,74,Yanis F.
SAL001618,CL00132,2026-04-27,Ledger Subscription,subscription,1162.29,116.23,1046.06,Won,56,Karim T.
SAL005552,CL00456,2026-04-27,Vector Subscription,subscription,553.42,55.34,498.08,Won,47,Marie D.
SAL004879,CL00401,2026-04-27,Vector Subscription,subscription,1472.18,0.0,1472.18,Won,55,Amine B.
SAL002505,CL00219,2026-04-27,Lex Subscription,subscription,960.82,96.08,864.74,Won,67,Karim T.
SAL005613,CL00461,2026-04-27,Ledger Subscription,subscription,997.84,0.0,997.84,Won,34,Marie D.
SAL004992,CL00408,2026-04-27,Premium Support,subscription,236.55,0.0,236.55,Won,75,Karim T.
SAL000579,CL00056,2026-04-27,Vector Subscription,subscription,710.72,0.0,710.72,Won,83,Karim T.
SAL004686,CL00387,2026-04-28,Vector Subscription,subscription,2490.35,124.52,2365.83,Won,65,Amine B.
SAL002139,CL00185,2026-04-28,Core Premium,subscription,3000.59,0.0,3000.59,Won,12,Yanis F.
SAL001074,CL00089,2026-04-28,Ledger Subscription,subscription,485.03,0.0,485.03,Won,88,Yanis F.
SAL002308,CL00200,2026-04-28,Custom Development,one_time,16529.65,826.48,15703.17,Won,39,Karim T.
SAL000991,CL00084,2026-04-28,Lex Subscription,subscription,711.34,71.13,640.21,Won,89,Karim T.
SAL000894,CL00078,2026-04-28,Custom Development,one_time,21080.12,0.0,21080.12,Won,116,Yanis F.
SAL002934,CL00251,2026-04-28,Lex Subscription,subscription,1074.09,0.0,1074.09,Won,53,Sophie L.
SAL005316,CL00436,2026-04-28,Training & Onboarding,one_time,1225.13,0.0,1225.13,Won,27,Léa M.
SAL002397,CL00205,2026-04-28,Premium Support,subscription,574.85,0.0,574.85,Won,87,Amine B.
SAL005516,CL00455,2026-04-28,Vector Subscription,subscription,1814.88,0.0,1814.88,Won,87,Sophie L.
SAL000219,CL00020,2026-04-28,Training & Onboarding,one_time,2329.19,0.0,2329.19,Won,47,Sophie L.
SAL005347,CL00439,2026-04-28,Training & Onboarding,one_time,4169.09,416.91,3752.18,Won,80,Sophie L.
SAL001089,CL00092,2026-04-28,Lex Subscription,subscription,435.66,0.0,435.66,Won,15,Marie D.
SAL000646,CL00061,2026-04-28,Vector Subscription,subscription,605.91,0.0,605.91,Won,47,Sophie L.
SAL001402,CL00119,2026-04-28,Lex Subscription,subscription,1070.56,0.0,1070.56,Won,11,Karim T.
SAL000277,CL00027,2026-04-29,Core Premium,subscription,4483.75,0.0,4483.75,Won,120,Amine B.
SAL000613,CL00058,2026-04-29,Core Premium,subscription,4882.85,0.0,4882.85,Won,66,Karim T.
SAL004719,CL00390,2026-04-29,Core Premium,subscription,3997.97,199.9,3798.07,Won,46,Amine B.
SAL000769,CL00071,2026-04-29,Core Premium,subscription,4229.45,634.42,3595.03,Won,81,Léa M.
SAL000198,CL00018,2026-04-29,Training & Onboarding,one_time,3189.59,478.44,2711.15,Won,89,Sophie L.
SAL001317,CL00111,2026-04-29,Ledger Subscription,subscription,547.12,0.0,547.12,Won,15,Sophie L.
SAL005094,CL00417,2026-04-29,Training & Onboarding,one_time,2458.78,0.0,2458.78,Won,7,Yanis F.
SAL005356,CL00440,2026-04-29,Ledger Subscription,subscription,996.26,0.0,996.26,Won,32,Karim T.
SAL004564,CL00377,2026-04-29,Premium Support,subscription,647.53,0.0,647.53,Won,92,Léa M.
SAL000570,CL00055,2026-04-29,Premium Support,subscription,574.53,0.0,574.53,Won,40,Karim T.
SAL002760,CL00239,2026-04-29,Lex Subscription,subscription,502.03,0.0,502.03,Won,20,Yanis F.
SAL000352,CL00033,2026-04-29,Core Premium,subscription,4728.54,709.28,4019.26,Won,79,Karim T.
SAL001571,CL00126,2026-04-29,Training & Onboarding,one_time,3188.41,318.84,2869.57,Won,87,Léa M.
SAL000897,CL00078,2026-04-29,Training & Onboarding,one_time,3601.36,540.2,3061.16,Won,26,Yanis F.
SAL003391,CL00285,2026-04-29,Custom Development,one_time,25725.25,1286.26,24438.99,Won,20,Marie D.
SAL005027,CL00413,2026-04-30,Premium Support,subscription,354.72,0.0,354.72,Won,33,Léa M.
SAL004321,CL00355,2026-04-30,Core Premium,subscription,4901.95,0.0,4901.95,Won,104,Marie D.
SAL004837,CL00399,2026-04-30,Ledger Subscription,subscription,803.86,0.0,803.86,Won,26,Léa M.
SAL005912,CL00485,2026-04-30,Lex Subscription,subscription,675.83,0.0,675.83,Won,16,Karim T.
SAL004333,CL00356,2026-04-30,Training & Onboarding,one_time,2896.75,0.0,2896.75,Won,44,Léa M.
SAL003284,CL00278,2026-04-30,Training & Onboarding,one_time,1670.2,83.51,1586.69,Won,24,Yanis F.
SAL005707,CL00470,2026-04-30,Vector Subscription,subscription,920.87,92.09,828.78,Won,60,Marie D.
SAL005559,CL00457,2026-04-30,Premium Support,subscription,226.34,11.32,215.02,Won,46,Yanis F.
SAL002510,CL00220,2026-04-30,Lex Subscription,subscription,937.93,0.0,937.93,Won,88,Amine B.
SAL002412,CL00208,2026-04-30,Ledger Subscription,subscription,587.42,29.37,558.05,Won,78,Léa M.
SAL001947,CL00168,2026-04-30,Core Premium,subscription,4538.06,680.71,3857.35,Won,16,Yanis F.
SAL004838,CL00399,2026-04-30,Custom Development,one_time,11126.15,556.31,10569.84,Won,99,Léa M.
SAL001553,CL00125,2026-05-01,Training & Onboarding,one_time,3973.85,198.69,3775.16,Won,53,Amine B.
SAL000242,CL00023,2026-05-01,Premium Support,subscription,915.04,45.75,869.29,Won,79,Léa M.
SAL004181,CL00347,2026-05-01,Vector Subscription,subscription,1397.94,69.9,1328.04,Won,38,Karim T.
SAL003619,CL00303,2026-05-01,Custom Development,one_time,11950.14,597.51,11352.63,Won,65,Karim T.
SAL002779,CL00241,2026-05-01,Custom Development,one_time,29416.66,0.0,29416.66,Won,49,Amine B.
SAL003046,CL00256,2026-05-01,Core Premium,subscription,4215.6,843.12,3372.48,Won,90,Sophie L.
SAL001086,CL00092,2026-05-01,Ledger Subscription,subscription,972.78,48.64,924.14,Won,44,Marie D.
SAL003498,CL00294,2026-05-01,Training & Onboarding,one_time,2383.92,119.2,2264.72,Won,34,Amine B.
SAL001956,CL00168,2026-05-01,Custom Development,one_time,10698.26,534.91,10163.35,Won,15,Yanis F.
SAL004687,CL00387,2026-05-01,Ledger Subscription,subscription,1049.68,157.45,892.23,Won,20,Amine B.
SAL005147,CL00422,2026-05-01,Premium Support,subscription,441.4,0.0,441.4,Won,72,Sophie L.
SAL004858,CL00399,2026-05-01,Custom Development,one_time,8744.52,874.45,7870.07,Won,101,Léa M.
SAL001877,CL00157,2026-05-01,Training & Onboarding,one_time,2820.63,0.0,2820.63,Won,82,Karim T.
SAL002883,CL00246,2026-05-01,Custom Development,one_time,21535.19,0.0,21535.19,Won,26,Léa M.
SAL004618,CL00381,2026-05-01,Premium Support,subscription,512.44,0.0,512.44,Won,46,Karim T.
SAL000981,CL00083,2026-05-01,Training & Onboarding,one_time,3067.77,0.0,3067.77,Won,7,Yanis F.
SAL000384,CL00037,2026-05-01,Vector Subscription,subscription,1349.92,202.49,1147.43,Won,14,Amine B.
SAL004247,CL00349,2026-05-01,Ledger Subscription,subscription,915.79,137.37,778.42,Won,32,Yanis F.
SAL000922,CL00078,2026-05-01,Ledger Subscription,subscription,555.32,0.0,555.32,Won,35,Yanis F.
SAL006027,CL00496,2026-05-01,Vector Subscription,subscription,917.65,0.0,917.65,Won,78,Amine B.
SAL001005,CL00085,2026-05-01,Vector Subscription,subscription,1041.52,0.0,1041.52,Won,84,Marie D.
SAL001573,CL00126,2026-05-02,Premium Support,subscription,681.09,0.0,681.09,Won,76,Léa M.
SAL003942,CL00333,2026-05-02,Premium Support,subscription,890.66,0.0,890.66,Won,16,Sophie L.
SAL004947,CL00405,2026-05-02,Lex Subscription,subscription,909.67,90.97,818.7,Won,74,Karim T.
SAL000696,CL00067,2026-05-02,Ledger Subscription,subscription,796.76,0.0,796.76,Won,17,Karim T.
SAL002334,CL00202,2026-05-02,Vector Subscription,subscription,1460.74,146.07,1314.67,Won,73,Karim T.
SAL005937,CL00486,2026-05-02,Training & Onboarding,one_time,1821.65,182.16,1639.49,Won,103,Léa M.
SAL005738,CL00475,2026-05-02,Custom Development,one_time,13848.43,2077.26,11771.17,Won,84,Sophie L.
SAL003130,CL00264,2026-05-02,Core Premium,subscription,4166.67,0.0,4166.67,Won,21,Yanis F.
SAL000160,CL00013,2026-05-02,Lex Subscription,subscription,691.74,0.0,691.74,Won,36,Marie D.
SAL005752,CL00476,2026-05-02,Training & Onboarding,one_time,3976.69,0.0,3976.69,Won,35,Amine B.
SAL005981,CL00490,2026-05-02,Premium Support,subscription,621.96,0.0,621.96,Won,58,Sophie L.
SAL001233,CL00107,2026-05-02,Premium Support,subscription,554.69,0.0,554.69,Won,8,Yanis F.
SAL001879,CL00157,2026-05-02,Core Premium,subscription,4863.13,486.31,4376.82,Won,36,Karim T.
SAL005587,CL00460,2026-05-03,Core Premium,subscription,4193.18,0.0,4193.18,Won,17,Amine B.
SAL002059,CL00178,2026-05-03,Custom Development,one_time,19188.06,959.4,18228.66,Won,65,Karim T.
SAL004322,CL00355,2026-05-03,Ledger Subscription,subscription,1156.92,0.0,1156.92,Won,44,Marie D.
SAL004546,CL00375,2026-05-03,Lex Subscription,subscription,1413.43,212.01,1201.42,Won,30,Sophie L.
SAL002432,CL00212,2026-05-03,Vector Subscription,subscription,1150.86,115.09,1035.77,Won,33,Amine B.
SAL003066,CL00257,2026-05-03,Premium Support,subscription,676.82,101.52,575.3,Won,51,Sophie L.
SAL003802,CL00324,2026-05-03,Premium Support,subscription,230.67,11.53,219.14,Won,67,Marie D.
SAL001479,CL00123,2026-05-03,Premium Support,subscription,594.37,59.44,534.93,Won,95,Yanis F.
SAL004424,CL00365,2026-05-03,Ledger Subscription,subscription,769.75,38.49,731.26,Won,83,Sophie L.
SAL002963,CL00253,2026-05-03,Premium Support,subscription,472.58,23.63,448.95,Won,47,Yanis F.
SAL003478,CL00294,2026-05-03,Training & Onboarding,one_time,3644.58,182.23,3462.35,Won,82,Amine B.
SAL005550,CL00456,2026-05-03,Ledger Subscription,subscription,946.98,189.4,757.58,Won,37,Marie D.
SAL000461,CL00049,2026-05-03,Lex Subscription,subscription,913.58,0.0,913.58,Won,52,Yanis F.
SAL005715,CL00471,2026-05-04,Premium Support,subscription,702.04,35.1,666.94,Won,15,Yanis F.
SAL005861,CL00481,2026-05-04,Vector Subscription,subscription,1656.03,0.0,1656.03,Won,61,Karim T.
SAL002692,CL00235,2026-05-04,Custom Development,one_time,24564.3,0.0,24564.3,Won,23,Yanis F.
SAL001323,CL00112,2026-05-04,Ledger Subscription,subscription,698.73,0.0,698.73,Won,71,Karim T.
SAL002095,CL00180,2026-05-04,Premium Support,subscription,685.38,34.27,651.11,Won,10,Yanis F.
SAL000494,CL00051,2026-05-04,Ledger Subscription,subscription,965.29,48.26,917.03,Won,25,Amine B.
SAL004796,CL00398,2026-05-04,Premium Support,subscription,357.45,0.0,357.45,Won,49,Marie D.
SAL004872,CL00401,2026-05-04,Custom Development,one_time,21214.36,2121.44,19092.92,Won,120,Amine B.
SAL003431,CL00291,2026-05-05,Core Premium,subscription,2305.82,230.58,2075.24,Won,51,Marie D.
SAL001262,CL00108,2026-05-05,Core Premium,subscription,3242.34,162.12,3080.22,Won,33,Sophie L.
SAL000151,CL00012,2026-05-05,Ledger Subscription,subscription,1122.75,112.27,1010.48,Won,89,Yanis F.
SAL005026,CL00413,2026-05-05,Core Premium,subscription,2726.1,0.0,2726.1,Won,107,Léa M.
SAL001988,CL00171,2026-05-05,Custom Development,one_time,20625.69,1031.28,19594.41,Won,80,Karim T.
SAL001576,CL00128,2026-05-05,Core Premium,subscription,3631.44,181.57,3449.87,Won,19,Léa M.
SAL003727,CL00317,2026-05-05,Core Premium,subscription,2522.2,0.0,2522.2,Won,27,Amine B.
SAL002213,CL00191,2026-05-05,Ledger Subscription,subscription,749.18,0.0,749.18,Won,30,Yanis F.
SAL002409,CL00207,2026-05-05,Vector Subscription,subscription,1525.92,76.3,1449.62,Won,45,Marie D.
SAL000766,CL00071,2026-05-05,Vector Subscription,subscription,1025.32,153.8,871.52,Won,88,Léa M.
SAL000308,CL00029,2026-05-06,Custom Development,one_time,29604.47,0.0,29604.47,Won,89,Marie D.
SAL001272,CL00108,2026-05-06,Ledger Subscription,subscription,315.03,0.0,315.03,Won,80,Sophie L.
SAL004412,CL00364,2026-05-06,Ledger Subscription,subscription,1174.33,0.0,1174.33,Won,48,Yanis F.
SAL001827,CL00151,2026-05-06,Training & Onboarding,one_time,5069.03,0.0,5069.03,Won,22,Marie D.
SAL005330,CL00438,2026-05-06,Custom Development,one_time,12534.67,1253.47,11281.2,Won,66,Karim T.
SAL004180,CL00347,2026-05-06,Training & Onboarding,one_time,2380.37,0.0,2380.37,Won,50,Karim T.
SAL000580,CL00056,2026-05-06,Vector Subscription,subscription,993.11,0.0,993.11,Won,47,Karim T.
SAL005256,CL00428,2026-05-06,Ledger Subscription,subscription,661.82,66.18,595.64,Won,22,Yanis F.
SAL004859,CL00399,2026-05-06,Training & Onboarding,one_time,3133.21,0.0,3133.21,Won,84,Léa M.
SAL002923,CL00251,2026-05-06,Lex Subscription,subscription,670.2,0.0,670.2,Won,42,Sophie L.
SAL005471,CL00450,2026-05-06,Custom Development,one_time,16122.34,2418.35,13703.99,Won,23,Sophie L.
SAL003731,CL00317,2026-05-07,Lex Subscription,subscription,1197.39,0.0,1197.39,Won,91,Amine B.
SAL004260,CL00350,2026-05-07,Core Premium,subscription,3482.08,348.21,3133.87,Won,16,Yanis F.
SAL004646,CL00384,2026-05-07,Lex Subscription,subscription,1468.05,0.0,1468.05,Won,24,Yanis F.
SAL005219,CL00425,2026-05-07,Lex Subscription,subscription,648.7,64.87,583.83,Won,101,Léa M.
SAL004243,CL00349,2026-05-07,Training & Onboarding,one_time,1808.03,0.0,1808.03,Won,20,Yanis F.
SAL000887,CL00076,2026-05-07,Custom Development,one_time,16409.86,1640.99,14768.87,Won,23,Karim T.
SAL003410,CL00288,2026-05-07,Premium Support,subscription,297.64,0.0,297.64,Won,34,Sophie L.
SAL000196,CL00017,2026-05-07,Core Premium,subscription,2613.0,130.65,2482.35,Won,28,Karim T.
SAL000456,CL00049,2026-05-07,Premium Support,subscription,397.82,19.89,377.93,Won,106,Yanis F.
SAL004591,CL00380,2026-05-07,Ledger Subscription,subscription,393.93,59.09,334.84,Won,87,Léa M.
SAL000244,CL00023,2026-05-07,Vector Subscription,subscription,2421.7,0.0,2421.7,Won,38,Léa M.
SAL003040,CL00256,2026-05-07,Custom Development,one_time,20241.99,0.0,20241.99,Won,30,Sophie L.
SAL000053,CL00006,2026-05-07,Lex Subscription,subscription,922.12,0.0,922.12,Won,7,Sophie L.
SAL003950,CL00334,2026-05-08,Ledger Subscription,subscription,382.86,0.0,382.86,Won,28,Karim T.
SAL005248,CL00427,2026-05-08,Training & Onboarding,one_time,1231.73,0.0,1231.73,Won,94,Marie D.
SAL005262,CL00430,2026-05-08,Ledger Subscription,subscription,550.83,0.0,550.83,Won,56,Marie D.
SAL003937,CL00333,2026-05-08,Ledger Subscription,subscription,438.99,43.9,395.09,Won,29,Sophie L.
SAL000972,CL00081,2026-05-08,Custom Development,one_time,32225.69,0.0,32225.69,Won,27,Léa M.
SAL003664,CL00308,2026-05-08,Custom Development,one_time,16587.8,829.39,15758.41,Won,52,Amine B.
SAL005793,CL00479,2026-05-08,Training & Onboarding,one_time,3529.9,529.48,3000.42,Won,96,Yanis F.
SAL001083,CL00091,2026-05-08,Premium Support,subscription,231.62,34.74,196.88,Won,68,Amine B.
SAL003519,CL00295,2026-05-08,Custom Development,one_time,28455.15,1422.76,27032.39,Won,29,Amine B.
SAL005581,CL00459,2026-05-08,Vector Subscription,subscription,925.67,138.85,786.82,Won,40,Yanis F.
SAL001603,CL00131,2026-05-08,Lex Subscription,subscription,1447.94,72.4,1375.54,Won,25,Marie D.
SAL000684,CL00067,2026-05-08,Vector Subscription,subscription,1651.59,0.0,1651.59,Won,78,Karim T.
SAL003777,CL00322,2026-05-08,Lex Subscription,subscription,1325.4,66.27,1259.13,Won,7,Sophie L.
SAL003156,CL00266,2026-05-08,Premium Support,subscription,251.48,25.15,226.33,Won,45,Marie D.
SAL003733,CL00317,2026-05-08,Premium Support,subscription,748.68,37.43,711.25,Won,113,Amine B.
SAL000247,CL00024,2026-05-08,Lex Subscription,subscription,1470.77,0.0,1470.77,Won,66,Karim T.
SAL002662,CL00232,2026-05-09,Ledger Subscription,subscription,762.63,0.0,762.63,Won,25,Amine B.
SAL002406,CL00206,2026-05-09,Core Premium,subscription,1970.16,0.0,1970.16,Won,32,Marie D.
SAL005944,CL00486,2026-05-09,Premium Support,subscription,370.42,0.0,370.42,Won,92,Léa M.
SAL003748,CL00320,2026-05-09,Lex Subscription,subscription,649.86,32.49,617.37,Won,87,Yanis F.
SAL004351,CL00359,2026-05-09,Core Premium,subscription,4710.12,0.0,4710.12,Won,30,Léa M.
SAL003161,CL00266,2026-05-09,Vector Subscription,subscription,1253.31,0.0,1253.31,Won,92,Marie D.
SAL000301,CL00028,2026-05-09,Training & Onboarding,one_time,2816.8,0.0,2816.8,Won,87,Sophie L.
SAL002722,CL00237,2026-05-09,Training & Onboarding,one_time,3017.97,0.0,3017.97,Won,27,Amine B.
SAL001327,CL00112,2026-05-09,Lex Subscription,subscription,727.86,0.0,727.86,Won,74,Karim T.
SAL002044,CL00177,2026-05-10,Training & Onboarding,one_time,3689.36,0.0,3689.36,Won,7,Marie D.
SAL003714,CL00316,2026-05-10,Ledger Subscription,subscription,1081.61,54.08,1027.53,Won,31,Marie D.
SAL003556,CL00298,2026-05-10,Training & Onboarding,one_time,2943.22,294.32,2648.9,Won,37,Sophie L.
SAL002017,CL00174,2026-05-10,Ledger Subscription,subscription,617.25,0.0,617.25,Won,63,Karim T.
SAL001812,CL00149,2026-05-10,Core Premium,subscription,2258.92,338.84,1920.08,Won,33,Karim T.
SAL004715,CL00389,2026-05-10,Custom Development,one_time,32737.09,0.0,32737.09,Won,72,Amine B.
SAL005571,CL00458,2026-05-10,Training & Onboarding,one_time,2346.63,117.33,2229.3,Won,35,Karim T.
SAL004577,CL00379,2026-05-10,Lex Subscription,subscription,473.38,0.0,473.38,Won,88,Yanis F.
SAL002899,CL00250,2026-05-10,Custom Development,one_time,25033.7,2503.37,22530.33,Won,60,Léa M.
SAL003917,CL00332,2026-05-10,Training & Onboarding,one_time,3343.66,501.55,2842.11,Won,24,Amine B.
SAL004562,CL00377,2026-05-10,Core Premium,subscription,3114.85,622.97,2491.88,Won,97,Léa M.
SAL001119,CL00096,2026-05-10,Custom Development,one_time,23787.84,3568.18,20219.66,Won,86,Léa M.
SAL003142,CL00265,2026-05-10,Training & Onboarding,one_time,2965.17,0.0,2965.17,Won,84,Marie D.
SAL005510,CL00454,2026-05-10,Core Premium,subscription,1854.05,0.0,1854.05,Won,29,Marie D.
SAL005750,CL00476,2026-05-10,Lex Subscription,subscription,774.15,154.83,619.32,Won,46,Amine B.
SAL002565,CL00222,2026-05-11,Core Premium,subscription,3959.22,0.0,3959.22,Won,35,Léa M.
SAL002671,CL00234,2026-05-11,Core Premium,subscription,4607.11,230.36,4376.75,Won,88,Léa M.
SAL003747,CL00320,2026-05-11,Training & Onboarding,one_time,3302.05,0.0,3302.05,Won,38,Yanis F.
SAL002954,CL00253,2026-05-11,Training & Onboarding,one_time,1326.43,132.64,1193.79,Won,40,Yanis F.
SAL000817,CL00073,2026-05-11,Training & Onboarding,one_time,1477.11,295.42,1181.69,Won,119,Yanis F.
SAL002504,CL00219,2026-05-11,Ledger Subscription,subscription,322.05,0.0,322.05,Won,21,Karim T.
SAL005834,CL00480,2026-05-11,Ledger Subscription,subscription,967.89,0.0,967.89,Won,36,Marie D.
SAL000668,CL00065,2026-05-11,Custom Development,one_time,17420.43,871.02,16549.41,Won,65,Karim T.
SAL002373,CL00205,2026-05-11,Core Premium,subscription,3592.27,0.0,3592.27,Won,17,Amine B.
SAL001296,CL00109,2026-05-11,Custom Development,one_time,10056.84,1005.68,9051.16,Won,15,Marie D.
SAL005287,CL00432,2026-05-11,Vector Subscription,subscription,877.01,0.0,877.01,Won,61,Karim T.
SAL001936,CL00167,2026-05-11,Ledger Subscription,subscription,578.4,0.0,578.4,Won,13,Yanis F.
SAL002279,CL00196,2026-05-12,Premium Support,subscription,841.88,0.0,841.88,Won,88,Yanis F.
SAL002006,CL00172,2026-05-12,Ledger Subscription,subscription,691.18,0.0,691.18,Won,51,Sophie L.
SAL004118,CL00343,2026-05-12,Custom Development,one_time,5786.43,867.96,4918.47,Won,112,Amine B.
SAL003237,CL00276,2026-05-12,Premium Support,subscription,532.98,26.65,506.33,Won,46,Amine B.
SAL004372,CL00360,2026-05-12,Lex Subscription,subscription,1318.61,263.72,1054.89,Won,12,Karim T.
SAL004517,CL00373,2026-05-12,Core Premium,subscription,1689.77,168.98,1520.79,Won,42,Léa M.
SAL002003,CL00172,2026-05-12,Custom Development,one_time,7945.57,397.28,7548.29,Won,29,Sophie L.
SAL005864,CL00481,2026-05-12,Custom Development,one_time,18847.04,0.0,18847.04,Won,12,Karim T.
SAL000447,CL00047,2026-05-12,Training & Onboarding,one_time,2136.56,213.66,1922.9,Won,8,Amine B.
SAL004326,CL00356,2026-05-12,Premium Support,subscription,873.61,0.0,873.61,Won,108,Léa M.
SAL000371,CL00034,2026-05-12,Vector Subscription,subscription,1191.75,178.76,1012.99,Won,62,Amine B.
SAL001213,CL00104,2026-05-12,Ledger Subscription,subscription,673.1,67.31,605.79,Won,81,Sophie L.
SAL004000,CL00335,2026-05-12,Lex Subscription,subscription,826.71,0.0,826.71,Won,50,Léa M.
SAL002067,CL00178,2026-05-12,Vector Subscription,subscription,1158.71,0.0,1158.71,Won,88,Karim T.
SAL005075,CL00417,2026-05-13,Vector Subscription,subscription,1589.03,0.0,1589.03,Won,53,Yanis F.
SAL001162,CL00102,2026-05-13,Ledger Subscription,subscription,1047.14,0.0,1047.14,Won,17,Amine B.
SAL000875,CL00075,2026-05-13,Lex Subscription,subscription,1122.76,0.0,1122.76,Won,76,Yanis F.
SAL000947,CL00080,2026-05-13,Core Premium,subscription,3270.23,0.0,3270.23,Won,58,Amine B.
SAL003057,CL00257,2026-05-13,Vector Subscription,subscription,1371.89,137.19,1234.7,Won,34,Sophie L.
SAL000611,CL00058,2026-05-13,Vector Subscription,subscription,530.7,53.07,477.63,Won,11,Karim T.
SAL002091,CL00180,2026-05-13,Premium Support,subscription,535.31,80.3,455.01,Won,75,Yanis F.
SAL000343,CL00031,2026-05-13,Ledger Subscription,subscription,832.71,0.0,832.71,Won,79,Marie D.
SAL001981,CL00170,2026-05-13,Vector Subscription,subscription,702.15,0.0,702.15,Won,9,Léa M.
SAL001333,CL00112,2026-05-13,Lex Subscription,subscription,965.56,0.0,965.56,Won,33,Karim T.
SAL005393,CL00443,2026-05-13,Training & Onboarding,one_time,3775.55,0.0,3775.55,Won,9,Sophie L.
SAL000356,CL00033,2026-05-13,Core Premium,subscription,1531.44,229.72,1301.72,Won,71,Karim T.
SAL003551,CL00298,2026-05-14,Training & Onboarding,one_time,2534.48,0.0,2534.48,Won,100,Sophie L.
SAL002236,CL00193,2026-05-14,Training & Onboarding,one_time,1442.16,144.22,1297.94,Won,46,Karim T.
SAL002232,CL00193,2026-05-14,Core Premium,subscription,4893.64,0.0,4893.64,Won,56,Karim T.
SAL002879,CL00245,2026-05-14,Custom Development,one_time,26224.33,0.0,26224.33,Won,64,Léa M.
SAL001588,CL00130,2026-05-14,Premium Support,subscription,341.32,68.26,273.06,Won,76,Marie D.
SAL002435,CL00212,2026-05-14,Vector Subscription,subscription,968.46,96.85,871.61,Won,41,Amine B.
SAL001048,CL00088,2026-05-14,Premium Support,subscription,335.45,0.0,335.45,Won,46,Amine B.
SAL002816,CL00241,2026-05-14,Training & Onboarding,one_time,1315.33,0.0,1315.33,Won,84,Amine B.
SAL005011,CL00410,2026-05-14,Premium Support,subscription,299.18,0.0,299.18,Won,17,Léa M.
SAL000983,CL00083,2026-05-15,Core Premium,subscription,4540.87,454.09,4086.78,Won,34,Yanis F.
SAL002160,CL00187,2026-05-15,Custom Development,one_time,11167.09,0.0,11167.09,Won,47,Karim T.
SAL000145,CL00012,2026-05-15,Core Premium,subscription,2583.4,387.51,2195.89,Won,119,Yanis F.
SAL003973,CL00335,2026-05-15,Ledger Subscription,subscription,317.15,0.0,317.15,Won,73,Léa M.
SAL002763,CL00240,2026-05-15,Ledger Subscription,subscription,415.83,0.0,415.83,Won,60,Léa M.
SAL002110,CL00181,2026-05-15,Ledger Subscription,subscription,365.67,36.57,329.1,Won,14,Sophie L.
SAL005060,CL00416,2026-05-15,Vector Subscription,subscription,1820.11,0.0,1820.11,Won,40,Marie D.
SAL000024,CL00003,2026-05-15,Custom Development,one_time,26548.28,2654.83,23893.45,Won,37,Karim T.
SAL003092,CL00260,2026-05-15,Core Premium,subscription,4557.96,227.9,4330.06,Won,86,Yanis F.
SAL000380,CL00036,2026-05-15,Training & Onboarding,one_time,2827.77,0.0,2827.77,Won,78,Marie D.
SAL002092,CL00180,2026-05-15,Training & Onboarding,one_time,3666.34,549.95,3116.39,Won,14,Yanis F.
SAL002009,CL00173,2026-05-15,Core Premium,subscription,3879.92,194.0,3685.92,Won,39,Yanis F.
SAL000061,CL00008,2026-05-15,Custom Development,one_time,12046.04,602.3,11443.74,Won,42,Karim T.
SAL005914,CL00485,2026-05-15,Lex Subscription,subscription,810.56,40.53,770.03,Won,67,Karim T.
SAL002332,CL00202,2026-05-15,Custom Development,one_time,29434.96,0.0,29434.96,Won,75,Karim T.
SAL001191,CL00103,2026-05-15,Vector Subscription,subscription,1356.0,67.8,1288.2,Won,51,Sophie L.
SAL004880,CL00401,2026-05-15,Premium Support,subscription,995.43,49.77,945.66,Won,46,Amine B.
SAL001631,CL00132,2026-05-15,Lex Subscription,subscription,1071.07,0.0,1071.07,Won,14,Karim T.
SAL000787,CL00073,2026-05-15,Ledger Subscription,subscription,461.99,23.1,438.89,Won,109,Yanis F.
SAL004991,CL00408,2026-05-15,Training & Onboarding,one_time,1994.09,299.11,1694.98,Won,43,Karim T.
SAL001104,CL00093,2026-05-15,Core Premium,subscription,4008.41,601.26,3407.15,Won,60,Karim T.
SAL003362,CL00283,2026-05-16,Ledger Subscription,subscription,657.29,0.0,657.29,Won,48,Yanis F.
SAL002796,CL00241,2026-05-16,Lex Subscription,subscription,692.55,0.0,692.55,Won,99,Amine B.
SAL000566,CL00055,2026-05-16,Premium Support,subscription,338.31,33.83,304.48,Won,56,Karim T.
SAL004744,CL00393,2026-05-16,Ledger Subscription,subscription,573.17,28.66,544.51,Won,46,Sophie L.
SAL002306,CL00200,2026-05-16,Core Premium,subscription,3050.73,0.0,3050.73,Won,33,Karim T.
SAL001282,CL00108,2026-05-16,Core Premium,subscription,2618.56,0.0,2618.56,Won,65,Sophie L.
SAL005412,CL00445,2026-05-16,Lex Subscription,subscription,843.77,84.38,759.39,Won,22,Karim T.
SAL005690,CL00469,2026-05-16,Lex Subscription,subscription,603.7,0.0,603.7,Won,73,Yanis F.
SAL000471,CL00050,2026-05-16,Core Premium,subscription,1651.26,0.0,1651.26,Won,97,Léa M.
SAL001062,CL00088,2026-05-17,Core Premium,subscription,2455.89,0.0,2455.89,Won,85,Amine B.
SAL005974,CL00489,2026-05-17,Lex Subscription,subscription,784.5,117.67,666.83,Won,52,Marie D.
SAL002443,CL00213,2026-05-17,Ledger Subscription,subscription,732.46,0.0,732.46,Won,84,Sophie L.
SAL002636,CL00227,2026-05-17,Core Premium,subscription,2611.62,0.0,2611.62,Won,85,Léa M.
SAL003363,CL00283,2026-05-17,Premium Support,subscription,438.33,0.0,438.33,Won,52,Yanis F.
SAL003676,CL00311,2026-05-17,Premium Support,subscription,809.03,0.0,809.03,Won,39,Yanis F.
SAL002881,CL00246,2026-05-17,Custom Development,one_time,17922.87,1792.29,16130.58,Won,117,Léa M.
SAL000251,CL00026,2026-05-17,Core Premium,subscription,4383.88,0.0,4383.88,Won,57,Marie D.
SAL003947,CL00334,2026-05-17,Training & Onboarding,one_time,3799.52,189.98,3609.54,Won,60,Karim T.
SAL001252,CL00107,2026-05-17,Lex Subscription,subscription,1464.37,146.44,1317.93,Won,61,Yanis F.
SAL004999,CL00409,2026-05-18,Vector Subscription,subscription,2544.63,127.23,2417.4,Won,27,Marie D.
SAL000700,CL00068,2026-05-18,Custom Development,one_time,16579.65,1657.96,14921.69,Won,36,Marie D.
SAL002463,CL00214,2026-05-18,Vector Subscription,subscription,1834.65,183.46,1651.19,Won,56,Amine B.
SAL000462,CL00049,2026-05-18,Ledger Subscription,subscription,473.59,0.0,473.59,Won,42,Yanis F.
SAL001756,CL00144,2026-05-18,Custom Development,one_time,13433.77,2686.75,10747.02,Won,28,Léa M.
SAL003997,CL00335,2026-05-18,Vector Subscription,subscription,1038.32,51.92,986.4,Won,75,Léa M.
SAL000888,CL00076,2026-05-18,Lex Subscription,subscription,1272.36,63.62,1208.74,Won,27,Karim T.
SAL000385,CL00037,2026-05-18,Ledger Subscription,subscription,567.59,0.0,567.59,Won,64,Amine B.
SAL004650,CL00384,2026-05-18,Premium Support,subscription,491.08,49.11,441.97,Won,42,Yanis F.
SAL005425,CL00447,2026-05-18,Training & Onboarding,one_time,1332.25,66.61,1265.64,Won,64,Sophie L.
SAL004693,CL00387,2026-05-18,Training & Onboarding,one_time,3920.82,196.04,3724.78,Won,61,Amine B.
SAL005588,CL00460,2026-05-18,Custom Development,one_time,27512.32,0.0,27512.32,Won,74,Amine B.
SAL002831,CL00241,2026-05-18,Custom Development,one_time,6563.03,656.3,5906.73,Won,114,Amine B.
SAL000612,CL00058,2026-05-18,Ledger Subscription,subscription,1069.03,0.0,1069.03,Won,83,Karim T.
SAL004466,CL00370,2026-05-19,Custom Development,one_time,12167.84,608.39,11559.45,Won,19,Sophie L.
SAL003722,CL00317,2026-05-19,Premium Support,subscription,313.76,0.0,313.76,Won,110,Amine B.
SAL000813,CL00073,2026-05-19,Core Premium,subscription,3413.04,0.0,3413.04,Won,57,Yanis F.
SAL000627,CL00059,2026-05-19,Training & Onboarding,one_time,1009.89,0.0,1009.89,Won,7,Karim T.
SAL005106,CL00419,2026-05-19,Lex Subscription,subscription,674.33,0.0,674.33,Won,35,Sophie L.
SAL003201,CL00273,2026-05-19,Training & Onboarding,one_time,3948.86,0.0,3948.86,Won,60,Marie D.
SAL000417,CL00043,2026-05-19,Custom Development,one_time,28907.79,1445.39,27462.4,Won,67,Marie D.
SAL003258,CL00277,2026-05-19,Premium Support,subscription,638.23,63.82,574.41,Won,63,Léa M.
SAL000243,CL00023,2026-05-19,Core Premium,subscription,4571.0,228.55,4342.45,Won,25,Léa M.
SAL002995,CL00255,2026-05-19,Ledger Subscription,subscription,1189.69,0.0,1189.69,Won,109,Marie D.
SAL003769,CL00321,2026-05-19,Training & Onboarding,one_time,1916.06,95.8,1820.26,Won,89,Karim T.
SAL000255,CL00027,2026-05-20,Core Premium,subscription,3023.02,453.45,2569.57,Won,88,Amine B.
SAL003543,CL00297,2026-05-20,Core Premium,subscription,3660.65,0.0,3660.65,Won,76,Sophie L.
SAL001400,CL00119,2026-05-20,Core Premium,subscription,3369.03,168.45,3200.58,Won,53,Karim T.
SAL003219,CL00275,2026-05-20,Training & Onboarding,one_time,1518.37,0.0,1518.37,Won,78,Amine B.
SAL001926,CL00166,2026-05-20,Core Premium,subscription,4996.14,499.61,4496.53,Won,75,Léa M.
SAL004175,CL00347,2026-05-20,Custom Development,one_time,10818.08,540.9,10277.18,Won,88,Karim T.
SAL005508,CL00453,2026-05-20,Ledger Subscription,subscription,908.78,0.0,908.78,Won,14,Léa M.
SAL004617,CL00381,2026-05-20,Custom Development,one_time,5432.76,0.0,5432.76,Won,114,Karim T.
SAL005788,CL00479,2026-05-20,Core Premium,subscription,3923.46,392.35,3531.11,Won,106,Yanis F.
SAL002130,CL00183,2026-05-20,Ledger Subscription,subscription,813.5,0.0,813.5,Won,22,Marie D.
SAL002382,CL00205,2026-05-20,Premium Support,subscription,725.82,72.58,653.24,Won,49,Amine B.
SAL005728,CL00472,2026-05-20,Core Premium,subscription,2592.18,129.61,2462.57,Won,11,Léa M.
SAL002037,CL00176,2026-05-20,Training & Onboarding,one_time,2383.52,119.18,2264.34,Won,18,Yanis F.
SAL004119,CL00343,2026-05-20,Training & Onboarding,one_time,1009.62,0.0,1009.62,Won,68,Amine B.
SAL003197,CL00272,2026-05-20,Vector Subscription,subscription,1053.62,0.0,1053.62,Won,54,Yanis F.
SAL005318,CL00437,2026-05-21,Custom Development,one_time,10925.21,0.0,10925.21,Won,117,Léa M.
SAL001442,CL00121,2026-05-21,Training & Onboarding,one_time,1134.41,0.0,1134.41,Won,22,Amine B.
SAL005433,CL00447,2026-05-21,Core Premium,subscription,4410.99,441.1,3969.89,Won,60,Sophie L.
SAL003911,CL00331,2026-05-21,Ledger Subscription,subscription,1068.2,53.41,1014.79,Won,69,Léa M.
SAL004324,CL00355,2026-05-21,Core Premium,subscription,2349.74,0.0,2349.74,Won,109,Marie D.
SAL001767,CL00146,2026-05-21,Ledger Subscription,subscription,743.19,37.16,706.03,Won,48,Marie D.
SAL005589,CL00461,2026-05-21,Vector Subscription,subscription,600.86,0.0,600.86,Won,21,Marie D.
SAL005856,CL00481,2026-05-21,Custom Development,one_time,15813.38,1581.34,14232.04,Won,11,Karim T.
SAL003412,CL00288,2026-05-21,Core Premium,subscription,5872.45,880.87,4991.58,Won,90,Sophie L.
SAL005843,CL00480,2026-05-22,Ledger Subscription,subscription,420.15,21.01,399.14,Won,23,Marie D.
SAL005682,CL00468,2026-05-22,Ledger Subscription,subscription,335.06,0.0,335.06,Won,88,Yanis F.
SAL005959,CL00488,2026-05-22,Training & Onboarding,one_time,3820.52,0.0,3820.52,Won,91,Karim T.
SAL003162,CL00266,2026-05-22,Training & Onboarding,one_time,1544.04,0.0,1544.04,Won,103,Marie D.
SAL002375,CL00205,2026-05-22,Lex Subscription,subscription,1688.45,168.84,1519.61,Won,43,Amine B.
SAL003163,CL00266,2026-05-22,Custom Development,one_time,15590.2,0.0,15590.2,Won,33,Marie D.
SAL002043,CL00177,2026-05-22,Custom Development,one_time,26321.01,3948.15,22372.86,Won,27,Marie D.
SAL001027,CL00086,2026-05-22,Custom Development,one_time,8011.76,0.0,8011.76,Won,22,Marie D.
SAL004136,CL00345,2026-05-22,Lex Subscription,subscription,1167.95,175.19,992.76,Won,29,Yanis F.
SAL000383,CL00036,2026-05-23,Lex Subscription,subscription,1288.52,0.0,1288.52,Won,74,Marie D.
SAL003673,CL00310,2026-05-23,Vector Subscription,subscription,761.05,76.11,684.94,Won,75,Sophie L.
SAL000042,CL00005,2026-05-23,Custom Development,one_time,28911.53,5782.31,23129.22,Won,95,Léa M.
SAL003407,CL00288,2026-05-23,Vector Subscription,subscription,1623.11,0.0,1623.11,Won,24,Sophie L.
SAL004647,CL00384,2026-05-23,Ledger Subscription,subscription,442.85,0.0,442.85,Won,64,Yanis F.
SAL002895,CL00248,2026-05-23,Lex Subscription,subscription,816.92,81.69,735.23,Won,76,Sophie L.
SAL003725,CL00317,2026-05-23,Premium Support,subscription,285.91,0.0,285.91,Won,82,Amine B.
SAL000833,CL00074,2026-05-24,Ledger Subscription,subscription,477.28,23.86,453.42,Won,17,Léa M.
SAL005919,CL00485,2026-05-24,Core Premium,subscription,3449.59,172.48,3277.11,Won,18,Karim T.
SAL001527,CL00124,2026-05-24,Ledger Subscription,subscription,579.44,0.0,579.44,Won,60,Sophie L.
SAL000649,CL00061,2026-05-24,Vector Subscription,subscription,1846.5,369.3,1477.2,Won,71,Sophie L.
SAL001339,CL00115,2026-05-24,Lex Subscription,subscription,976.58,0.0,976.58,Won,47,Sophie L.
SAL003186,CL00271,2026-05-24,Ledger Subscription,subscription,947.42,142.11,805.31,Won,71,Yanis F.
SAL003570,CL00299,2026-05-24,Premium Support,subscription,712.92,71.29,641.63,Won,81,Amine B.
SAL003405,CL00287,2026-05-24,Ledger Subscription,subscription,1045.15,0.0,1045.15,Won,26,Karim T.
SAL001789,CL00148,2026-05-24,Training & Onboarding,one_time,1828.98,182.9,1646.08,Won,58,Marie D.
SAL005400,CL00444,2026-05-24,Ledger Subscription,subscription,318.95,15.95,303.0,Won,36,Léa M.
SAL002503,CL00219,2026-05-24,Ledger Subscription,subscription,1174.4,117.44,1056.96,Won,51,Karim T.
SAL005244,CL00427,2026-05-24,Core Premium,subscription,2197.93,0.0,2197.93,Won,88,Marie D.
SAL004755,CL00395,2026-05-24,Core Premium,subscription,1919.17,191.92,1727.25,Won,60,Karim T.
SAL004580,CL00379,2026-05-25,Premium Support,subscription,605.71,0.0,605.71,Won,51,Yanis F.
SAL004963,CL00407,2026-05-25,Lex Subscription,subscription,1078.73,0.0,1078.73,Won,36,Karim T.
SAL005353,CL00439,2026-05-25,Lex Subscription,subscription,995.21,149.28,845.93,Won,62,Sophie L.
SAL000224,CL00020,2026-05-25,Training & Onboarding,one_time,3136.6,470.49,2666.11,Won,47,Sophie L.
SAL005098,CL00418,2026-05-25,Lex Subscription,subscription,1473.83,0.0,1473.83,Won,82,Léa M.
SAL004743,CL00393,2026-05-26,Training & Onboarding,one_time,3111.0,0.0,3111.0,Won,82,Sophie L.
SAL001210,CL00104,2026-05-26,Vector Subscription,subscription,1748.9,0.0,1748.9,Won,34,Sophie L.
SAL002301,CL00200,2026-05-26,Training & Onboarding,one_time,2584.56,129.23,2455.33,Won,39,Karim T.
SAL002725,CL00237,2026-05-26,Core Premium,subscription,2952.88,0.0,2952.88,Won,28,Amine B.
SAL004273,CL00354,2026-05-26,Training & Onboarding,one_time,3293.62,164.68,3128.94,Won,70,Léa M.
SAL003811,CL00325,2026-05-26,Core Premium,subscription,3580.94,358.09,3222.85,Won,50,Marie D.
SAL003218,CL00275,2026-05-26,Premium Support,subscription,217.39,0.0,217.39,Won,51,Amine B.
SAL003000,CL00255,2026-05-26,Training & Onboarding,one_time,1826.91,0.0,1826.91,Won,90,Marie D.
SAL002585,CL00223,2026-05-26,Training & Onboarding,one_time,4954.55,0.0,4954.55,Won,69,Karim T.
SAL001962,CL00169,2026-05-26,Vector Subscription,subscription,1833.61,91.68,1741.93,Won,46,Amine B.
SAL001493,CL00123,2026-05-26,Custom Development,one_time,27936.48,0.0,27936.48,Won,43,Yanis F.
SAL003554,CL00298,2026-05-27,Core Premium,subscription,4522.94,0.0,4522.94,Won,100,Sophie L.
SAL003212,CL00274,2026-05-27,Vector Subscription,subscription,1130.82,56.54,1074.28,Won,20,Marie D.
SAL001990,CL00171,2026-05-27,Premium Support,subscription,294.55,44.18,250.37,Won,71,Karim T.
SAL000413,CL00043,2026-05-27,Training & Onboarding,one_time,2448.03,0.0,2448.03,Won,56,Marie D.
SAL002776,CL00241,2026-05-27,Vector Subscription,subscription,1431.48,214.72,1216.76,Won,114,Amine B.
SAL005144,CL00422,2026-05-27,Vector Subscription,subscription,1679.56,83.98,1595.58,Won,47,Sophie L.
SAL000928,CL00079,2026-05-27,Core Premium,subscription,3491.08,0.0,3491.08,Won,79,Yanis F.
SAL005676,CL00467,2026-05-27,Training & Onboarding,one_time,1680.01,0.0,1680.01,Won,68,Marie D.
SAL005192,CL00424,2026-05-27,Vector Subscription,subscription,1164.29,116.43,1047.86,Won,17,Karim T.
SAL002211,CL00191,2026-05-27,Premium Support,subscription,354.34,0.0,354.34,Won,102,Yanis F.
SAL002817,CL00241,2026-05-27,Lex Subscription,subscription,1310.34,65.52,1244.82,Won,32,Amine B.
SAL001338,CL00113,2026-05-27,Vector Subscription,subscription,1082.28,0.0,1082.28,Won,55,Marie D.
SAL002093,CL00180,2026-05-27,Training & Onboarding,one_time,1013.4,0.0,1013.4,Won,76,Yanis F.
SAL004228,CL00348,2026-05-28,Training & Onboarding,one_time,3889.54,583.43,3306.11,Won,79,Léa M.
SAL004447,CL00366,2026-05-28,Vector Subscription,subscription,1649.6,247.44,1402.16,Won,83,Sophie L.
SAL001011,CL00085,2026-05-28,Training & Onboarding,one_time,2348.52,0.0,2348.52,Won,44,Marie D.
SAL001554,CL00125,2026-05-28,Training & Onboarding,one_time,3938.04,196.9,3741.14,Won,105,Amine B.
SAL002630,CL00226,2026-05-28,Premium Support,subscription,204.89,20.49,184.4,Won,74,Yanis F.
SAL004648,CL00384,2026-05-28,Custom Development,one_time,23126.01,0.0,23126.01,Won,17,Yanis F.
SAL002286,CL00199,2026-05-28,Core Premium,subscription,2742.95,0.0,2742.95,Won,42,Yanis F.
SAL002159,CL00187,2026-05-28,Custom Development,one_time,19337.88,2900.68,16437.2,Won,41,Karim T.
SAL005064,CL00417,2026-05-28,Custom Development,one_time,25358.44,0.0,25358.44,Won,67,Yanis F.
SAL003522,CL00295,2026-05-28,Premium Support,subscription,728.8,0.0,728.8,Won,63,Amine B.
SAL005994,CL00491,2026-05-28,Core Premium,subscription,3785.95,0.0,3785.95,Won,11,Amine B.
SAL000858,CL00075,2026-05-28,Core Premium,subscription,2762.07,276.21,2485.86,Won,25,Yanis F.
SAL003833,CL00328,2026-05-28,Custom Development,one_time,16439.33,2465.9,13973.43,Won,57,Yanis F.
SAL002726,CL00237,2026-05-28,Custom Development,one_time,10496.88,0.0,10496.88,Won,73,Amine B.
SAL000381,CL00036,2026-05-28,Ledger Subscription,subscription,303.94,0.0,303.94,Won,32,Marie D.
SAL002907,CL00250,2026-05-28,Custom Development,one_time,30480.0,0.0,30480.0,Won,50,Léa M.
SAL000370,CL00034,2026-05-28,Custom Development,one_time,10390.3,0.0,10390.3,Won,30,Amine B.
SAL000052,CL00006,2026-05-28,Premium Support,subscription,618.02,61.8,556.22,Won,52,Sophie L.
SAL000055,CL00008,2026-05-28,Training & Onboarding,one_time,2382.87,119.14,2263.73,Won,109,Karim T.
SAL002156,CL00186,2026-05-29,Core Premium,subscription,1529.36,0.0,1529.36,Won,78,Amine B.
SAL002225,CL00193,2026-05-29,Core Premium,subscription,4800.82,0.0,4800.82,Won,101,Karim T.
SAL000204,CL00018,2026-05-29,Premium Support,subscription,263.27,0.0,263.27,Won,81,Sophie L.
SAL005257,CL00429,2026-05-29,Custom Development,one_time,20667.3,0.0,20667.3,Won,90,Amine B.
SAL000284,CL00027,2026-05-29,Training & Onboarding,one_time,1831.35,274.7,1556.65,Won,31,Amine B.
SAL000065,CL00008,2026-05-29,Custom Development,one_time,6206.95,0.0,6206.95,Won,68,Karim T.
SAL005917,CL00485,2026-05-29,Core Premium,subscription,2387.26,358.09,2029.17,Won,87,Karim T.
SAL004179,CL00347,2026-05-29,Vector Subscription,subscription,1830.37,91.52,1738.85,Won,91,Karim T.
SAL005706,CL00470,2026-05-30,Custom Development,one_time,16680.57,2502.08,14178.49,Won,15,Marie D.
SAL003662,CL00308,2026-05-30,Core Premium,subscription,2843.65,142.18,2701.47,Won,16,Amine B.
SAL000101,CL00011,2026-05-30,Core Premium,subscription,4137.2,413.72,3723.48,Won,12,Karim T.
SAL001133,CL00099,2026-05-30,Premium Support,subscription,313.16,0.0,313.16,Won,71,Yanis F.
SAL005375,CL00441,2026-05-30,Training & Onboarding,one_time,3012.22,0.0,3012.22,Won,47,Sophie L.
SAL001891,CL00161,2026-05-30,Custom Development,one_time,10228.51,0.0,10228.51,Won,20,Sophie L.
SAL001987,CL00171,2026-05-30,Lex Subscription,subscription,1258.38,62.92,1195.46,Won,80,Karim T.
SAL001437,CL00121,2026-05-30,Custom Development,one_time,23017.5,3452.63,19564.87,Won,46,Amine B.
SAL002039,CL00176,2026-05-30,Vector Subscription,subscription,777.33,0.0,777.33,Won,63,Yanis F.
SAL003924,CL00332,2026-05-30,Lex Subscription,subscription,637.6,0.0,637.6,Won,79,Amine B.
SAL003008,CL00255,2026-05-30,Core Premium,subscription,2228.0,222.8,2005.2,Won,57,Marie D.
SAL003004,CL00255,2026-05-30,Custom Development,one_time,24284.3,0.0,24284.3,Won,101,Marie D.
SAL002251,CL00193,2026-05-30,Training & Onboarding,one_time,3543.14,0.0,3543.14,Won,86,Karim T.
SAL003610,CL00302,2026-05-30,Core Premium,subscription,2707.07,0.0,2707.07,Won,64,Karim T.
SAL000603,CL00057,2026-05-30,Lex Subscription,subscription,411.03,0.0,411.03,Won,38,Marie D.
